Command line invocation:
    /Applications/Xcode_26.6.app/Contents/Developer/usr/bin/xcodebuild archive -project Familienplaner.xcodeproj -scheme Familienplaner -configuration Release -destination generic/platform=iOS -archivePath /Users/runner/work/_temp/Familienplaner.xcarchive CODE_SIGN_STYLE=Manual CODE_SIGN_IDENTITY=- PROVISIONING_PROFILE_SPECIFIER= AD_HOC_CODE_SIGNING_ALLOWED=YES CURRENT_PROJECT_VERSION=94

Build settings from command line:
    AD_HOC_CODE_SIGNING_ALLOWED = YES
    CODE_SIGN_IDENTITY = -
    CODE_SIGN_STYLE = Manual
    CURRENT_PROJECT_VERSION = 94
    PROVISIONING_PROFILE_SPECIFIER = 

note: Using codesigning identity override: -
ComputePackagePrebuildTargetDependencyGraph

Prepare packages

CreateBuildRequest

SendProjectDescription

CreateBuildOperation

ComputeTargetDependencyGraph
note: Building targets in dependency order
note: Target dependency graph (3 targets)
    Target 'Familienplaner' in project 'Familienplaner'
        ➜ Explicit dependency on target 'FamilienplanerWidgets' in project 'Familienplaner'
        ➜ Explicit dependency on target 'FamilienplanerShare' in project 'Familienplaner'
    Target 'FamilienplanerShare' in project 'Familienplaner' (no dependencies)
    Target 'FamilienplanerWidgets' in project 'Familienplaner' (no dependencies)

GatherProvisioningInputs

CreateBuildDescription

ExecuteExternalTool /Applications/Xcode_26.6.app/Contents/Developer/Toolchains/XcodeDefault.xctoolchain/usr/bin/swiftc --version

ExecuteExternalTool /Applications/Xcode_26.6.app/Contents/Developer/Toolchains/XcodeDefault.xctoolchain/usr/bin/clang -v -E -dM -isysroot /Applications/Xcode_26.6.app/Contents/Developer/Platforms/iPhoneOS.platform/Developer/SDKs/iPhoneOS26.5.sdk -x c -c /dev/null

ExecuteExternalTool /Applications/Xcode_26.6.app/Contents/Developer/usr/bin/momc --dry-run --action generate --swift-version 5.0 --sdkroot /Applications/Xcode_26.6.app/Contents/Developer/Platforms/iPhoneOS.platform/Developer/SDKs/iPhoneOS26.5.sdk --iphoneos-deployment-target 26.0 --module Familienplaner /Users/runner/work/familienplaner/familienplaner/Sources/Persistence/Familienplaner.xcdatamodeld /Users/runner/Library/Developer/Xcode/DerivedData/Familienplaner-dmcrrzfthkjbwogvslwbznxtcpok/Build/Intermediates.noindex/ArchiveIntermediates/Familienplaner/IntermediateBuildFilesPath/Familienplaner.build/Release-iphoneos/Familienplaner.build/DerivedSources/CoreDataGenerated/Familienplaner

ExecuteExternalTool /Applications/Xcode_26.6.app/Contents/Developer/usr/bin/actool --print-asset-tag-combinations --output-format xml1 /Users/runner/work/familienplaner/familienplaner/Assets/Assets.xcassets

ExecuteExternalTool /Applications/Xcode_26.6.app/Contents/Developer/Toolchains/XcodeDefault.xctoolchain/usr/bin/ld -version_details

ExecuteExternalTool /Applications/Xcode_26.6.app/Contents/Developer/usr/bin/actool --version --output-format xml1

Build description signature: 9400e4dd1fb20801ecf320747baca0bd
Build description path: /Users/runner/Library/Developer/Xcode/DerivedData/Familienplaner-dmcrrzfthkjbwogvslwbznxtcpok/Build/Intermediates.noindex/ArchiveIntermediates/Familienplaner/IntermediateBuildFilesPath/XCBuildData/9400e4dd1fb20801ecf320747baca0bd.xcbuilddata
CreateBuildDirectory /Users/runner/Library/Developer/Xcode/DerivedData/Familienplaner-dmcrrzfthkjbwogvslwbznxtcpok/Build/Intermediates.noindex/ArchiveIntermediates/Familienplaner/InstallationBuildProductsLocation
    cd /Users/runner/work/familienplaner/familienplaner/Familienplaner.xcodeproj
    builtin-create-build-directory /Users/runner/Library/Developer/Xcode/DerivedData/Familienplaner-dmcrrzfthkjbwogvslwbznxtcpok/Build/Intermediates.noindex/ArchiveIntermediates/Familienplaner/InstallationBuildProductsLocation

ClangStatCache /Applications/Xcode_26.6.app/Contents/Developer/Toolchains/XcodeDefault.xctoolchain/usr/bin/clang-stat-cache /Applications/Xcode_26.6.app/Contents/Developer/Platforms/iPhoneOS.platform/Developer/SDKs/iPhoneOS26.5.sdk /Users/runner/Library/Developer/Xcode/DerivedData/SDKStatCaches.noindex/iphoneos26.5-23F81a-688ef53f1462e2c8f657fdc38a81448fee66e23052a0157c865c76b268046726.sdkstatcache
    cd /Users/runner/work/familienplaner/familienplaner/Familienplaner.xcodeproj
    /Applications/Xcode_26.6.app/Contents/Developer/Toolchains/XcodeDefault.xctoolchain/usr/bin/clang-stat-cache /Applications/Xcode_26.6.app/Contents/Developer/Platforms/iPhoneOS.platform/Developer/SDKs/iPhoneOS26.5.sdk -o /Users/runner/Library/Developer/Xcode/DerivedData/SDKStatCaches.noindex/iphoneos26.5-23F81a-688ef53f1462e2c8f657fdc38a81448fee66e23052a0157c865c76b268046726.sdkstatcache

CreateBuildDirectory /Users/runner/Library/Developer/Xcode/DerivedData/Familienplaner-dmcrrzfthkjbwogvslwbznxtcpok/Build/Intermediates.noindex/ArchiveIntermediates/Familienplaner/IntermediateBuildFilesPath
    cd /Users/runner/work/familienplaner/familienplaner/Familienplaner.xcodeproj
    builtin-create-build-directory /Users/runner/Library/Developer/Xcode/DerivedData/Familienplaner-dmcrrzfthkjbwogvslwbznxtcpok/Build/Intermediates.noindex/ArchiveIntermediates/Familienplaner/IntermediateBuildFilesPath

CreateBuildDirectory /Users/runner/Library/Developer/Xcode/DerivedData/Familienplaner-dmcrrzfthkjbwogvslwbznxtcpok/Build/Intermediates.noindex/ArchiveIntermediates/Familienplaner/BuildProductsPath
    cd /Users/runner/work/familienplaner/familienplaner/Familienplaner.xcodeproj
    builtin-create-build-directory /Users/runner/Library/Developer/Xcode/DerivedData/Familienplaner-dmcrrzfthkjbwogvslwbznxtcpok/Build/Intermediates.noindex/ArchiveIntermediates/Familienplaner/BuildProductsPath

WriteAuxiliaryFile /Users/runner/Library/Developer/Xcode/DerivedData/Familienplaner-dmcrrzfthkjbwogvslwbznxtcpok/Build/Intermediates.noindex/ArchiveIntermediates/Familienplaner/IntermediateBuildFilesPath/Familienplaner.build/Release-iphoneos/Familienplaner-b8fda7acccebca4cd45f8325569eae6f-VFS-iphoneos/all-product-headers.yaml
    cd /Users/runner/work/familienplaner/familienplaner/Familienplaner.xcodeproj
    write-file /Users/runner/Library/Developer/Xcode/DerivedData/Familienplaner-dmcrrzfthkjbwogvslwbznxtcpok/Build/Intermediates.noindex/ArchiveIntermediates/Familienplaner/IntermediateBuildFilesPath/Familienplaner.build/Release-iphoneos/Familienplaner-b8fda7acccebca4cd45f8325569eae6f-VFS-iphoneos/all-product-headers.yaml

CreateBuildDirectory /Users/runner/Library/Developer/Xcode/DerivedData/Familienplaner-dmcrrzfthkjbwogvslwbznxtcpok/Build/Intermediates.noindex/ArchiveIntermediates/Familienplaner/IntermediateBuildFilesPath/SwiftExplicitPrecompiledModules
    cd /Users/runner/work/familienplaner/familienplaner/Familienplaner.xcodeproj
    builtin-create-build-directory /Users/runner/Library/Developer/Xcode/DerivedData/Familienplaner-dmcrrzfthkjbwogvslwbznxtcpok/Build/Intermediates.noindex/ArchiveIntermediates/Familienplaner/IntermediateBuildFilesPath/SwiftExplicitPrecompiledModules

CreateBuildDirectory /Users/runner/Library/Developer/Xcode/DerivedData/Familienplaner-dmcrrzfthkjbwogvslwbznxtcpok/Build/Intermediates.noindex/ArchiveIntermediates/Familienplaner/IntermediateBuildFilesPath/ExplicitPrecompiledModules
    cd /Users/runner/work/familienplaner/familienplaner/Familienplaner.xcodeproj
    builtin-create-build-directory /Users/runner/Library/Developer/Xcode/DerivedData/Familienplaner-dmcrrzfthkjbwogvslwbznxtcpok/Build/Intermediates.noindex/ArchiveIntermediates/Familienplaner/IntermediateBuildFilesPath/ExplicitPrecompiledModules

CreateBuildDirectory /Users/runner/Library/Developer/Xcode/DerivedData/Familienplaner-dmcrrzfthkjbwogvslwbznxtcpok/Build/Intermediates.noindex/ArchiveIntermediates/Familienplaner/IntermediateBuildFilesPath/EagerLinkingTBDs/Release-iphoneos
    cd /Users/runner/work/familienplaner/familienplaner/Familienplaner.xcodeproj
    builtin-create-build-directory /Users/runner/Library/Developer/Xcode/DerivedData/Familienplaner-dmcrrzfthkjbwogvslwbznxtcpok/Build/Intermediates.noindex/ArchiveIntermediates/Familienplaner/IntermediateBuildFilesPath/EagerLinkingTBDs/Release-iphoneos

CreateBuildDirectory /Users/runner/Library/Developer/Xcode/DerivedData/Familienplaner-dmcrrzfthkjbwogvslwbznxtcpok/Build/Intermediates.noindex/ArchiveIntermediates/Familienplaner/BuildProductsPath/Release-iphoneos
    cd /Users/runner/work/familienplaner/familienplaner/Familienplaner.xcodeproj
    builtin-create-build-directory /Users/runner/Library/Developer/Xcode/DerivedData/Familienplaner-dmcrrzfthkjbwogvslwbznxtcpok/Build/Intermediates.noindex/ArchiveIntermediates/Familienplaner/BuildProductsPath/Release-iphoneos

WriteAuxiliaryFile /Users/runner/Library/Developer/Xcode/DerivedData/Familienplaner-dmcrrzfthkjbwogvslwbznxtcpok/Build/Intermediates.noindex/ArchiveIntermediates/Familienplaner/IntermediateBuildFilesPath/Familienplaner.build/Release-iphoneos/FamilienplanerWidgets.build/Objects-normal/arm64/FamilienplanerWidgets_const_extract_protocols.json (in target 'FamilienplanerWidgets' from project 'Familienplaner')
    cd /Users/runner/work/familienplaner/familienplaner
    write-file /Users/runner/Library/Developer/Xcode/DerivedData/Familienplaner-dmcrrzfthkjbwogvslwbznxtcpok/Build/Intermediates.noindex/ArchiveIntermediates/Familienplaner/IntermediateBuildFilesPath/Familienplaner.build/Release-iphoneos/FamilienplanerWidgets.build/Objects-normal/arm64/FamilienplanerWidgets_const_extract_protocols.json

WriteAuxiliaryFile /Users/runner/Library/Developer/Xcode/DerivedData/Familienplaner-dmcrrzfthkjbwogvslwbznxtcpok/Build/Intermediates.noindex/ArchiveIntermediates/Familienplaner/IntermediateBuildFilesPath/Familienplaner.build/Release-iphoneos/FamilienplanerWidgets.build/Objects-normal/arm64/FamilienplanerWidgets.SwiftFileList (in target 'FamilienplanerWidgets' from project 'Familienplaner')
    cd /Users/runner/work/familienplaner/familienplaner
    write-file /Users/runner/Library/Developer/Xcode/DerivedData/Familienplaner-dmcrrzfthkjbwogvslwbznxtcpok/Build/Intermediates.noindex/ArchiveIntermediates/Familienplaner/IntermediateBuildFilesPath/Familienplaner.build/Release-iphoneos/FamilienplanerWidgets.build/Objects-normal/arm64/FamilienplanerWidgets.SwiftFileList

WriteAuxiliaryFile /Users/runner/Library/Developer/Xcode/DerivedData/Familienplaner-dmcrrzfthkjbwogvslwbznxtcpok/Build/Intermediates.noindex/ArchiveIntermediates/Familienplaner/IntermediateBuildFilesPath/Familienplaner.build/Release-iphoneos/FamilienplanerWidgets.build/Objects-normal/arm64/FamilienplanerWidgets.SwiftConstValuesFileList (in target 'FamilienplanerWidgets' from project 'Familienplaner')
    cd /Users/runner/work/familienplaner/familienplaner
    write-file /Users/runner/Library/Developer/Xcode/DerivedData/Familienplaner-dmcrrzfthkjbwogvslwbznxtcpok/Build/Intermediates.noindex/ArchiveIntermediates/Familienplaner/IntermediateBuildFilesPath/Familienplaner.build/Release-iphoneos/FamilienplanerWidgets.build/Objects-normal/arm64/FamilienplanerWidgets.SwiftConstValuesFileList

WriteAuxiliaryFile /Users/runner/Library/Developer/Xcode/DerivedData/Familienplaner-dmcrrzfthkjbwogvslwbznxtcpok/Build/Intermediates.noindex/ArchiveIntermediates/Familienplaner/IntermediateBuildFilesPath/Familienplaner.build/Release-iphoneos/FamilienplanerWidgets.build/Objects-normal/arm64/FamilienplanerWidgets.LinkFileList (in target 'FamilienplanerWidgets' from project 'Familienplaner')
    cd /Users/runner/work/familienplaner/familienplaner
    write-file /Users/runner/Library/Developer/Xcode/DerivedData/Familienplaner-dmcrrzfthkjbwogvslwbznxtcpok/Build/Intermediates.noindex/ArchiveIntermediates/Familienplaner/IntermediateBuildFilesPath/Familienplaner.build/Release-iphoneos/FamilienplanerWidgets.build/Objects-normal/arm64/FamilienplanerWidgets.LinkFileList

WriteAuxiliaryFile /Users/runner/Library/Developer/Xcode/DerivedData/Familienplaner-dmcrrzfthkjbwogvslwbznxtcpok/Build/Intermediates.noindex/ArchiveIntermediates/Familienplaner/IntermediateBuildFilesPath/Familienplaner.build/Release-iphoneos/FamilienplanerWidgets.build/Objects-normal/arm64/FamilienplanerWidgets-OutputFileMap.json (in target 'FamilienplanerWidgets' from project 'Familienplaner')
    cd /Users/runner/work/familienplaner/familienplaner
    write-file /Users/runner/Library/Developer/Xcode/DerivedData/Familienplaner-dmcrrzfthkjbwogvslwbznxtcpok/Build/Intermediates.noindex/ArchiveIntermediates/Familienplaner/IntermediateBuildFilesPath/Familienplaner.build/Release-iphoneos/FamilienplanerWidgets.build/Objects-normal/arm64/FamilienplanerWidgets-OutputFileMap.json

WriteAuxiliaryFile /Users/runner/Library/Developer/Xcode/DerivedData/Familienplaner-dmcrrzfthkjbwogvslwbznxtcpok/Build/Intermediates.noindex/ArchiveIntermediates/Familienplaner/IntermediateBuildFilesPath/Familienplaner.build/Release-iphoneos/FamilienplanerWidgets.build/FamilienplanerWidgets.hmap (in target 'FamilienplanerWidgets' from project 'Familienplaner')
    cd /Users/runner/work/familienplaner/familienplaner
    write-file /Users/runner/Library/Developer/Xcode/DerivedData/Familienplaner-dmcrrzfthkjbwogvslwbznxtcpok/Build/Intermediates.noindex/ArchiveIntermediates/Familienplaner/IntermediateBuildFilesPath/Familienplaner.build/Release-iphoneos/FamilienplanerWidgets.build/FamilienplanerWidgets.hmap

WriteAuxiliaryFile /Users/runner/Library/Developer/Xcode/DerivedData/Familienplaner-dmcrrzfthkjbwogvslwbznxtcpok/Build/Intermediates.noindex/ArchiveIntermediates/Familienplaner/IntermediateBuildFilesPath/Familienplaner.build/Release-iphoneos/FamilienplanerWidgets.build/FamilienplanerWidgets.DependencyStaticMetadataFileList (in target 'FamilienplanerWidgets' from project 'Familienplaner')
    cd /Users/runner/work/familienplaner/familienplaner
    write-file /Users/runner/Library/Developer/Xcode/DerivedData/Familienplaner-dmcrrzfthkjbwogvslwbznxtcpok/Build/Intermediates.noindex/ArchiveIntermediates/Familienplaner/IntermediateBuildFilesPath/Familienplaner.build/Release-iphoneos/FamilienplanerWidgets.build/FamilienplanerWidgets.DependencyStaticMetadataFileList

WriteAuxiliaryFile /Users/runner/Library/Developer/Xcode/DerivedData/Familienplaner-dmcrrzfthkjbwogvslwbznxtcpok/Build/Intermediates.noindex/ArchiveIntermediates/Familienplaner/IntermediateBuildFilesPath/Familienplaner.build/Release-iphoneos/FamilienplanerWidgets.build/FamilienplanerWidgets.DependencyMetadataFileList (in target 'FamilienplanerWidgets' from project 'Familienplaner')
    cd /Users/runner/work/familienplaner/familienplaner
    write-file /Users/runner/Library/Developer/Xcode/DerivedData/Familienplaner-dmcrrzfthkjbwogvslwbznxtcpok/Build/Intermediates.noindex/ArchiveIntermediates/Familienplaner/IntermediateBuildFilesPath/Familienplaner.build/Release-iphoneos/FamilienplanerWidgets.build/FamilienplanerWidgets.DependencyMetadataFileList

WriteAuxiliaryFile /Users/runner/Library/Developer/Xcode/DerivedData/Familienplaner-dmcrrzfthkjbwogvslwbznxtcpok/Build/Intermediates.noindex/ArchiveIntermediates/Familienplaner/IntermediateBuildFilesPath/Familienplaner.build/Release-iphoneos/FamilienplanerWidgets.build/FamilienplanerWidgets-project-headers.hmap (in target 'FamilienplanerWidgets' from project 'Familienplaner')
    cd /Users/runner/work/familienplaner/familienplaner
    write-file /Users/runner/Library/Developer/Xcode/DerivedData/Familienplaner-dmcrrzfthkjbwogvslwbznxtcpok/Build/Intermediates.noindex/ArchiveIntermediates/Familienplaner/IntermediateBuildFilesPath/Familienplaner.build/Release-iphoneos/FamilienplanerWidgets.build/FamilienplanerWidgets-project-headers.hmap

WriteAuxiliaryFile /Users/runner/Library/Developer/Xcode/DerivedData/Familienplaner-dmcrrzfthkjbwogvslwbznxtcpok/Build/Intermediates.noindex/ArchiveIntermediates/Familienplaner/IntermediateBuildFilesPath/Familienplaner.build/Release-iphoneos/FamilienplanerWidgets.build/FamilienplanerWidgets-own-target-headers.hmap (in target 'FamilienplanerWidgets' from project 'Familienplaner')
    cd /Users/runner/work/familienplaner/familienplaner
    write-file /Users/runner/Library/Developer/Xcode/DerivedData/Familienplaner-dmcrrzfthkjbwogvslwbznxtcpok/Build/Intermediates.noindex/ArchiveIntermediates/Familienplaner/IntermediateBuildFilesPath/Familienplaner.build/Release-iphoneos/FamilienplanerWidgets.build/FamilienplanerWidgets-own-target-headers.hmap

WriteAuxiliaryFile /Users/runner/Library/Developer/Xcode/DerivedData/Familienplaner-dmcrrzfthkjbwogvslwbznxtcpok/Build/Intermediates.noindex/ArchiveIntermediates/Familienplaner/IntermediateBuildFilesPath/Familienplaner.build/Release-iphoneos/FamilienplanerWidgets.build/FamilienplanerWidgets-generated-files.hmap (in target 'FamilienplanerWidgets' from project 'Familienplaner')
    cd /Users/runner/work/familienplaner/familienplaner
    write-file /Users/runner/Library/Developer/Xcode/DerivedData/Familienplaner-dmcrrzfthkjbwogvslwbznxtcpok/Build/Intermediates.noindex/ArchiveIntermediates/Familienplaner/IntermediateBuildFilesPath/Familienplaner.build/Release-iphoneos/FamilienplanerWidgets.build/FamilienplanerWidgets-generated-files.hmap

WriteAuxiliaryFile /Users/runner/Library/Developer/Xcode/DerivedData/Familienplaner-dmcrrzfthkjbwogvslwbznxtcpok/Build/Intermediates.noindex/ArchiveIntermediates/Familienplaner/IntermediateBuildFilesPath/Familienplaner.build/Release-iphoneos/FamilienplanerWidgets.build/FamilienplanerWidgets-all-target-headers.hmap (in target 'FamilienplanerWidgets' from project 'Familienplaner')
    cd /Users/runner/work/familienplaner/familienplaner
    write-file /Users/runner/Library/Developer/Xcode/DerivedData/Familienplaner-dmcrrzfthkjbwogvslwbznxtcpok/Build/Intermediates.noindex/ArchiveIntermediates/Familienplaner/IntermediateBuildFilesPath/Familienplaner.build/Release-iphoneos/FamilienplanerWidgets.build/FamilienplanerWidgets-all-target-headers.hmap

WriteAuxiliaryFile /Users/runner/Library/Developer/Xcode/DerivedData/Familienplaner-dmcrrzfthkjbwogvslwbznxtcpok/Build/Intermediates.noindex/ArchiveIntermediates/Familienplaner/IntermediateBuildFilesPath/Familienplaner.build/Release-iphoneos/FamilienplanerWidgets.build/FamilienplanerWidgets-all-non-framework-target-headers.hmap (in target 'FamilienplanerWidgets' from project 'Familienplaner')
    cd /Users/runner/work/familienplaner/familienplaner
    write-file /Users/runner/Library/Developer/Xcode/DerivedData/Familienplaner-dmcrrzfthkjbwogvslwbznxtcpok/Build/Intermediates.noindex/ArchiveIntermediates/Familienplaner/IntermediateBuildFilesPath/Familienplaner.build/Release-iphoneos/FamilienplanerWidgets.build/FamilienplanerWidgets-all-non-framework-target-headers.hmap

WriteAuxiliaryFile /Users/runner/Library/Developer/Xcode/DerivedData/Familienplaner-dmcrrzfthkjbwogvslwbznxtcpok/Build/Intermediates.noindex/ArchiveIntermediates/Familienplaner/IntermediateBuildFilesPath/Familienplaner.build/Release-iphoneos/FamilienplanerWidgets.build/DerivedSources/Entitlements.plist (in target 'FamilienplanerWidgets' from project 'Familienplaner')
    cd /Users/runner/work/familienplaner/familienplaner
    write-file /Users/runner/Library/Developer/Xcode/DerivedData/Familienplaner-dmcrrzfthkjbwogvslwbznxtcpok/Build/Intermediates.noindex/ArchiveIntermediates/Familienplaner/IntermediateBuildFilesPath/Familienplaner.build/Release-iphoneos/FamilienplanerWidgets.build/DerivedSources/Entitlements.plist

SymLink /Users/runner/Library/Developer/Xcode/DerivedData/Familienplaner-dmcrrzfthkjbwogvslwbznxtcpok/Build/Intermediates.noindex/ArchiveIntermediates/Familienplaner/BuildProductsPath/Release-iphoneos/FamilienplanerWidgets.appex ../../IntermediateBuildFilesPath/UninstalledProducts/iphoneos/FamilienplanerWidgets.appex (in target 'FamilienplanerWidgets' from project 'Familienplaner')
    cd /Users/runner/work/familienplaner/familienplaner
    /bin/ln -sfh ../../IntermediateBuildFilesPath/UninstalledProducts/iphoneos/FamilienplanerWidgets.appex /Users/runner/Library/Developer/Xcode/DerivedData/Familienplaner-dmcrrzfthkjbwogvslwbznxtcpok/Build/Intermediates.noindex/ArchiveIntermediates/Familienplaner/BuildProductsPath/Release-iphoneos/FamilienplanerWidgets.appex

MkDir /Users/runner/Library/Developer/Xcode/DerivedData/Familienplaner-dmcrrzfthkjbwogvslwbznxtcpok/Build/Intermediates.noindex/ArchiveIntermediates/Familienplaner/IntermediateBuildFilesPath/UninstalledProducts/iphoneos/FamilienplanerWidgets.appex (in target 'FamilienplanerWidgets' from project 'Familienplaner')
    cd /Users/runner/work/familienplaner/familienplaner
    /bin/mkdir -p /Users/runner/Library/Developer/Xcode/DerivedData/Familienplaner-dmcrrzfthkjbwogvslwbznxtcpok/Build/Intermediates.noindex/ArchiveIntermediates/Familienplaner/IntermediateBuildFilesPath/UninstalledProducts/iphoneos/FamilienplanerWidgets.appex

WriteAuxiliaryFile /Users/runner/Library/Developer/Xcode/DerivedData/Familienplaner-dmcrrzfthkjbwogvslwbznxtcpok/Build/Intermediates.noindex/ArchiveIntermediates/Familienplaner/IntermediateBuildFilesPath/Familienplaner.build/Release-iphoneos/FamilienplanerShare.build/Objects-normal/arm64/FamilienplanerShare.SwiftFileList (in target 'FamilienplanerShare' from project 'Familienplaner')
    cd /Users/runner/work/familienplaner/familienplaner
    write-file /Users/runner/Library/Developer/Xcode/DerivedData/Familienplaner-dmcrrzfthkjbwogvslwbznxtcpok/Build/Intermediates.noindex/ArchiveIntermediates/Familienplaner/IntermediateBuildFilesPath/Familienplaner.build/Release-iphoneos/FamilienplanerShare.build/Objects-normal/arm64/FamilienplanerShare.SwiftFileList

WriteAuxiliaryFile /Users/runner/Library/Developer/Xcode/DerivedData/Familienplaner-dmcrrzfthkjbwogvslwbznxtcpok/Build/Intermediates.noindex/ArchiveIntermediates/Familienplaner/IntermediateBuildFilesPath/Familienplaner.build/Release-iphoneos/FamilienplanerShare.build/Objects-normal/arm64/FamilienplanerShare_const_extract_protocols.json (in target 'FamilienplanerShare' from project 'Familienplaner')
    cd /Users/runner/work/familienplaner/familienplaner
    write-file /Users/runner/Library/Developer/Xcode/DerivedData/Familienplaner-dmcrrzfthkjbwogvslwbznxtcpok/Build/Intermediates.noindex/ArchiveIntermediates/Familienplaner/IntermediateBuildFilesPath/Familienplaner.build/Release-iphoneos/FamilienplanerShare.build/Objects-normal/arm64/FamilienplanerShare_const_extract_protocols.json

WriteAuxiliaryFile /Users/runner/Library/Developer/Xcode/DerivedData/Familienplaner-dmcrrzfthkjbwogvslwbznxtcpok/Build/Intermediates.noindex/ArchiveIntermediates/Familienplaner/IntermediateBuildFilesPath/Familienplaner.build/Release-iphoneos/FamilienplanerShare.build/Objects-normal/arm64/FamilienplanerShare.SwiftConstValuesFileList (in target 'FamilienplanerShare' from project 'Familienplaner')
    cd /Users/runner/work/familienplaner/familienplaner
    write-file /Users/runner/Library/Developer/Xcode/DerivedData/Familienplaner-dmcrrzfthkjbwogvslwbznxtcpok/Build/Intermediates.noindex/ArchiveIntermediates/Familienplaner/IntermediateBuildFilesPath/Familienplaner.build/Release-iphoneos/FamilienplanerShare.build/Objects-normal/arm64/FamilienplanerShare.SwiftConstValuesFileList

WriteAuxiliaryFile /Users/runner/Library/Developer/Xcode/DerivedData/Familienplaner-dmcrrzfthkjbwogvslwbznxtcpok/Build/Intermediates.noindex/ArchiveIntermediates/Familienplaner/IntermediateBuildFilesPath/Familienplaner.build/Release-iphoneos/FamilienplanerShare.build/Objects-normal/arm64/FamilienplanerShare.LinkFileList (in target 'FamilienplanerShare' from project 'Familienplaner')
    cd /Users/runner/work/familienplaner/familienplaner
    write-file /Users/runner/Library/Developer/Xcode/DerivedData/Familienplaner-dmcrrzfthkjbwogvslwbznxtcpok/Build/Intermediates.noindex/ArchiveIntermediates/Familienplaner/IntermediateBuildFilesPath/Familienplaner.build/Release-iphoneos/FamilienplanerShare.build/Objects-normal/arm64/FamilienplanerShare.LinkFileList

WriteAuxiliaryFile /Users/runner/Library/Developer/Xcode/DerivedData/Familienplaner-dmcrrzfthkjbwogvslwbznxtcpok/Build/Intermediates.noindex/ArchiveIntermediates/Familienplaner/IntermediateBuildFilesPath/Familienplaner.build/Release-iphoneos/FamilienplanerShare.build/Objects-normal/arm64/FamilienplanerShare-OutputFileMap.json (in target 'FamilienplanerShare' from project 'Familienplaner')
    cd /Users/runner/work/familienplaner/familienplaner
    write-file /Users/runner/Library/Developer/Xcode/DerivedData/Familienplaner-dmcrrzfthkjbwogvslwbznxtcpok/Build/Intermediates.noindex/ArchiveIntermediates/Familienplaner/IntermediateBuildFilesPath/Familienplaner.build/Release-iphoneos/FamilienplanerShare.build/Objects-normal/arm64/FamilienplanerShare-OutputFileMap.json

WriteAuxiliaryFile /Users/runner/Library/Developer/Xcode/DerivedData/Familienplaner-dmcrrzfthkjbwogvslwbznxtcpok/Build/Intermediates.noindex/ArchiveIntermediates/Familienplaner/IntermediateBuildFilesPath/Familienplaner.build/Release-iphoneos/FamilienplanerShare.build/FamilienplanerShare.hmap (in target 'FamilienplanerShare' from project 'Familienplaner')
    cd /Users/runner/work/familienplaner/familienplaner
    write-file /Users/runner/Library/Developer/Xcode/DerivedData/Familienplaner-dmcrrzfthkjbwogvslwbznxtcpok/Build/Intermediates.noindex/ArchiveIntermediates/Familienplaner/IntermediateBuildFilesPath/Familienplaner.build/Release-iphoneos/FamilienplanerShare.build/FamilienplanerShare.hmap

WriteAuxiliaryFile /Users/runner/Library/Developer/Xcode/DerivedData/Familienplaner-dmcrrzfthkjbwogvslwbznxtcpok/Build/Intermediates.noindex/ArchiveIntermediates/Familienplaner/IntermediateBuildFilesPath/Familienplaner.build/Release-iphoneos/FamilienplanerShare.build/FamilienplanerShare.DependencyStaticMetadataFileList (in target 'FamilienplanerShare' from project 'Familienplaner')
    cd /Users/runner/work/familienplaner/familienplaner
    write-file /Users/runner/Library/Developer/Xcode/DerivedData/Familienplaner-dmcrrzfthkjbwogvslwbznxtcpok/Build/Intermediates.noindex/ArchiveIntermediates/Familienplaner/IntermediateBuildFilesPath/Familienplaner.build/Release-iphoneos/FamilienplanerShare.build/FamilienplanerShare.DependencyStaticMetadataFileList

WriteAuxiliaryFile /Users/runner/Library/Developer/Xcode/DerivedData/Familienplaner-dmcrrzfthkjbwogvslwbznxtcpok/Build/Intermediates.noindex/ArchiveIntermediates/Familienplaner/IntermediateBuildFilesPath/Familienplaner.build/Release-iphoneos/FamilienplanerShare.build/FamilienplanerShare.DependencyMetadataFileList (in target 'FamilienplanerShare' from project 'Familienplaner')
    cd /Users/runner/work/familienplaner/familienplaner
    write-file /Users/runner/Library/Developer/Xcode/DerivedData/Familienplaner-dmcrrzfthkjbwogvslwbznxtcpok/Build/Intermediates.noindex/ArchiveIntermediates/Familienplaner/IntermediateBuildFilesPath/Familienplaner.build/Release-iphoneos/FamilienplanerShare.build/FamilienplanerShare.DependencyMetadataFileList

WriteAuxiliaryFile /Users/runner/Library/Developer/Xcode/DerivedData/Familienplaner-dmcrrzfthkjbwogvslwbznxtcpok/Build/Intermediates.noindex/ArchiveIntermediates/Familienplaner/IntermediateBuildFilesPath/Familienplaner.build/Release-iphoneos/FamilienplanerShare.build/FamilienplanerShare-project-headers.hmap (in target 'FamilienplanerShare' from project 'Familienplaner')
    cd /Users/runner/work/familienplaner/familienplaner
    write-file /Users/runner/Library/Developer/Xcode/DerivedData/Familienplaner-dmcrrzfthkjbwogvslwbznxtcpok/Build/Intermediates.noindex/ArchiveIntermediates/Familienplaner/IntermediateBuildFilesPath/Familienplaner.build/Release-iphoneos/FamilienplanerShare.build/FamilienplanerShare-project-headers.hmap

WriteAuxiliaryFile /Users/runner/Library/Developer/Xcode/DerivedData/Familienplaner-dmcrrzfthkjbwogvslwbznxtcpok/Build/Intermediates.noindex/ArchiveIntermediates/Familienplaner/IntermediateBuildFilesPath/Familienplaner.build/Release-iphoneos/FamilienplanerShare.build/FamilienplanerShare-own-target-headers.hmap (in target 'FamilienplanerShare' from project 'Familienplaner')
    cd /Users/runner/work/familienplaner/familienplaner
    write-file /Users/runner/Library/Developer/Xcode/DerivedData/Familienplaner-dmcrrzfthkjbwogvslwbznxtcpok/Build/Intermediates.noindex/ArchiveIntermediates/Familienplaner/IntermediateBuildFilesPath/Familienplaner.build/Release-iphoneos/FamilienplanerShare.build/FamilienplanerShare-own-target-headers.hmap

WriteAuxiliaryFile /Users/runner/Library/Developer/Xcode/DerivedData/Familienplaner-dmcrrzfthkjbwogvslwbznxtcpok/Build/Intermediates.noindex/ArchiveIntermediates/Familienplaner/IntermediateBuildFilesPath/Familienplaner.build/Release-iphoneos/FamilienplanerShare.build/FamilienplanerShare-generated-files.hmap (in target 'FamilienplanerShare' from project 'Familienplaner')
    cd /Users/runner/work/familienplaner/familienplaner
    write-file /Users/runner/Library/Developer/Xcode/DerivedData/Familienplaner-dmcrrzfthkjbwogvslwbznxtcpok/Build/Intermediates.noindex/ArchiveIntermediates/Familienplaner/IntermediateBuildFilesPath/Familienplaner.build/Release-iphoneos/FamilienplanerShare.build/FamilienplanerShare-generated-files.hmap

WriteAuxiliaryFile /Users/runner/Library/Developer/Xcode/DerivedData/Familienplaner-dmcrrzfthkjbwogvslwbznxtcpok/Build/Intermediates.noindex/ArchiveIntermediates/Familienplaner/IntermediateBuildFilesPath/Familienplaner.build/Release-iphoneos/FamilienplanerShare.build/FamilienplanerShare-all-target-headers.hmap (in target 'FamilienplanerShare' from project 'Familienplaner')
    cd /Users/runner/work/familienplaner/familienplaner
    write-file /Users/runner/Library/Developer/Xcode/DerivedData/Familienplaner-dmcrrzfthkjbwogvslwbznxtcpok/Build/Intermediates.noindex/ArchiveIntermediates/Familienplaner/IntermediateBuildFilesPath/Familienplaner.build/Release-iphoneos/FamilienplanerShare.build/FamilienplanerShare-all-target-headers.hmap

WriteAuxiliaryFile /Users/runner/Library/Developer/Xcode/DerivedData/Familienplaner-dmcrrzfthkjbwogvslwbznxtcpok/Build/Intermediates.noindex/ArchiveIntermediates/Familienplaner/IntermediateBuildFilesPath/Familienplaner.build/Release-iphoneos/FamilienplanerShare.build/FamilienplanerShare-all-non-framework-target-headers.hmap (in target 'FamilienplanerShare' from project 'Familienplaner')
    cd /Users/runner/work/familienplaner/familienplaner
    write-file /Users/runner/Library/Developer/Xcode/DerivedData/Familienplaner-dmcrrzfthkjbwogvslwbznxtcpok/Build/Intermediates.noindex/ArchiveIntermediates/Familienplaner/IntermediateBuildFilesPath/Familienplaner.build/Release-iphoneos/FamilienplanerShare.build/FamilienplanerShare-all-non-framework-target-headers.hmap

WriteAuxiliaryFile /Users/runner/Library/Developer/Xcode/DerivedData/Familienplaner-dmcrrzfthkjbwogvslwbznxtcpok/Build/Intermediates.noindex/ArchiveIntermediates/Familienplaner/IntermediateBuildFilesPath/Familienplaner.build/Release-iphoneos/FamilienplanerShare.build/DerivedSources/Entitlements.plist (in target 'FamilienplanerShare' from project 'Familienplaner')
    cd /Users/runner/work/familienplaner/familienplaner
    write-file /Users/runner/Library/Developer/Xcode/DerivedData/Familienplaner-dmcrrzfthkjbwogvslwbznxtcpok/Build/Intermediates.noindex/ArchiveIntermediates/Familienplaner/IntermediateBuildFilesPath/Familienplaner.build/Release-iphoneos/FamilienplanerShare.build/DerivedSources/Entitlements.plist

SymLink /Users/runner/Library/Developer/Xcode/DerivedData/Familienplaner-dmcrrzfthkjbwogvslwbznxtcpok/Build/Intermediates.noindex/ArchiveIntermediates/Familienplaner/BuildProductsPath/Release-iphoneos/FamilienplanerShare.appex ../../IntermediateBuildFilesPath/UninstalledProducts/iphoneos/FamilienplanerShare.appex (in target 'FamilienplanerShare' from project 'Familienplaner')
    cd /Users/runner/work/familienplaner/familienplaner
    /bin/ln -sfh ../../IntermediateBuildFilesPath/UninstalledProducts/iphoneos/FamilienplanerShare.appex /Users/runner/Library/Developer/Xcode/DerivedData/Familienplaner-dmcrrzfthkjbwogvslwbznxtcpok/Build/Intermediates.noindex/ArchiveIntermediates/Familienplaner/BuildProductsPath/Release-iphoneos/FamilienplanerShare.appex

MkDir /Users/runner/Library/Developer/Xcode/DerivedData/Familienplaner-dmcrrzfthkjbwogvslwbznxtcpok/Build/Intermediates.noindex/ArchiveIntermediates/Familienplaner/IntermediateBuildFilesPath/UninstalledProducts/iphoneos/FamilienplanerShare.appex (in target 'FamilienplanerShare' from project 'Familienplaner')
    cd /Users/runner/work/familienplaner/familienplaner
    /bin/mkdir -p /Users/runner/Library/Developer/Xcode/DerivedData/Familienplaner-dmcrrzfthkjbwogvslwbznxtcpok/Build/Intermediates.noindex/ArchiveIntermediates/Familienplaner/IntermediateBuildFilesPath/UninstalledProducts/iphoneos/FamilienplanerShare.appex

WriteAuxiliaryFile /Users/runner/Library/Developer/Xcode/DerivedData/Familienplaner-dmcrrzfthkjbwogvslwbznxtcpok/Build/Intermediates.noindex/ArchiveIntermediates/Familienplaner/IntermediateBuildFilesPath/Familienplaner.build/Release-iphoneos/Familienplaner.build/Objects-normal/arm64/Familienplaner_const_extract_protocols.json (in target 'Familienplaner' from project 'Familienplaner')
    cd /Users/runner/work/familienplaner/familienplaner
    write-file /Users/runner/Library/Developer/Xcode/DerivedData/Familienplaner-dmcrrzfthkjbwogvslwbznxtcpok/Build/Intermediates.noindex/ArchiveIntermediates/Familienplaner/IntermediateBuildFilesPath/Familienplaner.build/Release-iphoneos/Familienplaner.build/Objects-normal/arm64/Familienplaner_const_extract_protocols.json

WriteAuxiliaryFile /Users/runner/Library/Developer/Xcode/DerivedData/Familienplaner-dmcrrzfthkjbwogvslwbznxtcpok/Build/Intermediates.noindex/ArchiveIntermediates/Familienplaner/IntermediateBuildFilesPath/Familienplaner.build/Release-iphoneos/Familienplaner.build/Objects-normal/arm64/Familienplaner.SwiftFileList (in target 'Familienplaner' from project 'Familienplaner')
    cd /Users/runner/work/familienplaner/familienplaner
    write-file /Users/runner/Library/Developer/Xcode/DerivedData/Familienplaner-dmcrrzfthkjbwogvslwbznxtcpok/Build/Intermediates.noindex/ArchiveIntermediates/Familienplaner/IntermediateBuildFilesPath/Familienplaner.build/Release-iphoneos/Familienplaner.build/Objects-normal/arm64/Familienplaner.SwiftFileList

WriteAuxiliaryFile /Users/runner/Library/Developer/Xcode/DerivedData/Familienplaner-dmcrrzfthkjbwogvslwbznxtcpok/Build/Intermediates.noindex/ArchiveIntermediates/Familienplaner/IntermediateBuildFilesPath/Familienplaner.build/Release-iphoneos/Familienplaner.build/Objects-normal/arm64/Familienplaner.SwiftConstValuesFileList (in target 'Familienplaner' from project 'Familienplaner')
    cd /Users/runner/work/familienplaner/familienplaner
    write-file /Users/runner/Library/Developer/Xcode/DerivedData/Familienplaner-dmcrrzfthkjbwogvslwbznxtcpok/Build/Intermediates.noindex/ArchiveIntermediates/Familienplaner/IntermediateBuildFilesPath/Familienplaner.build/Release-iphoneos/Familienplaner.build/Objects-normal/arm64/Familienplaner.SwiftConstValuesFileList

WriteAuxiliaryFile /Users/runner/Library/Developer/Xcode/DerivedData/Familienplaner-dmcrrzfthkjbwogvslwbznxtcpok/Build/Intermediates.noindex/ArchiveIntermediates/Familienplaner/IntermediateBuildFilesPath/Familienplaner.build/Release-iphoneos/Familienplaner.build/Objects-normal/arm64/Familienplaner.LinkFileList (in target 'Familienplaner' from project 'Familienplaner')
    cd /Users/runner/work/familienplaner/familienplaner
    write-file /Users/runner/Library/Developer/Xcode/DerivedData/Familienplaner-dmcrrzfthkjbwogvslwbznxtcpok/Build/Intermediates.noindex/ArchiveIntermediates/Familienplaner/IntermediateBuildFilesPath/Familienplaner.build/Release-iphoneos/Familienplaner.build/Objects-normal/arm64/Familienplaner.LinkFileList

WriteAuxiliaryFile /Users/runner/Library/Developer/Xcode/DerivedData/Familienplaner-dmcrrzfthkjbwogvslwbznxtcpok/Build/Intermediates.noindex/ArchiveIntermediates/Familienplaner/IntermediateBuildFilesPath/Familienplaner.build/Release-iphoneos/Familienplaner.build/Objects-normal/arm64/Familienplaner-OutputFileMap.json (in target 'Familienplaner' from project 'Familienplaner')
    cd /Users/runner/work/familienplaner/familienplaner
    write-file /Users/runner/Library/Developer/Xcode/DerivedData/Familienplaner-dmcrrzfthkjbwogvslwbznxtcpok/Build/Intermediates.noindex/ArchiveIntermediates/Familienplaner/IntermediateBuildFilesPath/Familienplaner.build/Release-iphoneos/Familienplaner.build/Objects-normal/arm64/Familienplaner-OutputFileMap.json

WriteAuxiliaryFile /Users/runner/Library/Developer/Xcode/DerivedData/Familienplaner-dmcrrzfthkjbwogvslwbznxtcpok/Build/Intermediates.noindex/ArchiveIntermediates/Familienplaner/IntermediateBuildFilesPath/Familienplaner.build/Release-iphoneos/Familienplaner.build/Familienplaner.hmap (in target 'Familienplaner' from project 'Familienplaner')
    cd /Users/runner/work/familienplaner/familienplaner
    write-file /Users/runner/Library/Developer/Xcode/DerivedData/Familienplaner-dmcrrzfthkjbwogvslwbznxtcpok/Build/Intermediates.noindex/ArchiveIntermediates/Familienplaner/IntermediateBuildFilesPath/Familienplaner.build/Release-iphoneos/Familienplaner.build/Familienplaner.hmap

WriteAuxiliaryFile /Users/runner/Library/Developer/Xcode/DerivedData/Familienplaner-dmcrrzfthkjbwogvslwbznxtcpok/Build/Intermediates.noindex/ArchiveIntermediates/Familienplaner/IntermediateBuildFilesPath/Familienplaner.build/Release-iphoneos/Familienplaner.build/Familienplaner.DependencyStaticMetadataFileList (in target 'Familienplaner' from project 'Familienplaner')
    cd /Users/runner/work/familienplaner/familienplaner
    write-file /Users/runner/Library/Developer/Xcode/DerivedData/Familienplaner-dmcrrzfthkjbwogvslwbznxtcpok/Build/Intermediates.noindex/ArchiveIntermediates/Familienplaner/IntermediateBuildFilesPath/Familienplaner.build/Release-iphoneos/Familienplaner.build/Familienplaner.DependencyStaticMetadataFileList

WriteAuxiliaryFile /Users/runner/Library/Developer/Xcode/DerivedData/Familienplaner-dmcrrzfthkjbwogvslwbznxtcpok/Build/Intermediates.noindex/ArchiveIntermediates/Familienplaner/IntermediateBuildFilesPath/Familienplaner.build/Release-iphoneos/Familienplaner.build/Familienplaner.DependencyMetadataFileList (in target 'Familienplaner' from project 'Familienplaner')
    cd /Users/runner/work/familienplaner/familienplaner
    write-file /Users/runner/Library/Developer/Xcode/DerivedData/Familienplaner-dmcrrzfthkjbwogvslwbznxtcpok/Build/Intermediates.noindex/ArchiveIntermediates/Familienplaner/IntermediateBuildFilesPath/Familienplaner.build/Release-iphoneos/Familienplaner.build/Familienplaner.DependencyMetadataFileList

WriteAuxiliaryFile /Users/runner/Library/Developer/Xcode/DerivedData/Familienplaner-dmcrrzfthkjbwogvslwbznxtcpok/Build/Intermediates.noindex/ArchiveIntermediates/Familienplaner/IntermediateBuildFilesPath/Familienplaner.build/Release-iphoneos/Familienplaner.build/Familienplaner-project-headers.hmap (in target 'Familienplaner' from project 'Familienplaner')
    cd /Users/runner/work/familienplaner/familienplaner
    write-file /Users/runner/Library/Developer/Xcode/DerivedData/Familienplaner-dmcrrzfthkjbwogvslwbznxtcpok/Build/Intermediates.noindex/ArchiveIntermediates/Familienplaner/IntermediateBuildFilesPath/Familienplaner.build/Release-iphoneos/Familienplaner.build/Familienplaner-project-headers.hmap

WriteAuxiliaryFile /Users/runner/Library/Developer/Xcode/DerivedData/Familienplaner-dmcrrzfthkjbwogvslwbznxtcpok/Build/Intermediates.noindex/ArchiveIntermediates/Familienplaner/IntermediateBuildFilesPath/Familienplaner.build/Release-iphoneos/Familienplaner.build/Familienplaner-own-target-headers.hmap (in target 'Familienplaner' from project 'Familienplaner')
    cd /Users/runner/work/familienplaner/familienplaner
    write-file /Users/runner/Library/Developer/Xcode/DerivedData/Familienplaner-dmcrrzfthkjbwogvslwbznxtcpok/Build/Intermediates.noindex/ArchiveIntermediates/Familienplaner/IntermediateBuildFilesPath/Familienplaner.build/Release-iphoneos/Familienplaner.build/Familienplaner-own-target-headers.hmap

WriteAuxiliaryFile /Users/runner/Library/Developer/Xcode/DerivedData/Familienplaner-dmcrrzfthkjbwogvslwbznxtcpok/Build/Intermediates.noindex/ArchiveIntermediates/Familienplaner/IntermediateBuildFilesPath/Familienplaner.build/Release-iphoneos/Familienplaner.build/Familienplaner-generated-files.hmap (in target 'Familienplaner' from project 'Familienplaner')
    cd /Users/runner/work/familienplaner/familienplaner
    write-file /Users/runner/Library/Developer/Xcode/DerivedData/Familienplaner-dmcrrzfthkjbwogvslwbznxtcpok/Build/Intermediates.noindex/ArchiveIntermediates/Familienplaner/IntermediateBuildFilesPath/Familienplaner.build/Release-iphoneos/Familienplaner.build/Familienplaner-generated-files.hmap

WriteAuxiliaryFile /Users/runner/Library/Developer/Xcode/DerivedData/Familienplaner-dmcrrzfthkjbwogvslwbznxtcpok/Build/Intermediates.noindex/ArchiveIntermediates/Familienplaner/IntermediateBuildFilesPath/Familienplaner.build/Release-iphoneos/Familienplaner.build/Familienplaner-all-target-headers.hmap (in target 'Familienplaner' from project 'Familienplaner')
    cd /Users/runner/work/familienplaner/familienplaner
    write-file /Users/runner/Library/Developer/Xcode/DerivedData/Familienplaner-dmcrrzfthkjbwogvslwbznxtcpok/Build/Intermediates.noindex/ArchiveIntermediates/Familienplaner/IntermediateBuildFilesPath/Familienplaner.build/Release-iphoneos/Familienplaner.build/Familienplaner-all-target-headers.hmap

WriteAuxiliaryFile /Users/runner/Library/Developer/Xcode/DerivedData/Familienplaner-dmcrrzfthkjbwogvslwbznxtcpok/Build/Intermediates.noindex/ArchiveIntermediates/Familienplaner/IntermediateBuildFilesPath/Familienplaner.build/Release-iphoneos/Familienplaner.build/Familienplaner-all-non-framework-target-headers.hmap (in target 'Familienplaner' from project 'Familienplaner')
    cd /Users/runner/work/familienplaner/familienplaner
    write-file /Users/runner/Library/Developer/Xcode/DerivedData/Familienplaner-dmcrrzfthkjbwogvslwbznxtcpok/Build/Intermediates.noindex/ArchiveIntermediates/Familienplaner/IntermediateBuildFilesPath/Familienplaner.build/Release-iphoneos/Familienplaner.build/Familienplaner-all-non-framework-target-headers.hmap

WriteAuxiliaryFile /Users/runner/Library/Developer/Xcode/DerivedData/Familienplaner-dmcrrzfthkjbwogvslwbznxtcpok/Build/Intermediates.noindex/ArchiveIntermediates/Familienplaner/IntermediateBuildFilesPath/Familienplaner.build/Release-iphoneos/Familienplaner.build/DerivedSources/Entitlements.plist (in target 'Familienplaner' from project 'Familienplaner')
    cd /Users/runner/work/familienplaner/familienplaner
    write-file /Users/runner/Library/Developer/Xcode/DerivedData/Familienplaner-dmcrrzfthkjbwogvslwbznxtcpok/Build/Intermediates.noindex/ArchiveIntermediates/Familienplaner/IntermediateBuildFilesPath/Familienplaner.build/Release-iphoneos/Familienplaner.build/DerivedSources/Entitlements.plist

ProcessProductPackaging /Users/runner/work/familienplaner/familienplaner/Resources/FamilienplanerWidgets.entitlements /Users/runner/Library/Developer/Xcode/DerivedData/Familienplaner-dmcrrzfthkjbwogvslwbznxtcpok/Build/Intermediates.noindex/ArchiveIntermediates/Familienplaner/IntermediateBuildFilesPath/Familienplaner.build/Release-iphoneos/FamilienplanerWidgets.build/FamilienplanerWidgets.appex.xcent (in target 'FamilienplanerWidgets' from project 'Familienplaner')
    cd /Users/runner/work/familienplaner/familienplaner
    
    Entitlements:
    
    {
    "com.apple.security.application-groups" =     (
        "group.de.barg.familienplaner"
    );
}
    
    builtin-productPackagingUtility /Users/runner/work/familienplaner/familienplaner/Resources/FamilienplanerWidgets.entitlements -entitlements -format xml -o /Users/runner/Library/Developer/Xcode/DerivedData/Familienplaner-dmcrrzfthkjbwogvslwbznxtcpok/Build/Intermediates.noindex/ArchiveIntermediates/Familienplaner/IntermediateBuildFilesPath/Familienplaner.build/Release-iphoneos/FamilienplanerWidgets.build/FamilienplanerWidgets.appex.xcent

SymLink /Users/runner/Library/Developer/Xcode/DerivedData/Familienplaner-dmcrrzfthkjbwogvslwbznxtcpok/Build/Intermediates.noindex/ArchiveIntermediates/Familienplaner/BuildProductsPath/Release-iphoneos/Familienplaner.app ../../InstallationBuildProductsLocation/Applications/Familienplaner.app (in target 'Familienplaner' from project 'Familienplaner')
    cd /Users/runner/work/familienplaner/familienplaner
    /bin/ln -sfh ../../InstallationBuildProductsLocation/Applications/Familienplaner.app /Users/runner/Library/Developer/Xcode/DerivedData/Familienplaner-dmcrrzfthkjbwogvslwbznxtcpok/Build/Intermediates.noindex/ArchiveIntermediates/Familienplaner/BuildProductsPath/Release-iphoneos/Familienplaner.app

MkDir /Users/runner/Library/Developer/Xcode/DerivedData/Familienplaner-dmcrrzfthkjbwogvslwbznxtcpok/Build/Intermediates.noindex/ArchiveIntermediates/Familienplaner/InstallationBuildProductsLocation/Applications/Familienplaner.app/PlugIns (in target 'Familienplaner' from project 'Familienplaner')
    cd /Users/runner/work/familienplaner/familienplaner
    /bin/mkdir -p /Users/runner/Library/Developer/Xcode/DerivedData/Familienplaner-dmcrrzfthkjbwogvslwbznxtcpok/Build/Intermediates.noindex/ArchiveIntermediates/Familienplaner/InstallationBuildProductsLocation/Applications/Familienplaner.app/PlugIns

MkDir /Users/runner/Library/Developer/Xcode/DerivedData/Familienplaner-dmcrrzfthkjbwogvslwbznxtcpok/Build/Intermediates.noindex/ArchiveIntermediates/Familienplaner/InstallationBuildProductsLocation/Applications/Familienplaner.app (in target 'Familienplaner' from project 'Familienplaner')
    cd /Users/runner/work/familienplaner/familienplaner
    /bin/mkdir -p /Users/runner/Library/Developer/Xcode/DerivedData/Familienplaner-dmcrrzfthkjbwogvslwbznxtcpok/Build/Intermediates.noindex/ArchiveIntermediates/Familienplaner/InstallationBuildProductsLocation/Applications/Familienplaner.app

ProcessProductPackagingDER /Users/runner/Library/Developer/Xcode/DerivedData/Familienplaner-dmcrrzfthkjbwogvslwbznxtcpok/Build/Intermediates.noindex/ArchiveIntermediates/Familienplaner/IntermediateBuildFilesPath/Familienplaner.build/Release-iphoneos/FamilienplanerWidgets.build/FamilienplanerWidgets.appex.xcent /Users/runner/Library/Developer/Xcode/DerivedData/Familienplaner-dmcrrzfthkjbwogvslwbznxtcpok/Build/Intermediates.noindex/ArchiveIntermediates/Familienplaner/IntermediateBuildFilesPath/Familienplaner.build/Release-iphoneos/FamilienplanerWidgets.build/FamilienplanerWidgets.appex.xcent.der (in target 'FamilienplanerWidgets' from project 'Familienplaner')
    cd /Users/runner/work/familienplaner/familienplaner
    /usr/bin/derq query -f xml -i /Users/runner/Library/Developer/Xcode/DerivedData/Familienplaner-dmcrrzfthkjbwogvslwbznxtcpok/Build/Intermediates.noindex/ArchiveIntermediates/Familienplaner/IntermediateBuildFilesPath/Familienplaner.build/Release-iphoneos/FamilienplanerWidgets.build/FamilienplanerWidgets.appex.xcent -o /Users/runner/Library/Developer/Xcode/DerivedData/Familienplaner-dmcrrzfthkjbwogvslwbznxtcpok/Build/Intermediates.noindex/ArchiveIntermediates/Familienplaner/IntermediateBuildFilesPath/Familienplaner.build/Release-iphoneos/FamilienplanerWidgets.build/FamilienplanerWidgets.appex.xcent.der --raw

ProcessProductPackaging /Users/runner/work/familienplaner/familienplaner/Resources/FamilienplanerShare.entitlements /Users/runner/Library/Developer/Xcode/DerivedData/Familienplaner-dmcrrzfthkjbwogvslwbznxtcpok/Build/Intermediates.noindex/ArchiveIntermediates/Familienplaner/IntermediateBuildFilesPath/Familienplaner.build/Release-iphoneos/FamilienplanerShare.build/FamilienplanerShare.appex.xcent (in target 'FamilienplanerShare' from project 'Familienplaner')
    cd /Users/runner/work/familienplaner/familienplaner
    
    Entitlements:
    
    {
    "com.apple.security.application-groups" =     (
        "group.de.barg.familienplaner"
    );
}
    
    builtin-productPackagingUtility /Users/runner/work/familienplaner/familienplaner/Resources/FamilienplanerShare.entitlements -entitlements -format xml -o /Users/runner/Library/Developer/Xcode/DerivedData/Familienplaner-dmcrrzfthkjbwogvslwbznxtcpok/Build/Intermediates.noindex/ArchiveIntermediates/Familienplaner/IntermediateBuildFilesPath/Familienplaner.build/Release-iphoneos/FamilienplanerShare.build/FamilienplanerShare.appex.xcent

ProcessProductPackagingDER /Users/runner/Library/Developer/Xcode/DerivedData/Familienplaner-dmcrrzfthkjbwogvslwbznxtcpok/Build/Intermediates.noindex/ArchiveIntermediates/Familienplaner/IntermediateBuildFilesPath/Familienplaner.build/Release-iphoneos/FamilienplanerShare.build/FamilienplanerShare.appex.xcent /Users/runner/Library/Developer/Xcode/DerivedData/Familienplaner-dmcrrzfthkjbwogvslwbznxtcpok/Build/Intermediates.noindex/ArchiveIntermediates/Familienplaner/IntermediateBuildFilesPath/Familienplaner.build/Release-iphoneos/FamilienplanerShare.build/FamilienplanerShare.appex.xcent.der (in target 'FamilienplanerShare' from project 'Familienplaner')
    cd /Users/runner/work/familienplaner/familienplaner
    /usr/bin/derq query -f xml -i /Users/runner/Library/Developer/Xcode/DerivedData/Familienplaner-dmcrrzfthkjbwogvslwbznxtcpok/Build/Intermediates.noindex/ArchiveIntermediates/Familienplaner/IntermediateBuildFilesPath/Familienplaner.build/Release-iphoneos/FamilienplanerShare.build/FamilienplanerShare.appex.xcent -o /Users/runner/Library/Developer/Xcode/DerivedData/Familienplaner-dmcrrzfthkjbwogvslwbznxtcpok/Build/Intermediates.noindex/ArchiveIntermediates/Familienplaner/IntermediateBuildFilesPath/Familienplaner.build/Release-iphoneos/FamilienplanerShare.build/FamilienplanerShare.appex.xcent.der --raw

ProcessInfoPlistFile /Users/runner/Library/Developer/Xcode/DerivedData/Familienplaner-dmcrrzfthkjbwogvslwbznxtcpok/Build/Intermediates.noindex/ArchiveIntermediates/Familienplaner/IntermediateBuildFilesPath/UninstalledProducts/iphoneos/FamilienplanerWidgets.appex/Info.plist /Users/runner/work/familienplaner/familienplaner/Widgets/Info.plist (in target 'FamilienplanerWidgets' from project 'Familienplaner')
    cd /Users/runner/work/familienplaner/familienplaner
    builtin-infoPlistUtility /Users/runner/work/familienplaner/familienplaner/Widgets/Info.plist -producttype com.apple.product-type.app-extension -expandbuildsettings -format binary -platform iphoneos -requiredArchitecture arm64 -o /Users/runner/Library/Developer/Xcode/DerivedData/Familienplaner-dmcrrzfthkjbwogvslwbznxtcpok/Build/Intermediates.noindex/ArchiveIntermediates/Familienplaner/IntermediateBuildFilesPath/UninstalledProducts/iphoneos/FamilienplanerWidgets.appex/Info.plist

ProcessInfoPlistFile /Users/runner/Library/Developer/Xcode/DerivedData/Familienplaner-dmcrrzfthkjbwogvslwbznxtcpok/Build/Intermediates.noindex/ArchiveIntermediates/Familienplaner/IntermediateBuildFilesPath/UninstalledProducts/iphoneos/FamilienplanerShare.appex/Info.plist /Users/runner/work/familienplaner/familienplaner/ShareExtension/Info.plist (in target 'FamilienplanerShare' from project 'Familienplaner')
    cd /Users/runner/work/familienplaner/familienplaner
    builtin-infoPlistUtility /Users/runner/work/familienplaner/familienplaner/ShareExtension/Info.plist -producttype com.apple.product-type.app-extension -expandbuildsettings -format binary -platform iphoneos -requiredArchitecture arm64 -o /Users/runner/Library/Developer/Xcode/DerivedData/Familienplaner-dmcrrzfthkjbwogvslwbznxtcpok/Build/Intermediates.noindex/ArchiveIntermediates/Familienplaner/IntermediateBuildFilesPath/UninstalledProducts/iphoneos/FamilienplanerShare.appex/Info.plist

SwiftDriver FamilienplanerWidgets normal arm64 com.apple.xcode.tools.swift.compiler (in target 'FamilienplanerWidgets' from project 'Familienplaner')
    cd /Users/runner/work/familienplaner/familienplaner
    builtin-SwiftDriver -- /Applications/Xcode_26.6.app/Contents/Developer/Toolchains/XcodeDefault.xctoolchain/usr/bin/swiftc -module-name FamilienplanerWidgets -O -whole-module-optimization @/Users/runner/Library/Developer/Xcode/DerivedData/Familienplaner-dmcrrzfthkjbwogvslwbznxtcpok/Build/Intermediates.noindex/ArchiveIntermediates/Familienplaner/IntermediateBuildFilesPath/Familienplaner.build/Release-iphoneos/FamilienplanerWidgets.build/Objects-normal/arm64/FamilienplanerWidgets.SwiftFileList -enable-bare-slash-regex -enable-experimental-feature DebugDescriptionMacro -sdk /Applications/Xcode_26.6.app/Contents/Developer/Platforms/iPhoneOS.platform/Developer/SDKs/iPhoneOS26.5.sdk -target arm64-apple-ios26.0 -g -module-cache-path /Users/runner/Library/Developer/Xcode/DerivedData/ModuleCache.noindex -Xfrontend -serialize-debugging-options -application-extension -swift-version 5 -I /Users/runner/Library/Developer/Xcode/DerivedData/Familienplaner-dmcrrzfthkjbwogvslwbznxtcpok/Build/Intermediates.noindex/ArchiveIntermediates/Familienplaner/BuildProductsPath/Release-iphoneos -F /Users/runner/Library/Developer/Xcode/DerivedData/Familienplaner-dmcrrzfthkjbwogvslwbznxtcpok/Build/Intermediates.noindex/ArchiveIntermediates/Familienplaner/BuildProductsPath/Release-iphoneos -c -num-threads 3 -Xcc -ivfsstatcache -Xcc /Users/runner/Library/Developer/Xcode/DerivedData/SDKStatCaches.noindex/iphoneos26.5-23F81a-688ef53f1462e2c8f657fdc38a81448fee66e23052a0157c865c76b268046726.sdkstatcache -output-file-map /Users/runner/Library/Developer/Xcode/DerivedData/Familienplaner-dmcrrzfthkjbwogvslwbznxtcpok/Build/Intermediates.noindex/ArchiveIntermediates/Familienplaner/IntermediateBuildFilesPath/Familienplaner.build/Release-iphoneos/FamilienplanerWidgets.build/Objects-normal/arm64/FamilienplanerWidgets-OutputFileMap.json -use-frontend-parseable-output -save-temps -no-color-diagnostics -explicit-module-build -module-cache-path /Users/runner/Library/Developer/Xcode/DerivedData/Familienplaner-dmcrrzfthkjbwogvslwbznxtcpok/Build/Intermediates.noindex/ArchiveIntermediates/Familienplaner/IntermediateBuildFilesPath/SwiftExplicitPrecompiledModules -clang-scanner-module-cache-path /Users/runner/Library/Developer/Xcode/DerivedData/ModuleCache.noindex -sdk-module-cache-path /Users/runner/Library/Developer/Xcode/DerivedData/ModuleCache.noindex -serialize-diagnostics -emit-dependencies -emit-module -emit-module-path /Users/runner/Library/Developer/Xcode/DerivedData/Familienplaner-dmcrrzfthkjbwogvslwbznxtcpok/Build/Intermediates.noindex/ArchiveIntermediates/Familienplaner/IntermediateBuildFilesPath/Familienplaner.build/Release-iphoneos/FamilienplanerWidgets.build/Objects-normal/arm64/FamilienplanerWidgets.swiftmodule -validate-clang-modules-once -clang-build-session-file /Users/runner/Library/Developer/Xcode/DerivedData/ModuleCache.noindex/Session.modulevalidation -Xcc -I/Users/runner/Library/Developer/Xcode/DerivedData/Familienplaner-dmcrrzfthkjbwogvslwbznxtcpok/Build/Intermediates.noindex/ArchiveIntermediates/Familienplaner/IntermediateBuildFilesPath/Familienplaner.build/Release-iphoneos/FamilienplanerWidgets.build/swift-overrides.hmap -emit-const-values -Xfrontend -const-gather-protocols-file -Xfrontend /Users/runner/Library/Developer/Xcode/DerivedData/Familienplaner-dmcrrzfthkjbwogvslwbznxtcpok/Build/Intermediates.noindex/ArchiveIntermediates/Familienplaner/IntermediateBuildFilesPath/Familienplaner.build/Release-iphoneos/FamilienplanerWidgets.build/Objects-normal/arm64/FamilienplanerWidgets_const_extract_protocols.json -Xcc -iquote -Xcc /Users/runner/Library/Developer/Xcode/DerivedData/Familienplaner-dmcrrzfthkjbwogvslwbznxtcpok/Build/Intermediates.noindex/ArchiveIntermediates/Familienplaner/IntermediateBuildFilesPath/Familienplaner.build/Release-iphoneos/FamilienplanerWidgets.build/FamilienplanerWidgets-generated-files.hmap -Xcc -I/Users/runner/Library/Developer/Xcode/DerivedData/Familienplaner-dmcrrzfthkjbwogvslwbznxtcpok/Build/Intermediates.noindex/ArchiveIntermediates/Familienplaner/IntermediateBuildFilesPath/Familienplaner.build/Release-iphoneos/FamilienplanerWidgets.build/FamilienplanerWidgets-own-target-headers.hmap -Xcc -I/Users/runner/Library/Developer/Xcode/DerivedData/Familienplaner-dmcrrzfthkjbwogvslwbznxtcpok/Build/Intermediates.noindex/ArchiveIntermediates/Familienplaner/IntermediateBuildFilesPath/Familienplaner.build/Release-iphoneos/FamilienplanerWidgets.build/FamilienplanerWidgets-all-target-headers.hmap -Xcc -iquote -Xcc /Users/runner/Library/Developer/Xcode/DerivedData/Familienplaner-dmcrrzfthkjbwogvslwbznxtcpok/Build/Intermediates.noindex/ArchiveIntermediates/Familienplaner/IntermediateBuildFilesPath/Familienplaner.build/Release-iphoneos/FamilienplanerWidgets.build/FamilienplanerWidgets-project-headers.hmap -Xcc -I/Users/runner/Library/Developer/Xcode/DerivedData/Familienplaner-dmcrrzfthkjbwogvslwbznxtcpok/Build/Intermediates.noindex/ArchiveIntermediates/Familienplaner/BuildProductsPath/Release-iphoneos/include -Xcc -I/Users/runner/Library/Developer/Xcode/DerivedData/Familienplaner-dmcrrzfthkjbwogvslwbznxtcpok/Build/Intermediates.noindex/ArchiveIntermediates/Familienplaner/IntermediateBuildFilesPath/Familienplaner.build/Release-iphoneos/FamilienplanerWidgets.build/DerivedSources-normal/arm64 -Xcc -I/Users/runner/Library/Developer/Xcode/DerivedData/Familienplaner-dmcrrzfthkjbwogvslwbznxtcpok/Build/Intermediates.noindex/ArchiveIntermediates/Familienplaner/IntermediateBuildFilesPath/Familienplaner.build/Release-iphoneos/FamilienplanerWidgets.build/DerivedSources/arm64 -Xcc -I/Users/runner/Library/Developer/Xcode/DerivedData/Familienplaner-dmcrrzfthkjbwogvslwbznxtcpok/Build/Intermediates.noindex/ArchiveIntermediates/Familienplaner/IntermediateBuildFilesPath/Familienplaner.build/Release-iphoneos/FamilienplanerWidgets.build/DerivedSources -emit-objc-header -emit-objc-header-path /Users/runner/Library/Developer/Xcode/DerivedData/Familienplaner-dmcrrzfthkjbwogvslwbznxtcpok/Build/Intermediates.noindex/ArchiveIntermediates/Familienplaner/IntermediateBuildFilesPath/Familienplaner.build/Release-iphoneos/FamilienplanerWidgets.build/Objects-normal/arm64/FamilienplanerWidgets-Swift.h -working-directory /Users/runner/work/familienplaner/familienplaner -no-emit-module-separately-wmo

SwiftDriver FamilienplanerShare normal arm64 com.apple.xcode.tools.swift.compiler (in target 'FamilienplanerShare' from project 'Familienplaner')
    cd /Users/runner/work/familienplaner/familienplaner
    builtin-SwiftDriver -- /Applications/Xcode_26.6.app/Contents/Developer/Toolchains/XcodeDefault.xctoolchain/usr/bin/swiftc -module-name FamilienplanerShare -O -whole-module-optimization @/Users/runner/Library/Developer/Xcode/DerivedData/Familienplaner-dmcrrzfthkjbwogvslwbznxtcpok/Build/Intermediates.noindex/ArchiveIntermediates/Familienplaner/IntermediateBuildFilesPath/Familienplaner.build/Release-iphoneos/FamilienplanerShare.build/Objects-normal/arm64/FamilienplanerShare.SwiftFileList -enable-bare-slash-regex -enable-experimental-feature DebugDescriptionMacro -sdk /Applications/Xcode_26.6.app/Contents/Developer/Platforms/iPhoneOS.platform/Developer/SDKs/iPhoneOS26.5.sdk -target arm64-apple-ios26.0 -g -module-cache-path /Users/runner/Library/Developer/Xcode/DerivedData/ModuleCache.noindex -Xfrontend -serialize-debugging-options -application-extension -swift-version 5 -I /Users/runner/Library/Developer/Xcode/DerivedData/Familienplaner-dmcrrzfthkjbwogvslwbznxtcpok/Build/Intermediates.noindex/ArchiveIntermediates/Familienplaner/BuildProductsPath/Release-iphoneos -F /Users/runner/Library/Developer/Xcode/DerivedData/Familienplaner-dmcrrzfthkjbwogvslwbznxtcpok/Build/Intermediates.noindex/ArchiveIntermediates/Familienplaner/BuildProductsPath/Release-iphoneos -c -num-threads 3 -Xcc -ivfsstatcache -Xcc /Users/runner/Library/Developer/Xcode/DerivedData/SDKStatCaches.noindex/iphoneos26.5-23F81a-688ef53f1462e2c8f657fdc38a81448fee66e23052a0157c865c76b268046726.sdkstatcache -output-file-map /Users/runner/Library/Developer/Xcode/DerivedData/Familienplaner-dmcrrzfthkjbwogvslwbznxtcpok/Build/Intermediates.noindex/ArchiveIntermediates/Familienplaner/IntermediateBuildFilesPath/Familienplaner.build/Release-iphoneos/FamilienplanerShare.build/Objects-normal/arm64/FamilienplanerShare-OutputFileMap.json -use-frontend-parseable-output -save-temps -no-color-diagnostics -explicit-module-build -module-cache-path /Users/runner/Library/Developer/Xcode/DerivedData/Familienplaner-dmcrrzfthkjbwogvslwbznxtcpok/Build/Intermediates.noindex/ArchiveIntermediates/Familienplaner/IntermediateBuildFilesPath/SwiftExplicitPrecompiledModules -clang-scanner-module-cache-path /Users/runner/Library/Developer/Xcode/DerivedData/ModuleCache.noindex -sdk-module-cache-path /Users/runner/Library/Developer/Xcode/DerivedData/ModuleCache.noindex -serialize-diagnostics -emit-dependencies -emit-module -emit-module-path /Users/runner/Library/Developer/Xcode/DerivedData/Familienplaner-dmcrrzfthkjbwogvslwbznxtcpok/Build/Intermediates.noindex/ArchiveIntermediates/Familienplaner/IntermediateBuildFilesPath/Familienplaner.build/Release-iphoneos/FamilienplanerShare.build/Objects-normal/arm64/FamilienplanerShare.swiftmodule -validate-clang-modules-once -clang-build-session-file /Users/runner/Library/Developer/Xcode/DerivedData/ModuleCache.noindex/Session.modulevalidation -Xcc -I/Users/runner/Library/Developer/Xcode/DerivedData/Familienplaner-dmcrrzfthkjbwogvslwbznxtcpok/Build/Intermediates.noindex/ArchiveIntermediates/Familienplaner/IntermediateBuildFilesPath/Familienplaner.build/Release-iphoneos/FamilienplanerShare.build/swift-overrides.hmap -emit-const-values -Xfrontend -const-gather-protocols-file -Xfrontend /Users/runner/Library/Developer/Xcode/DerivedData/Familienplaner-dmcrrzfthkjbwogvslwbznxtcpok/Build/Intermediates.noindex/ArchiveIntermediates/Familienplaner/IntermediateBuildFilesPath/Familienplaner.build/Release-iphoneos/FamilienplanerShare.build/Objects-normal/arm64/FamilienplanerShare_const_extract_protocols.json -Xcc -iquote -Xcc /Users/runner/Library/Developer/Xcode/DerivedData/Familienplaner-dmcrrzfthkjbwogvslwbznxtcpok/Build/Intermediates.noindex/ArchiveIntermediates/Familienplaner/IntermediateBuildFilesPath/Familienplaner.build/Release-iphoneos/FamilienplanerShare.build/FamilienplanerShare-generated-files.hmap -Xcc -I/Users/runner/Library/Developer/Xcode/DerivedData/Familienplaner-dmcrrzfthkjbwogvslwbznxtcpok/Build/Intermediates.noindex/ArchiveIntermediates/Familienplaner/IntermediateBuildFilesPath/Familienplaner.build/Release-iphoneos/FamilienplanerShare.build/FamilienplanerShare-own-target-headers.hmap -Xcc -I/Users/runner/Library/Developer/Xcode/DerivedData/Familienplaner-dmcrrzfthkjbwogvslwbznxtcpok/Build/Intermediates.noindex/ArchiveIntermediates/Familienplaner/IntermediateBuildFilesPath/Familienplaner.build/Release-iphoneos/FamilienplanerShare.build/FamilienplanerShare-all-target-headers.hmap -Xcc -iquote -Xcc /Users/runner/Library/Developer/Xcode/DerivedData/Familienplaner-dmcrrzfthkjbwogvslwbznxtcpok/Build/Intermediates.noindex/ArchiveIntermediates/Familienplaner/IntermediateBuildFilesPath/Familienplaner.build/Release-iphoneos/FamilienplanerShare.build/FamilienplanerShare-project-headers.hmap -Xcc -I/Users/runner/Library/Developer/Xcode/DerivedData/Familienplaner-dmcrrzfthkjbwogvslwbznxtcpok/Build/Intermediates.noindex/ArchiveIntermediates/Familienplaner/BuildProductsPath/Release-iphoneos/include -Xcc -I/Users/runner/Library/Developer/Xcode/DerivedData/Familienplaner-dmcrrzfthkjbwogvslwbznxtcpok/Build/Intermediates.noindex/ArchiveIntermediates/Familienplaner/IntermediateBuildFilesPath/Familienplaner.build/Release-iphoneos/FamilienplanerShare.build/DerivedSources-normal/arm64 -Xcc -I/Users/runner/Library/Developer/Xcode/DerivedData/Familienplaner-dmcrrzfthkjbwogvslwbznxtcpok/Build/Intermediates.noindex/ArchiveIntermediates/Familienplaner/IntermediateBuildFilesPath/Familienplaner.build/Release-iphoneos/FamilienplanerShare.build/DerivedSources/arm64 -Xcc -I/Users/runner/Library/Developer/Xcode/DerivedData/Familienplaner-dmcrrzfthkjbwogvslwbznxtcpok/Build/Intermediates.noindex/ArchiveIntermediates/Familienplaner/IntermediateBuildFilesPath/Familienplaner.build/Release-iphoneos/FamilienplanerShare.build/DerivedSources -emit-objc-header -emit-objc-header-path /Users/runner/Library/Developer/Xcode/DerivedData/Familienplaner-dmcrrzfthkjbwogvslwbznxtcpok/Build/Intermediates.noindex/ArchiveIntermediates/Familienplaner/IntermediateBuildFilesPath/Familienplaner.build/Release-iphoneos/FamilienplanerShare.build/Objects-normal/arm64/FamilienplanerShare-Swift.h -working-directory /Users/runner/work/familienplaner/familienplaner -no-emit-module-separately-wmo

SwiftDriver\ Compilation FamilienplanerWidgets normal arm64 com.apple.xcode.tools.swift.compiler (in target 'FamilienplanerWidgets' from project 'Familienplaner')
    cd /Users/runner/work/familienplaner/familienplaner
    builtin-Swift-Compilation -- /Applications/Xcode_26.6.app/Contents/Developer/Toolchains/XcodeDefault.xctoolchain/usr/bin/swiftc -module-name FamilienplanerWidgets -O -whole-module-optimization @/Users/runner/Library/Developer/Xcode/DerivedData/Familienplaner-dmcrrzfthkjbwogvslwbznxtcpok/Build/Intermediates.noindex/ArchiveIntermediates/Familienplaner/IntermediateBuildFilesPath/Familienplaner.build/Release-iphoneos/FamilienplanerWidgets.build/Objects-normal/arm64/FamilienplanerWidgets.SwiftFileList -enable-bare-slash-regex -enable-experimental-feature DebugDescriptionMacro -sdk /Applications/Xcode_26.6.app/Contents/Developer/Platforms/iPhoneOS.platform/Developer/SDKs/iPhoneOS26.5.sdk -target arm64-apple-ios26.0 -g -module-cache-path /Users/runner/Library/Developer/Xcode/DerivedData/ModuleCache.noindex -Xfrontend -serialize-debugging-options -application-extension -swift-version 5 -I /Users/runner/Library/Developer/Xcode/DerivedData/Familienplaner-dmcrrzfthkjbwogvslwbznxtcpok/Build/Intermediates.noindex/ArchiveIntermediates/Familienplaner/BuildProductsPath/Release-iphoneos -F /Users/runner/Library/Developer/Xcode/DerivedData/Familienplaner-dmcrrzfthkjbwogvslwbznxtcpok/Build/Intermediates.noindex/ArchiveIntermediates/Familienplaner/BuildProductsPath/Release-iphoneos -c -num-threads 3 -Xcc -ivfsstatcache -Xcc /Users/runner/Library/Developer/Xcode/DerivedData/SDKStatCaches.noindex/iphoneos26.5-23F81a-688ef53f1462e2c8f657fdc38a81448fee66e23052a0157c865c76b268046726.sdkstatcache -output-file-map /Users/runner/Library/Developer/Xcode/DerivedData/Familienplaner-dmcrrzfthkjbwogvslwbznxtcpok/Build/Intermediates.noindex/ArchiveIntermediates/Familienplaner/IntermediateBuildFilesPath/Familienplaner.build/Release-iphoneos/FamilienplanerWidgets.build/Objects-normal/arm64/FamilienplanerWidgets-OutputFileMap.json -use-frontend-parseable-output -save-temps -no-color-diagnostics -explicit-module-build -module-cache-path /Users/runner/Library/Developer/Xcode/DerivedData/Familienplaner-dmcrrzfthkjbwogvslwbznxtcpok/Build/Intermediates.noindex/ArchiveIntermediates/Familienplaner/IntermediateBuildFilesPath/SwiftExplicitPrecompiledModules -clang-scanner-module-cache-path /Users/runner/Library/Developer/Xcode/DerivedData/ModuleCache.noindex -sdk-module-cache-path /Users/runner/Library/Developer/Xcode/DerivedData/ModuleCache.noindex -serialize-diagnostics -emit-dependencies -emit-module -emit-module-path /Users/runner/Library/Developer/Xcode/DerivedData/Familienplaner-dmcrrzfthkjbwogvslwbznxtcpok/Build/Intermediates.noindex/ArchiveIntermediates/Familienplaner/IntermediateBuildFilesPath/Familienplaner.build/Release-iphoneos/FamilienplanerWidgets.build/Objects-normal/arm64/FamilienplanerWidgets.swiftmodule -validate-clang-modules-once -clang-build-session-file /Users/runner/Library/Developer/Xcode/DerivedData/ModuleCache.noindex/Session.modulevalidation -Xcc -I/Users/runner/Library/Developer/Xcode/DerivedData/Familienplaner-dmcrrzfthkjbwogvslwbznxtcpok/Build/Intermediates.noindex/ArchiveIntermediates/Familienplaner/IntermediateBuildFilesPath/Familienplaner.build/Release-iphoneos/FamilienplanerWidgets.build/swift-overrides.hmap -emit-const-values -Xfrontend -const-gather-protocols-file -Xfrontend /Users/runner/Library/Developer/Xcode/DerivedData/Familienplaner-dmcrrzfthkjbwogvslwbznxtcpok/Build/Intermediates.noindex/ArchiveIntermediates/Familienplaner/IntermediateBuildFilesPath/Familienplaner.build/Release-iphoneos/FamilienplanerWidgets.build/Objects-normal/arm64/FamilienplanerWidgets_const_extract_protocols.json -Xcc -iquote -Xcc /Users/runner/Library/Developer/Xcode/DerivedData/Familienplaner-dmcrrzfthkjbwogvslwbznxtcpok/Build/Intermediates.noindex/ArchiveIntermediates/Familienplaner/IntermediateBuildFilesPath/Familienplaner.build/Release-iphoneos/FamilienplanerWidgets.build/FamilienplanerWidgets-generated-files.hmap -Xcc -I/Users/runner/Library/Developer/Xcode/DerivedData/Familienplaner-dmcrrzfthkjbwogvslwbznxtcpok/Build/Intermediates.noindex/ArchiveIntermediates/Familienplaner/IntermediateBuildFilesPath/Familienplaner.build/Release-iphoneos/FamilienplanerWidgets.build/FamilienplanerWidgets-own-target-headers.hmap -Xcc -I/Users/runner/Library/Developer/Xcode/DerivedData/Familienplaner-dmcrrzfthkjbwogvslwbznxtcpok/Build/Intermediates.noindex/ArchiveIntermediates/Familienplaner/IntermediateBuildFilesPath/Familienplaner.build/Release-iphoneos/FamilienplanerWidgets.build/FamilienplanerWidgets-all-target-headers.hmap -Xcc -iquote -Xcc /Users/runner/Library/Developer/Xcode/DerivedData/Familienplaner-dmcrrzfthkjbwogvslwbznxtcpok/Build/Intermediates.noindex/ArchiveIntermediates/Familienplaner/IntermediateBuildFilesPath/Familienplaner.build/Release-iphoneos/FamilienplanerWidgets.build/FamilienplanerWidgets-project-headers.hmap -Xcc -I/Users/runner/Library/Developer/Xcode/DerivedData/Familienplaner-dmcrrzfthkjbwogvslwbznxtcpok/Build/Intermediates.noindex/ArchiveIntermediates/Familienplaner/BuildProductsPath/Release-iphoneos/include -Xcc -I/Users/runner/Library/Developer/Xcode/DerivedData/Familienplaner-dmcrrzfthkjbwogvslwbznxtcpok/Build/Intermediates.noindex/ArchiveIntermediates/Familienplaner/IntermediateBuildFilesPath/Familienplaner.build/Release-iphoneos/FamilienplanerWidgets.build/DerivedSources-normal/arm64 -Xcc -I/Users/runner/Library/Developer/Xcode/DerivedData/Familienplaner-dmcrrzfthkjbwogvslwbznxtcpok/Build/Intermediates.noindex/ArchiveIntermediates/Familienplaner/IntermediateBuildFilesPath/Familienplaner.build/Release-iphoneos/FamilienplanerWidgets.build/DerivedSources/arm64 -Xcc -I/Users/runner/Library/Developer/Xcode/DerivedData/Familienplaner-dmcrrzfthkjbwogvslwbznxtcpok/Build/Intermediates.noindex/ArchiveIntermediates/Familienplaner/IntermediateBuildFilesPath/Familienplaner.build/Release-iphoneos/FamilienplanerWidgets.build/DerivedSources -emit-objc-header -emit-objc-header-path /Users/runner/Library/Developer/Xcode/DerivedData/Familienplaner-dmcrrzfthkjbwogvslwbznxtcpok/Build/Intermediates.noindex/ArchiveIntermediates/Familienplaner/IntermediateBuildFilesPath/Familienplaner.build/Release-iphoneos/FamilienplanerWidgets.build/Objects-normal/arm64/FamilienplanerWidgets-Swift.h -working-directory /Users/runner/work/familienplaner/familienplaner -no-emit-module-separately-wmo

SwiftExplicitDependencyGeneratePcm arm64 /Users/runner/Library/Developer/Xcode/DerivedData/ModuleCache.noindex/_Builtin_stdbool-3PNRWKV6U7IP5RDER7CE0ESGY.pcm

SwiftExplicitDependencyGeneratePcm arm64 /Users/runner/Library/Developer/Xcode/DerivedData/ModuleCache.noindex/ActivityKit-292FI2NJEWYT8UW7Z1XXVVR4W.pcm

SwiftExplicitDependencyGeneratePcm arm64 /Users/runner/Library/Developer/Xcode/DerivedData/ModuleCache.noindex/ptrcheck-CJMXUSH3LR4SB4J5FD4RYLGRQ.pcm

SwiftExplicitDependencyGeneratePcm arm64 /Users/runner/Library/Developer/Xcode/DerivedData/ModuleCache.noindex/SwiftShims-2IC1VW7SEJDJJWQTFLLL888RR.pcm

SwiftExplicitDependencyGeneratePcm arm64 /Users/runner/Library/Developer/Xcode/DerivedData/ModuleCache.noindex/_Builtin_float-8B3H1CYJC5RVYJI6YLSPIWJHX.pcm

SwiftExplicitDependencyGeneratePcm arm64 /Users/runner/Library/Developer/Xcode/DerivedData/ModuleCache.noindex/DeveloperToolsSupport-5EK5ARHIG58AFTTNAAGGDUY2W.pcm

SwiftExplicitDependencyGeneratePcm arm64 /Users/runner/Library/Developer/Xcode/DerivedData/ModuleCache.noindex/ptrauth-17DP4UX9P4F7CSDUSNZ4P05ZK.pcm

SwiftExplicitDependencyGeneratePcm arm64 /Users/runner/Library/Developer/Xcode/DerivedData/ModuleCache.noindex/_SwiftConcurrencyShims-8MELALRONI71T1MSW43RNDFK.pcm

SwiftExplicitDependencyGeneratePcm arm64 /Users/runner/Library/Developer/Xcode/DerivedData/ModuleCache.noindex/_AvailabilityInternal-A72B61Z6S6AJ108SEYAINLVZ0.pcm

SwiftExplicitDependencyGeneratePcm arm64 /Users/runner/Library/Developer/Xcode/DerivedData/ModuleCache.noindex/_Builtin_stdarg-C3GJILYYJEHUT817O19ZGZHHY.pcm

SwiftExplicitDependencyGeneratePcm arm64 /Users/runner/Library/Developer/Xcode/DerivedData/ModuleCache.noindex/_Builtin_stddef-E4GCIV4ANZLT6KLWD07OUVOD2.pcm

SwiftDriver\ Compilation FamilienplanerShare normal arm64 com.apple.xcode.tools.swift.compiler (in target 'FamilienplanerShare' from project 'Familienplaner')
    cd /Users/runner/work/familienplaner/familienplaner
    builtin-Swift-Compilation -- /Applications/Xcode_26.6.app/Contents/Developer/Toolchains/XcodeDefault.xctoolchain/usr/bin/swiftc -module-name FamilienplanerShare -O -whole-module-optimization @/Users/runner/Library/Developer/Xcode/DerivedData/Familienplaner-dmcrrzfthkjbwogvslwbznxtcpok/Build/Intermediates.noindex/ArchiveIntermediates/Familienplaner/IntermediateBuildFilesPath/Familienplaner.build/Release-iphoneos/FamilienplanerShare.build/Objects-normal/arm64/FamilienplanerShare.SwiftFileList -enable-bare-slash-regex -enable-experimental-feature DebugDescriptionMacro -sdk /Applications/Xcode_26.6.app/Contents/Developer/Platforms/iPhoneOS.platform/Developer/SDKs/iPhoneOS26.5.sdk -target arm64-apple-ios26.0 -g -module-cache-path /Users/runner/Library/Developer/Xcode/DerivedData/ModuleCache.noindex -Xfrontend -serialize-debugging-options -application-extension -swift-version 5 -I /Users/runner/Library/Developer/Xcode/DerivedData/Familienplaner-dmcrrzfthkjbwogvslwbznxtcpok/Build/Intermediates.noindex/ArchiveIntermediates/Familienplaner/BuildProductsPath/Release-iphoneos -F /Users/runner/Library/Developer/Xcode/DerivedData/Familienplaner-dmcrrzfthkjbwogvslwbznxtcpok/Build/Intermediates.noindex/ArchiveIntermediates/Familienplaner/BuildProductsPath/Release-iphoneos -c -num-threads 3 -Xcc -ivfsstatcache -Xcc /Users/runner/Library/Developer/Xcode/DerivedData/SDKStatCaches.noindex/iphoneos26.5-23F81a-688ef53f1462e2c8f657fdc38a81448fee66e23052a0157c865c76b268046726.sdkstatcache -output-file-map /Users/runner/Library/Developer/Xcode/DerivedData/Familienplaner-dmcrrzfthkjbwogvslwbznxtcpok/Build/Intermediates.noindex/ArchiveIntermediates/Familienplaner/IntermediateBuildFilesPath/Familienplaner.build/Release-iphoneos/FamilienplanerShare.build/Objects-normal/arm64/FamilienplanerShare-OutputFileMap.json -use-frontend-parseable-output -save-temps -no-color-diagnostics -explicit-module-build -module-cache-path /Users/runner/Library/Developer/Xcode/DerivedData/Familienplaner-dmcrrzfthkjbwogvslwbznxtcpok/Build/Intermediates.noindex/ArchiveIntermediates/Familienplaner/IntermediateBuildFilesPath/SwiftExplicitPrecompiledModules -clang-scanner-module-cache-path /Users/runner/Library/Developer/Xcode/DerivedData/ModuleCache.noindex -sdk-module-cache-path /Users/runner/Library/Developer/Xcode/DerivedData/ModuleCache.noindex -serialize-diagnostics -emit-dependencies -emit-module -emit-module-path /Users/runner/Library/Developer/Xcode/DerivedData/Familienplaner-dmcrrzfthkjbwogvslwbznxtcpok/Build/Intermediates.noindex/ArchiveIntermediates/Familienplaner/IntermediateBuildFilesPath/Familienplaner.build/Release-iphoneos/FamilienplanerShare.build/Objects-normal/arm64/FamilienplanerShare.swiftmodule -validate-clang-modules-once -clang-build-session-file /Users/runner/Library/Developer/Xcode/DerivedData/ModuleCache.noindex/Session.modulevalidation -Xcc -I/Users/runner/Library/Developer/Xcode/DerivedData/Familienplaner-dmcrrzfthkjbwogvslwbznxtcpok/Build/Intermediates.noindex/ArchiveIntermediates/Familienplaner/IntermediateBuildFilesPath/Familienplaner.build/Release-iphoneos/FamilienplanerShare.build/swift-overrides.hmap -emit-const-values -Xfrontend -const-gather-protocols-file -Xfrontend /Users/runner/Library/Developer/Xcode/DerivedData/Familienplaner-dmcrrzfthkjbwogvslwbznxtcpok/Build/Intermediates.noindex/ArchiveIntermediates/Familienplaner/IntermediateBuildFilesPath/Familienplaner.build/Release-iphoneos/FamilienplanerShare.build/Objects-normal/arm64/FamilienplanerShare_const_extract_protocols.json -Xcc -iquote -Xcc /Users/runner/Library/Developer/Xcode/DerivedData/Familienplaner-dmcrrzfthkjbwogvslwbznxtcpok/Build/Intermediates.noindex/ArchiveIntermediates/Familienplaner/IntermediateBuildFilesPath/Familienplaner.build/Release-iphoneos/FamilienplanerShare.build/FamilienplanerShare-generated-files.hmap -Xcc -I/Users/runner/Library/Developer/Xcode/DerivedData/Familienplaner-dmcrrzfthkjbwogvslwbznxtcpok/Build/Intermediates.noindex/ArchiveIntermediates/Familienplaner/IntermediateBuildFilesPath/Familienplaner.build/Release-iphoneos/FamilienplanerShare.build/FamilienplanerShare-own-target-headers.hmap -Xcc -I/Users/runner/Library/Developer/Xcode/DerivedData/Familienplaner-dmcrrzfthkjbwogvslwbznxtcpok/Build/Intermediates.noindex/ArchiveIntermediates/Familienplaner/IntermediateBuildFilesPath/Familienplaner.build/Release-iphoneos/FamilienplanerShare.build/FamilienplanerShare-all-target-headers.hmap -Xcc -iquote -Xcc /Users/runner/Library/Developer/Xcode/DerivedData/Familienplaner-dmcrrzfthkjbwogvslwbznxtcpok/Build/Intermediates.noindex/ArchiveIntermediates/Familienplaner/IntermediateBuildFilesPath/Familienplaner.build/Release-iphoneos/FamilienplanerShare.build/FamilienplanerShare-project-headers.hmap -Xcc -I/Users/runner/Library/Developer/Xcode/DerivedData/Familienplaner-dmcrrzfthkjbwogvslwbznxtcpok/Build/Intermediates.noindex/ArchiveIntermediates/Familienplaner/BuildProductsPath/Release-iphoneos/include -Xcc -I/Users/runner/Library/Developer/Xcode/DerivedData/Familienplaner-dmcrrzfthkjbwogvslwbznxtcpok/Build/Intermediates.noindex/ArchiveIntermediates/Familienplaner/IntermediateBuildFilesPath/Familienplaner.build/Release-iphoneos/FamilienplanerShare.build/DerivedSources-normal/arm64 -Xcc -I/Users/runner/Library/Developer/Xcode/DerivedData/Familienplaner-dmcrrzfthkjbwogvslwbznxtcpok/Build/Intermediates.noindex/ArchiveIntermediates/Familienplaner/IntermediateBuildFilesPath/Familienplaner.build/Release-iphoneos/FamilienplanerShare.build/DerivedSources/arm64 -Xcc -I/Users/runner/Library/Developer/Xcode/DerivedData/Familienplaner-dmcrrzfthkjbwogvslwbznxtcpok/Build/Intermediates.noindex/ArchiveIntermediates/Familienplaner/IntermediateBuildFilesPath/Familienplaner.build/Release-iphoneos/FamilienplanerShare.build/DerivedSources -emit-objc-header -emit-objc-header-path /Users/runner/Library/Developer/Xcode/DerivedData/Familienplaner-dmcrrzfthkjbwogvslwbznxtcpok/Build/Intermediates.noindex/ArchiveIntermediates/Familienplaner/IntermediateBuildFilesPath/Familienplaner.build/Release-iphoneos/FamilienplanerShare.build/Objects-normal/arm64/FamilienplanerShare-Swift.h -working-directory /Users/runner/work/familienplaner/familienplaner -no-emit-module-separately-wmo

SwiftExplicitDependencyGeneratePcm arm64 /Users/runner/Library/Developer/Xcode/DerivedData/ModuleCache.noindex/_DarwinFoundation1-2QBNCP7GUXF83GKQKAB4RFLFK.pcm

SwiftExplicitDependencyGeneratePcm arm64 /Users/runner/Library/Developer/Xcode/DerivedData/ModuleCache.noindex/_DarwinFoundation2-6L91C5Z9KUQ017R3U56A0RE7Z.pcm

SwiftExplicitDependencyGeneratePcm arm64 /Users/runner/Library/Developer/Xcode/DerivedData/ModuleCache.noindex/ExtensionFoundation-30N7CTEZYJ3270TYE48BCUOY.pcm

SwiftExplicitDependencyGeneratePcm arm64 /Users/runner/Library/Developer/Xcode/DerivedData/ModuleCache.noindex/_Builtin_limits-9HNVCQN453LU37ZIPQZGIV89E.pcm

SwiftExplicitDependencyGeneratePcm arm64 /Users/runner/Library/Developer/Xcode/DerivedData/ModuleCache.noindex/_Builtin_tgmath-2HJS77SWY1FVCBJV4TYIQFPRI.pcm

SwiftExplicitDependencyGeneratePcm arm64 /Users/runner/Library/Developer/Xcode/DerivedData/ModuleCache.noindex/sys_types-AEOSO07EY7QW5HKKPA1XQ74VT.pcm

SwiftExplicitDependencyGeneratePcm arm64 /Users/runner/Library/Developer/Xcode/DerivedData/ModuleCache.noindex/_Builtin_stdint-ZDC1PVYVSCPRB7JHCZWB1B16.pcm

SwiftExplicitDependencyGeneratePcm arm64 /Users/runner/Library/Developer/Xcode/DerivedData/ModuleCache.noindex/_DarwinFoundation3-BP95BDNW9UCYM8ZIME93ELDU.pcm

SwiftExplicitDependencyGeneratePcm arm64 /Users/runner/Library/Developer/Xcode/DerivedData/ModuleCache.noindex/_Builtin_stdatomic-5FM1WXQ8O0PVWUV1VQOOJDY09.pcm

SwiftExplicitDependencyGeneratePcm arm64 /Users/runner/Library/Developer/Xcode/DerivedData/ModuleCache.noindex/_Builtin_intrinsics-81L64AJTDIWE1HMBBIR3OJUH3.pcm

SwiftExplicitDependencyGeneratePcm arm64 /Users/runner/Library/Developer/Xcode/DerivedData/ModuleCache.noindex/_Builtin_inttypes-8Q4WOFH1A0FVTNFAWN9FTR2Z3.pcm

SwiftExplicitDependencyGeneratePcm arm64 /Users/runner/Library/Developer/Xcode/DerivedData/ModuleCache.noindex/Darwin-A7EZOVGXNSHL98SGV7DRL4TZ8.pcm

SwiftExplicitDependencyGeneratePcm arm64 /Users/runner/Library/Developer/Xcode/DerivedData/ModuleCache.noindex/simd-2COXV8JV2D3F5ONA2PPAIZ1.pcm

SwiftExplicitDependencyGeneratePcm arm64 /Users/runner/Library/Developer/Xcode/DerivedData/ModuleCache.noindex/MachO-3ELXUIMGP2XVYVLC8T9ZAH6GM.pcm

SwiftExplicitDependencyGeneratePcm arm64 /Users/runner/Library/Developer/Xcode/DerivedData/ModuleCache.noindex/ObjectiveC-F4JX60ERR358K951F6VFXUMEK.pcm

SwiftExplicitDependencyGeneratePcm arm64 /Users/runner/Library/Developer/Xcode/DerivedData/ModuleCache.noindex/os_object-8WEJ51FMHIFKAI9U9NJIXL55V.pcm

SwiftExplicitDependencyGeneratePcm arm64 /Users/runner/Library/Developer/Xcode/DerivedData/ModuleCache.noindex/os_workgroup-9G8WSHD7HTWW6X4OH0KDK6BOS.pcm

SwiftExplicitDependencyGeneratePcm arm64 /Users/runner/Library/Developer/Xcode/DerivedData/ModuleCache.noindex/Dispatch-69DQGCDDZXD3L7QJ3P40KEPTZ.pcm

SwiftExplicitDependencyGeneratePcm arm64 /Users/runner/Library/Developer/Xcode/DerivedData/ModuleCache.noindex/Spatial-39L0O1H2ZTD2LDXS032VHA0W3.pcm

SwiftExplicitDependencyGeneratePcm arm64 /Users/runner/Library/Developer/Xcode/DerivedData/ModuleCache.noindex/dnssd-E5INH01FYZJRXOHXT8H69QPH.pcm

SwiftExplicitDependencyGeneratePcm arm64 /Users/runner/Library/Developer/Xcode/DerivedData/ModuleCache.noindex/XPC-GOD69N6HIZI87N3ARARRKK0Q.pcm

SwiftExplicitDependencyGeneratePcm arm64 /Users/runner/Library/Developer/Xcode/DerivedData/ModuleCache.noindex/CoreFoundation-53QAUNQDHRS0NCFJ786MV5UCW.pcm

SwiftExplicitDependencyGeneratePcm arm64 /Users/runner/Library/Developer/Xcode/DerivedData/ModuleCache.noindex/os-BA7R3I23C5D0YSSK3BQL1CWKE.pcm

SwiftExplicitDependencyGeneratePcm arm64 /Users/runner/Library/Developer/Xcode/DerivedData/ModuleCache.noindex/CoreGraphics-E7E6PVIJBJCIMS9KF91X56IUI.pcm

SwiftExplicitDependencyGeneratePcm arm64 /Users/runner/Library/Developer/Xcode/DerivedData/ModuleCache.noindex/Security-DKPO6BGELNP41W4MHF8WDR3WE.pcm

SwiftExplicitDependencyGeneratePcm arm64 /Users/runner/Library/Developer/Xcode/DerivedData/ModuleCache.noindex/CFNetwork-7HMXZAFU1RW4R4177IUXTMSY0.pcm

SwiftExplicitDependencyGeneratePcm arm64 /Users/runner/Library/Developer/Xcode/DerivedData/ModuleCache.noindex/Foundation-3HHWCH741T49CSBURNRR9X1TU.pcm

SwiftExplicitDependencyGeneratePcm arm64 /Users/runner/Library/Developer/Xcode/DerivedData/ModuleCache.noindex/CoreText-8QKMCK8ZY1HMKNE8Q7M3BOJV2.pcm

SwiftExplicitDependencyGeneratePcm arm64 /Users/runner/Library/Developer/Xcode/DerivedData/ModuleCache.noindex/ImageIO-38Z5VJG0W8ST3V4F7KMOOUJPL.pcm

SwiftExplicitDependencyGeneratePcm arm64 /Users/runner/Library/Developer/Xcode/DerivedData/ModuleCache.noindex/_LocationEssentials-GAIJNUIWPO2S3BFKT9KSCE7V.pcm

SwiftExplicitDependencyGeneratePcm arm64 /Users/runner/Library/Developer/Xcode/DerivedData/ModuleCache.noindex/Symbols-4C68NZBZQ2VPPWSPMZNZSPQA0.pcm

SwiftExplicitDependencyGeneratePcm arm64 /Users/runner/Library/Developer/Xcode/DerivedData/ModuleCache.noindex/CoreTransferable-BR30ELP92CIVSHMVRUJ72BLVY.pcm

SwiftExplicitDependencyGeneratePcm arm64 /Users/runner/Library/Developer/Xcode/DerivedData/ModuleCache.noindex/UIUtilities-BSOIJAKAWBE0C3WG0PD2V4P6H.pcm

SwiftExplicitDependencyGeneratePcm arm64 /Users/runner/Library/Developer/Xcode/DerivedData/ModuleCache.noindex/WidgetKit-C2HTPE0L4GQ4T2VRA7RIOC493.pcm

SwiftExplicitDependencyGeneratePcm arm64 /Users/runner/Library/Developer/Xcode/DerivedData/ModuleCache.noindex/CoreLocation-DMH7EDQQ33HUJX3YYXN0TBNKK.pcm

SwiftExplicitDependencyGeneratePcm arm64 /Users/runner/Library/Developer/Xcode/DerivedData/ModuleCache.noindex/RelevanceKit-6VPH8HXDDY8UOQ6JYT96FNQFY.pcm

SwiftExplicitDependencyGeneratePcm arm64 /Users/runner/Library/Developer/Xcode/DerivedData/ModuleCache.noindex/FileProvider-3NSV4YACM5VARRTN1QC14SNL3.pcm

SwiftExplicitDependencyGeneratePcm arm64 /Users/runner/Library/Developer/Xcode/DerivedData/ModuleCache.noindex/DataDetection-D27H1CSIE312WXPPVWI8Z0630.pcm

SwiftExplicitDependencyGeneratePcm arm64 /Users/runner/Library/Developer/Xcode/DerivedData/ModuleCache.noindex/IOSurface-4EXW04ZJ7W1EORJDG6C45EB1U.pcm

SwiftExplicitDependencyGeneratePcm arm64 /Users/runner/Library/Developer/Xcode/DerivedData/ModuleCache.noindex/UserNotifications-DAUAE8WUUMOLKQP28YFETRUOL.pcm

SwiftExplicitDependencyGeneratePcm arm64 /Users/runner/Library/Developer/Xcode/DerivedData/ModuleCache.noindex/AppIntents-4O99VCJMQSV5R40PWM4HJ0MEC.pcm

SwiftExplicitDependencyGeneratePcm arm64 /Users/runner/Library/Developer/Xcode/DerivedData/ModuleCache.noindex/UniformTypeIdentifiers-2RUMI3ZYH6XB3J6LMGHU689Q6.pcm

SwiftExplicitDependencyGeneratePcm arm64 /Users/runner/Library/Developer/Xcode/DerivedData/ModuleCache.noindex/Metal-8DZEYBY3G1H45NPF2W3J0NTNO.pcm

SwiftExplicitDependencyGeneratePcm arm64 /Users/runner/Library/Developer/Xcode/DerivedData/ModuleCache.noindex/OpenGLES-EME6M6UQB08MAC8U7NF5S8II7.pcm

SwiftExplicitDependencyGeneratePcm arm64 /Users/runner/Library/Developer/Xcode/DerivedData/ModuleCache.noindex/Intents-BOEOIR1UUIRYLYYJ0SMGPW2QU.pcm

SwiftExplicitDependencyGeneratePcm arm64 /Users/runner/Library/Developer/Xcode/DerivedData/ModuleCache.noindex/CoreSpotlight-2MVLWHWZMUA7LWQ9GPXL26B9N.pcm

SwiftExplicitDependencyGeneratePcm arm64 /Users/runner/Library/Developer/Xcode/DerivedData/ModuleCache.noindex/OSLog-ASQPTFW0LF1S8DJGEWEDGF197.pcm

SwiftExplicitDependencyGeneratePcm arm64 /Users/runner/Library/Developer/Xcode/DerivedData/ModuleCache.noindex/CoreVideo-DS6OXG7GJ7EZ6JLCIXT6YU9J8.pcm

SwiftExplicitDependencyGeneratePcm arm64 /Users/runner/Library/Developer/Xcode/DerivedData/ModuleCache.noindex/CoreData-96IN9CNC0X4I4UPQ1EPLJKGVM.pcm

SwiftExplicitDependencyGeneratePcm arm64 /Users/runner/Library/Developer/Xcode/DerivedData/ModuleCache.noindex/Accessibility-1HBSN88DEOCULQ9GRUJOEONT1.pcm

SwiftExplicitDependencyGeneratePcm arm64 /Users/runner/Library/Developer/Xcode/DerivedData/ModuleCache.noindex/CoreImage-PDDX7DCTMHI0FGRR58ZRPWCI.pcm

SwiftExplicitDependencyGeneratePcm arm64 /Users/runner/Library/Developer/Xcode/DerivedData/ModuleCache.noindex/QuartzCore-3W1EOB32NOJ98L406VNB8MWJL.pcm

SwiftExplicitDependencyGeneratePcm arm64 /Users/runner/Library/Developer/Xcode/DerivedData/ModuleCache.noindex/Network-9LM0LF0BNAXUZ5HJAVCXEYZWM.pcm

SwiftExplicitDependencyGeneratePcm arm64 /Users/runner/Library/Developer/Xcode/DerivedData/ModuleCache.noindex/SwiftUICore-EJLYDWCWIJSX8YBNCX5Y0R2AS.pcm

SwiftExplicitDependencyGeneratePcm arm64 /Users/runner/Library/Developer/Xcode/DerivedData/ModuleCache.noindex/UIKit-C6JD8N652RYF1G0H83UI3D3PV.pcm

SwiftExplicitDependencyGeneratePcm arm64 /Users/runner/Library/Developer/Xcode/DerivedData/ModuleCache.noindex/SwiftUI-5KU8QF0ZED8LQBMZ35JB1FT75.pcm

SwiftExplicitDependencyGeneratePcm arm64 /Users/runner/Library/Developer/Xcode/DerivedData/ModuleCache.noindex/PDFKit-18N5NYL1RAQ83F1E0YAKFJFEW.pcm

SwiftCompile normal arm64 Compiling\ FamilienplanerWidgets.swift,\ SharedInbox.swift,\ Theme.swift,\ WatchSnapshot.swift,\ WidgetBridge.swift /Users/runner/work/familienplaner/familienplaner/Widgets/FamilienplanerWidgets.swift /Users/runner/work/familienplaner/familienplaner/Shared/SharedInbox.swift /Users/runner/work/familienplaner/familienplaner/Sources/DesignSystem/Theme.swift /Users/runner/work/familienplaner/familienplaner/Shared/WatchSnapshot.swift /Users/runner/work/familienplaner/familienplaner/Shared/WidgetBridge.swift /Applications/Xcode_26.6.app/Contents/Developer/Toolchains/XcodeDefault.xctoolchain/usr/lib/swift/iphoneos/prebuilt-modules/26.5/os.swiftmodule/arm64e-apple-ios.swiftmodule /Applications/Xcode_26.6.app/Contents/Developer/Toolchains/XcodeDefault.xctoolchain/usr/lib/swift/iphoneos/prebuilt-modules/26.5/CoreTransferable.swiftmodule/arm64e-apple-ios.swiftmodule /Applications/Xcode_26.6.app/Contents/Developer/Toolchains/XcodeDefault.xctoolchain/usr/lib/swift/iphoneos/prebuilt-modules/26.5/Darwin.swiftmodule/arm64e-apple-ios.swiftmodule /Applications/Xcode_26.6.app/Contents/Developer/Toolchains/XcodeDefault.xctoolchain/usr/lib/swift/iphoneos/prebuilt-modules/26.5/Foundation.swiftmodule/arm64e-apple-ios.swiftmodule /Applications/Xcode_26.6.app/Contents/Developer/Toolchains/XcodeDefault.xctoolchain/usr/lib/swift/iphoneos/prebuilt-modules/26.5/_DarwinFoundation2.swiftmodule/arm64e-apple-ios.swiftmodule /Applications/Xcode_26.6.app/Contents/Developer/Toolchains/XcodeDefault.xctoolchain/usr/lib/swift/iphoneos/prebuilt-modules/26.5/_AppIntents_SwiftUI.swiftmodule/arm64e-apple-ios.swiftmodule /Applications/Xcode_26.6.app/Contents/Developer/Toolchains/XcodeDefault.xctoolchain/usr/lib/swift/iphoneos/prebuilt-modules/26.5/Observation.swiftmodule/arm64e-apple-ios.swiftmodule /Applications/Xcode_26.6.app/Contents/Developer/Toolchains/XcodeDefault.xctoolchain/usr/lib/swift/iphoneos/prebuilt-modules/26.5/Network.swiftmodule/arm64e-apple-ios.swiftmodule /Applications/Xcode_26.6.app/Contents/Developer/Toolchains/XcodeDefault.xctoolchain/usr/lib/swift/iphoneos/prebuilt-modules/26.5/CoreLocation.swiftmodule/arm64e-apple-ios.swiftmodule /Applications/Xcode_26.6.app/Contents/Developer/Toolchains/XcodeDefault.xctoolchain/usr/lib/swift/iphoneos/prebuilt-modules/26.5/CoreFoundation.swiftmodule/arm64e-apple-ios.swiftmodule /Applications/Xcode_26.6.app/Contents/Developer/Toolchains/XcodeDefault.xctoolchain/usr/lib/swift/iphoneos/prebuilt-modules/26.5/Dispatch.swiftmodule/arm64e-apple-ios.swiftmodule /Applications/Xcode_26.6.app/Contents/Developer/Toolchains/XcodeDefault.xctoolchain/usr/lib/swift/iphoneos/prebuilt-modules/26.5/UniformTypeIdentifiers.swiftmodule/arm64e-apple-ios.swiftmodule /Applications/Xcode_26.6.app/Contents/Developer/Toolchains/XcodeDefault.xctoolchain/usr/lib/swift/iphoneos/prebuilt-modules/26.5/Combine.swiftmodule/arm64e-apple-ios.swiftmodule /Applications/Xcode_26.6.app/Contents/Developer/Toolchains/XcodeDefault.xctoolchain/usr/lib/swift/iphoneos/prebuilt-modules/26.5/simd.swiftmodule/arm64e-apple-ios.swiftmodule /Applications/Xcode_26.6.app/Contents/Developer/Toolchains/XcodeDefault.xctoolchain/usr/lib/swift/iphoneos/prebuilt-modules/26.5/Metal.swiftmodule/arm64e-apple-ios.swiftmodule /Applications/Xcode_26.6.app/Contents/Developer/Toolchains/XcodeDefault.xctoolchain/usr/lib/swift/iphoneos/prebuilt-modules/26.5/_StringProcessing.swiftmodule/arm64e-apple-ios.swiftmodule /Applications/Xcode_26.6.app/Contents/Developer/Toolchains/XcodeDefault.xctoolchain/usr/lib/swift/iphoneos/prebuilt-modules/26.5/OSLog.swiftmodule/arm64e-apple-ios.swiftmodule /Applications/Xcode_26.6.app/Contents/Developer/Toolchains/XcodeDefault.xctoolchain/usr/lib/swift/iphoneos/prebuilt-modules/26.5/LightweightCodeRequirements.swiftmodule/arm64e-apple-ios.swiftmodule /Applications/Xcode_26.6.app/Contents/Developer/Toolchains/XcodeDefault.xctoolchain/usr/lib/swift/iphoneos/prebuilt-modules/26.5/AppIntents.swiftmodule/arm64e-apple-ios.swiftmodule /Applications/Xcode_26.6.app/Contents/Developer/Toolchains/XcodeDefault.xctoolchain/usr/lib/swift/iphoneos/prebuilt-modules/26.5/WidgetKit.swiftmodule/arm64e-apple-ios.swiftmodule /Applications/Xcode_26.6.app/Contents/Developer/Toolchains/XcodeDefault.xctoolchain/usr/lib/swift/iphoneos/prebuilt-modules/26.5/CoreData.swiftmodule/arm64e-apple-ios.swiftmodule /Applications/Xcode_26.6.app/Contents/Developer/Toolchains/XcodeDefault.xctoolchain/usr/lib/swift/iphoneos/prebuilt-modules/26.5/ExtensionFoundation.swiftmodule/arm64e-apple-ios.swiftmodule /Applications/Xcode_26.6.app/Contents/Developer/Toolchains/XcodeDefault.xctoolchain/usr/lib/swift/iphoneos/prebuilt-modules/26.5/_Concurrency.swiftmodule/arm64e-apple-ios.swiftmodule /Applications/Xcode_26.6.app/Contents/Developer/Toolchains/XcodeDefault.xctoolchain/usr/lib/swift/iphoneos/prebuilt-modules/26.5/SwiftUI.swiftmodule/arm64e-apple-ios.swiftmodule /Applications/Xcode_26.6.app/Contents/Developer/Toolchains/XcodeDefault.xctoolchain/usr/lib/swift/iphoneos/prebuilt-modules/26.5/XPC.swiftmodule/arm64e-apple-ios.swiftmodule /Applications/Xcode_26.6.app/Contents/Developer/Toolchains/XcodeDefault.xctoolchain/usr/lib/swift/iphoneos/prebuilt-modules/26.5/CoreGraphics.swiftmodule/arm64e-apple-ios.swiftmodule /Applications/Xcode_26.6.app/Contents/Developer/Toolchains/XcodeDefault.xctoolchain/usr/lib/swift/iphoneos/prebuilt-modules/26.5/DeveloperToolsSupport.swiftmodule/arm64e-apple-ios.swiftmodule /Applications/Xcode_26.6.app/Contents/Developer/Toolchains/XcodeDefault.xctoolchain/usr/lib/swift/iphoneos/prebuilt-modules/26.5/SwiftUICore.swiftmodule/arm64e-apple-ios.swiftmodule /Applications/Xcode_26.6.app/Contents/Developer/Toolchains/XcodeDefault.xctoolchain/usr/lib/swift/iphoneos/prebuilt-modules/26.5/DataDetection.swiftmodule/arm64e-apple-ios.swiftmodule /Applications/Xcode_26.6.app/Contents/Developer/Toolchains/XcodeDefault.xctoolchain/usr/lib/swift/iphoneos/prebuilt-modules/26.5/ObjectiveC.swiftmodule/arm64e-apple-ios.swiftmodule /Applications/Xcode_26.6.app/Contents/Developer/Toolchains/XcodeDefault.xctoolchain/usr/lib/swift/iphoneos/prebuilt-modules/26.5/Distributed.swiftmodule/arm64e-apple-ios.swiftmodule /Applications/Xcode_26.6.app/Contents/Developer/Toolchains/XcodeDefault.xctoolchain/usr/lib/swift/iphoneos/prebuilt-modules/26.5/UIKit.swiftmodule/arm64e-apple-ios.swiftmodule /Applications/Xcode_26.6.app/Contents/Developer/Toolchains/XcodeDefault.xctoolchain/usr/lib/swift/iphoneos/prebuilt-modules/26.5/_DarwinFoundation1.swiftmodule/arm64e-apple-ios.swiftmodule /Applications/Xcode_26.6.app/Contents/Developer/Toolchains/XcodeDefault.xctoolchain/usr/lib/swift/iphoneos/prebuilt-modules/26.5/Intents.swiftmodule/arm64e-apple-ios.swiftmodule /Applications/Xcode_26.6.app/Contents/Developer/Toolchains/XcodeDefault.xctoolchain/usr/lib/swift/iphoneos/prebuilt-modules/26.5/ActivityKit.swiftmodule/arm64e-apple-ios.swiftmodule /Applications/Xcode_26.6.app/Contents/Developer/Toolchains/XcodeDefault.xctoolchain/usr/lib/swift/iphoneos/prebuilt-modules/26.5/_DarwinFoundation3.swiftmodule/arm64e-apple-ios.swiftmodule /Applications/Xcode_26.6.app/Contents/Developer/Toolchains/XcodeDefault.xctoolchain/usr/lib/swift/iphoneos/prebuilt-modules/26.5/Symbols.swiftmodule/arm64e-apple-ios.swiftmodule /Applications/Xcode_26.6.app/Contents/Developer/Toolchains/XcodeDefault.xctoolchain/usr/lib/swift/iphoneos/prebuilt-modules/26.5/CoreVideo.swiftmodule/arm64e-apple-ios.swiftmodule /Applications/Xcode_26.6.app/Contents/Developer/Toolchains/XcodeDefault.xctoolchain/usr/lib/swift/iphoneos/prebuilt-modules/26.5/System.swiftmodule/arm64e-apple-ios.swiftmodule /Applications/Xcode_26.6.app/Contents/Developer/Toolchains/XcodeDefault.xctoolchain/usr/lib/swift/iphoneos/prebuilt-modules/26.5/Swift.swiftmodule/arm64e-apple-ios.swiftmodule /Applications/Xcode_26.6.app/Contents/Developer/Toolchains/XcodeDefault.xctoolchain/usr/lib/swift/iphoneos/prebuilt-modules/26.5/FileProvider.swiftmodule/arm64e-apple-ios.swiftmodule /Applications/Xcode_26.6.app/Contents/Developer/Toolchains/XcodeDefault.xctoolchain/usr/lib/swift/iphoneos/prebuilt-modules/26.5/Spatial.swiftmodule/arm64e-apple-ios.swiftmodule /Applications/Xcode_26.6.app/Contents/Developer/Toolchains/XcodeDefault.xctoolchain/usr/lib/swift/iphoneos/prebuilt-modules/26.5/_Builtin_float.swiftmodule/arm64e-apple-ios.swiftmodule /Applications/Xcode_26.6.app/Contents/Developer/Toolchains/XcodeDefault.xctoolchain/usr/lib/swift/iphoneos/prebuilt-modules/26.5/CoreSpotlight.swiftmodule/arm64e-apple-ios.swiftmodule /Applications/Xcode_26.6.app/Contents/Developer/Toolchains/XcodeDefault.xctoolchain/usr/lib/swift/iphoneos/prebuilt-modules/26.5/RelevanceKit.swiftmodule/arm64e-apple-ios.swiftmodule /Applications/Xcode_26.6.app/Contents/Developer/Toolchains/XcodeDefault.xctoolchain/usr/lib/swift/iphoneos/prebuilt-modules/26.5/QuartzCore.swiftmodule/arm64e-apple-ios.swiftmodule /Applications/Xcode_26.6.app/Contents/Developer/Toolchains/XcodeDefault.xctoolchain/usr/lib/swift/iphoneos/prebuilt-modules/26.5/Accessibility.swiftmodule/arm64e-apple-ios.swiftmodule /Applications/Xcode_26.6.app/Contents/Developer/Toolchains/XcodeDefault.xctoolchain/usr/lib/swift/iphoneos/prebuilt-modules/26.5/CoreImage.swiftmodule/arm64e-apple-ios.swiftmodule /Applications/Xcode_26.6.app/Contents/Developer/Toolchains/XcodeDefault.xctoolchain/usr/lib/swift/iphoneos/prebuilt-modules/26.5/CoreText.swiftmodule/arm64e-apple-ios.swiftmodule /Users/runner/Library/Developer/Xcode/DerivedData/ModuleCache.noindex/ImageIO-38Z5VJG0W8ST3V4F7KMOOUJPL.pcm /Users/runner/Library/Developer/Xcode/DerivedData/ModuleCache.noindex/Symbols-4C68NZBZQ2VPPWSPMZNZSPQA0.pcm /Users/runner/Library/Developer/Xcode/DerivedData/ModuleCache.noindex/_Builtin_stdarg-C3GJILYYJEHUT817O19ZGZHHY.pcm /Users/runner/Library/Developer/Xcode/DerivedData/ModuleCache.noindex/OSLog-ASQPTFW0LF1S8DJGEWEDGF197.pcm /Users/runner/Library/Developer/Xcode/DerivedData/ModuleCache.noindex/ptrcheck-CJMXUSH3LR4SB4J5FD4RYLGRQ.pcm /Users/runner/Library/Developer/Xcode/DerivedData/ModuleCache.noindex/Network-9LM0LF0BNAXUZ5HJAVCXEYZWM.pcm /Users/runner/Library/Developer/Xcode/DerivedData/ModuleCache.noindex/CoreFoundation-53QAUNQDHRS0NCFJ786MV5UCW.pcm /Users/runner/Library/Developer/Xcode/DerivedData/ModuleCache.noindex/XPC-GOD69N6HIZI87N3ARARRKK0Q.pcm /Users/runner/Library/Developer/Xcode/DerivedData/ModuleCache.noindex/ActivityKit-292FI2NJEWYT8UW7Z1XXVVR4W.pcm /Users/runner/Library/Developer/Xcode/DerivedData/ModuleCache.noindex/_Builtin_float-8B3H1CYJC5RVYJI6YLSPIWJHX.pcm /Users/runner/Library/Developer/Xcode/DerivedData/ModuleCache.noindex/MachO-3ELXUIMGP2XVYVLC8T9ZAH6GM.pcm /Users/runner/Library/Developer/Xcode/DerivedData/ModuleCache.noindex/simd-2COXV8JV2D3F5ONA2PPAIZ1.pcm /Users/runner/Library/Developer/Xcode/DerivedData/ModuleCache.noindex/DataDetection-D27H1CSIE312WXPPVWI8Z0630.pcm /Users/runner/Library/Developer/Xcode/DerivedData/ModuleCache.noindex/SwiftUICore-EJLYDWCWIJSX8YBNCX5Y0R2AS.pcm /Users/runner/Library/Developer/Xcode/DerivedData/ModuleCache.noindex/UniformTypeIdentifiers-2RUMI3ZYH6XB3J6LMGHU689Q6.pcm /Users/runner/Library/Developer/Xcode/DerivedData/ModuleCache.noindex/Dispatch-69DQGCDDZXD3L7QJ3P40KEPTZ.pcm /Users/runner/Library/Developer/Xcode/DerivedData/ModuleCache.noindex/IOSurface-4EXW04ZJ7W1EORJDG6C45EB1U.pcm /Users/runner/Library/Developer/Xcode/DerivedData/ModuleCache.noindex/DeveloperToolsSupport-5EK5ARHIG58AFTTNAAGGDUY2W.pcm /Users/runner/Library/Developer/Xcode/DerivedData/ModuleCache.noindex/ptrauth-17DP4UX9P4F7CSDUSNZ4P05ZK.pcm /Users/runner/Library/Developer/Xcode/DerivedData/ModuleCache.noindex/_Builtin_stdatomic-5FM1WXQ8O0PVWUV1VQOOJDY09.pcm /Users/runner/Library/Developer/Xcode/DerivedData/ModuleCache.noindex/ObjectiveC-F4JX60ERR358K951F6VFXUMEK.pcm /Users/runner/Library/Developer/Xcode/DerivedData/ModuleCache.noindex/_LocationEssentials-GAIJNUIWPO2S3BFKT9KSCE7V.pcm /Users/runner/Library/Developer/Xcode/DerivedData/ModuleCache.noindex/_DarwinFoundation1-2QBNCP7GUXF83GKQKAB4RFLFK.pcm /Users/runner/Library/Developer/Xcode/DerivedData/ModuleCache.noindex/_AvailabilityInternal-A72B61Z6S6AJ108SEYAINLVZ0.pcm /Users/runner/Library/Developer/Xcode/DerivedData/ModuleCache.noindex/Intents-BOEOIR1UUIRYLYYJ0SMGPW2QU.pcm /Users/runner/Library/Developer/Xcode/DerivedData/ModuleCache.noindex/ExtensionFoundation-30N7CTEZYJ3270TYE48BCUOY.pcm /Users/runner/Library/Developer/Xcode/DerivedData/ModuleCache.noindex/CoreData-96IN9CNC0X4I4UPQ1EPLJKGVM.pcm /Users/runner/Library/Developer/Xcode/DerivedData/ModuleCache.noindex/SwiftShims-2IC1VW7SEJDJJWQTFLLL888RR.pcm /Users/runner/Library/Developer/Xcode/DerivedData/ModuleCache.noindex/_Builtin_stddef-E4GCIV4ANZLT6KLWD07OUVOD2.pcm /Users/runner/Library/Developer/Xcode/DerivedData/ModuleCache.noindex/CoreTransferable-BR30ELP92CIVSHMVRUJ72BLVY.pcm /Users/runner/Library/Developer/Xcode/DerivedData/ModuleCache.noindex/Accessibility-1HBSN88DEOCULQ9GRUJOEONT1.pcm /Users/runner/Library/Developer/Xcode/DerivedData/ModuleCache.noindex/Darwin-A7EZOVGXNSHL98SGV7DRL4TZ8.pcm /Users/runner/Library/Developer/Xcode/DerivedData/ModuleCache.noindex/_Builtin_stdbool-3PNRWKV6U7IP5RDER7CE0ESGY.pcm /Users/runner/Library/Developer/Xcode/DerivedData/ModuleCache.noindex/_Builtin_stdint-ZDC1PVYVSCPRB7JHCZWB1B16.pcm /Users/runner/Library/Developer/Xcode/DerivedData/ModuleCache.noindex/FileProvider-3NSV4YACM5VARRTN1QC14SNL3.pcm /Users/runner/Library/Developer/Xcode/DerivedData/ModuleCache.noindex/Spatial-39L0O1H2ZTD2LDXS032VHA0W3.pcm /Users/runner/Library/Developer/Xcode/DerivedData/ModuleCache.noindex/Security-DKPO6BGELNP41W4MHF8WDR3WE.pcm /Users/runner/Library/Developer/Xcode/DerivedData/ModuleCache.noindex/sys_types-AEOSO07EY7QW5HKKPA1XQ74VT.pcm /Users/runner/Library/Developer/Xcode/DerivedData/ModuleCache.noindex/Metal-8DZEYBY3G1H45NPF2W3J0NTNO.pcm /Users/runner/Library/Developer/Xcode/DerivedData/ModuleCache.noindex/UIUtilities-BSOIJAKAWBE0C3WG0PD2V4P6H.pcm /Users/runner/Library/Developer/Xcode/DerivedData/ModuleCache.noindex/_SwiftConcurrencyShims-8MELALRONI71T1MSW43RNDFK.pcm /Users/runner/Library/Developer/Xcode/DerivedData/ModuleCache.noindex/UIKit-C6JD8N652RYF1G0H83UI3D3PV.pcm /Users/runner/Library/Developer/Xcode/DerivedData/ModuleCache.noindex/_DarwinFoundation2-6L91C5Z9KUQ017R3U56A0RE7Z.pcm /Users/runner/Library/Developer/Xcode/DerivedData/ModuleCache.noindex/os_object-8WEJ51FMHIFKAI9U9NJIXL55V.pcm /Users/runner/Library/Developer/Xcode/DerivedData/ModuleCache.noindex/_DarwinFoundation3-BP95BDNW9UCYM8ZIME93ELDU.pcm /Users/runner/Library/Developer/Xcode/DerivedData/ModuleCache.noindex/_Builtin_inttypes-8Q4WOFH1A0FVTNFAWN9FTR2Z3.pcm /Users/runner/Library/Developer/Xcode/DerivedData/ModuleCache.noindex/OpenGLES-EME6M6UQB08MAC8U7NF5S8II7.pcm /Users/runner/Library/Developer/Xcode/DerivedData/ModuleCache.noindex/RelevanceKit-6VPH8HXDDY8UOQ6JYT96FNQFY.pcm /Users/runner/Library/Developer/Xcode/DerivedData/ModuleCache.noindex/_Builtin_intrinsics-81L64AJTDIWE1HMBBIR3OJUH3.pcm /Users/runner/Library/Developer/Xcode/DerivedData/ModuleCache.noindex/CoreVideo-DS6OXG7GJ7EZ6JLCIXT6YU9J8.pcm /Users/runner/Library/Developer/Xcode/DerivedData/ModuleCache.noindex/os_workgroup-9G8WSHD7HTWW6X4OH0KDK6BOS.pcm /Users/runner/Library/Developer/Xcode/DerivedData/ModuleCache.noindex/CoreSpotlight-2MVLWHWZMUA7LWQ9GPXL26B9N.pcm /Users/runner/Library/Developer/Xcode/DerivedData/ModuleCache.noindex/Foundation-3HHWCH741T49CSBURNRR9X1TU.pcm /Users/runner/Library/Developer/Xcode/DerivedData/ModuleCache.noindex/CoreLocation-DMH7EDQQ33HUJX3YYXN0TBNKK.pcm /Users/runner/Library/Developer/Xcode/DerivedData/ModuleCache.noindex/WidgetKit-C2HTPE0L4GQ4T2VRA7RIOC493.pcm /Users/runner/Library/Developer/Xcode/DerivedData/ModuleCache.noindex/_Builtin_limits-9HNVCQN453LU37ZIPQZGIV89E.pcm /Users/runner/Library/Developer/Xcode/DerivedData/ModuleCache.noindex/CFNetwork-7HMXZAFU1RW4R4177IUXTMSY0.pcm /Users/runner/Library/Developer/Xcode/DerivedData/ModuleCache.noindex/_Builtin_tgmath-2HJS77SWY1FVCBJV4TYIQFPRI.pcm /Users/runner/Library/Developer/Xcode/DerivedData/ModuleCache.noindex/CoreGraphics-E7E6PVIJBJCIMS9KF91X56IUI.pcm /Users/runner/Library/Developer/Xcode/DerivedData/ModuleCache.noindex/UserNotifications-DAUAE8WUUMOLKQP28YFETRUOL.pcm /Users/runner/Library/Developer/Xcode/DerivedData/ModuleCache.noindex/SwiftUI-5KU8QF0ZED8LQBMZ35JB1FT75.pcm /Users/runner/Library/Developer/Xcode/DerivedData/ModuleCache.noindex/QuartzCore-3W1EOB32NOJ98L406VNB8MWJL.pcm /Users/runner/Library/Developer/Xcode/DerivedData/ModuleCache.noindex/CoreImage-PDDX7DCTMHI0FGRR58ZRPWCI.pcm /Users/runner/Library/Developer/Xcode/DerivedData/ModuleCache.noindex/dnssd-E5INH01FYZJRXOHXT8H69QPH.pcm /Users/runner/Library/Developer/Xcode/DerivedData/ModuleCache.noindex/CoreText-8QKMCK8ZY1HMKNE8Q7M3BOJV2.pcm /Users/runner/Library/Developer/Xcode/DerivedData/ModuleCache.noindex/os-BA7R3I23C5D0YSSK3BQL1CWKE.pcm /Users/runner/Library/Developer/Xcode/DerivedData/ModuleCache.noindex/AppIntents-4O99VCJMQSV5R40PWM4HJ0MEC.pcm /Users/runner/Library/Developer/Xcode/DerivedData/Familienplaner-dmcrrzfthkjbwogvslwbznxtcpok/Build/Intermediates.noindex/ArchiveIntermediates/Familienplaner/IntermediateBuildFilesPath/Familienplaner.build/Release-iphoneos/FamilienplanerWidgets.build/Objects-normal/arm64/FamilienplanerWidgets-dependencies-1.json (in target 'FamilienplanerWidgets' from project 'Familienplaner')

CompileSwift normal arm64 (in target 'FamilienplanerWidgets' from project 'Familienplaner')
    cd /Users/runner/work/familienplaner/familienplaner
    

SwiftCompile normal arm64 Compiling\ ShareViewController.swift,\ SharedInbox.swift,\ WatchSnapshot.swift,\ WidgetBridge.swift /Users/runner/work/familienplaner/familienplaner/ShareExtension/ShareViewController.swift /Users/runner/work/familienplaner/familienplaner/Shared/SharedInbox.swift /Users/runner/work/familienplaner/familienplaner/Shared/WatchSnapshot.swift /Users/runner/work/familienplaner/familienplaner/Shared/WidgetBridge.swift /Applications/Xcode_26.6.app/Contents/Developer/Toolchains/XcodeDefault.xctoolchain/usr/lib/swift/iphoneos/prebuilt-modules/26.5/os.swiftmodule/arm64e-apple-ios.swiftmodule /Applications/Xcode_26.6.app/Contents/Developer/Toolchains/XcodeDefault.xctoolchain/usr/lib/swift/iphoneos/prebuilt-modules/26.5/CoreTransferable.swiftmodule/arm64e-apple-ios.swiftmodule /Applications/Xcode_26.6.app/Contents/Developer/Toolchains/XcodeDefault.xctoolchain/usr/lib/swift/iphoneos/prebuilt-modules/26.5/Darwin.swiftmodule/arm64e-apple-ios.swiftmodule /Applications/Xcode_26.6.app/Contents/Developer/Toolchains/XcodeDefault.xctoolchain/usr/lib/swift/iphoneos/prebuilt-modules/26.5/Foundation.swiftmodule/arm64e-apple-ios.swiftmodule /Applications/Xcode_26.6.app/Contents/Developer/Toolchains/XcodeDefault.xctoolchain/usr/lib/swift/iphoneos/prebuilt-modules/26.5/_DarwinFoundation2.swiftmodule/arm64e-apple-ios.swiftmodule /Applications/Xcode_26.6.app/Contents/Developer/Toolchains/XcodeDefault.xctoolchain/usr/lib/swift/iphoneos/prebuilt-modules/26.5/Observation.swiftmodule/arm64e-apple-ios.swiftmodule /Applications/Xcode_26.6.app/Contents/Developer/Toolchains/XcodeDefault.xctoolchain/usr/lib/swift/iphoneos/prebuilt-modules/26.5/Network.swiftmodule/arm64e-apple-ios.swiftmodule /Applications/Xcode_26.6.app/Contents/Developer/Toolchains/XcodeDefault.xctoolchain/usr/lib/swift/iphoneos/prebuilt-modules/26.5/_AppIntents_SwiftUI.swiftmodule/arm64e-apple-ios.swiftmodule /Applications/Xcode_26.6.app/Contents/Developer/Toolchains/XcodeDefault.xctoolchain/usr/lib/swift/iphoneos/prebuilt-modules/26.5/CoreLocation.swiftmodule/arm64e-apple-ios.swiftmodule /Applications/Xcode_26.6.app/Contents/Developer/Toolchains/XcodeDefault.xctoolchain/usr/lib/swift/iphoneos/prebuilt-modules/26.5/CoreFoundation.swiftmodule/arm64e-apple-ios.swiftmodule /Applications/Xcode_26.6.app/Contents/Developer/Toolchains/XcodeDefault.xctoolchain/usr/lib/swift/iphoneos/prebuilt-modules/26.5/Dispatch.swiftmodule/arm64e-apple-ios.swiftmodule /Applications/Xcode_26.6.app/Contents/Developer/Toolchains/XcodeDefault.xctoolchain/usr/lib/swift/iphoneos/prebuilt-modules/26.5/UniformTypeIdentifiers.swiftmodule/arm64e-apple-ios.swiftmodule /Applications/Xcode_26.6.app/Contents/Developer/Toolchains/XcodeDefault.xctoolchain/usr/lib/swift/iphoneos/prebuilt-modules/26.5/Combine.swiftmodule/arm64e-apple-ios.swiftmodule /Applications/Xcode_26.6.app/Contents/Developer/Toolchains/XcodeDefault.xctoolchain/usr/lib/swift/iphoneos/prebuilt-modules/26.5/simd.swiftmodule/arm64e-apple-ios.swiftmodule /Applications/Xcode_26.6.app/Contents/Developer/Toolchains/XcodeDefault.xctoolchain/usr/lib/swift/iphoneos/prebuilt-modules/26.5/Metal.swiftmodule/arm64e-apple-ios.swiftmodule /Applications/Xcode_26.6.app/Contents/Developer/Toolchains/XcodeDefault.xctoolchain/usr/lib/swift/iphoneos/prebuilt-modules/26.5/_StringProcessing.swiftmodule/arm64e-apple-ios.swiftmodule /Applications/Xcode_26.6.app/Contents/Developer/Toolchains/XcodeDefault.xctoolchain/usr/lib/swift/iphoneos/prebuilt-modules/26.5/OSLog.swiftmodule/arm64e-apple-ios.swiftmodule /Applications/Xcode_26.6.app/Contents/Developer/Toolchains/XcodeDefault.xctoolchain/usr/lib/swift/iphoneos/prebuilt-modules/26.5/LightweightCodeRequirements.swiftmodule/arm64e-apple-ios.swiftmodule /Applications/Xcode_26.6.app/Contents/Developer/Toolchains/XcodeDefault.xctoolchain/usr/lib/swift/iphoneos/prebuilt-modules/26.5/AppIntents.swiftmodule/arm64e-apple-ios.swiftmodule /Applications/Xcode_26.6.app/Contents/Developer/Toolchains/XcodeDefault.xctoolchain/usr/lib/swift/iphoneos/prebuilt-modules/26.5/WidgetKit.swiftmodule/arm64e-apple-ios.swiftmodule /Applications/Xcode_26.6.app/Contents/Developer/Toolchains/XcodeDefault.xctoolchain/usr/lib/swift/iphoneos/prebuilt-modules/26.5/CoreData.swiftmodule/arm64e-apple-ios.swiftmodule /Applications/Xcode_26.6.app/Contents/Developer/Toolchains/XcodeDefault.xctoolchain/usr/lib/swift/iphoneos/prebuilt-modules/26.5/ExtensionFoundation.swiftmodule/arm64e-apple-ios.swiftmodule /Applications/Xcode_26.6.app/Contents/Developer/Toolchains/XcodeDefault.xctoolchain/usr/lib/swift/iphoneos/prebuilt-modules/26.5/_Concurrency.swiftmodule/arm64e-apple-ios.swiftmodule /Applications/Xcode_26.6.app/Contents/Developer/Toolchains/XcodeDefault.xctoolchain/usr/lib/swift/iphoneos/prebuilt-modules/26.5/SwiftUI.swiftmodule/arm64e-apple-ios.swiftmodule /Applications/Xcode_26.6.app/Contents/Developer/Toolchains/XcodeDefault.xctoolchain/usr/lib/swift/iphoneos/prebuilt-modules/26.5/XPC.swiftmodule/arm64e-apple-ios.swiftmodule /Applications/Xcode_26.6.app/Contents/Developer/Toolchains/XcodeDefault.xctoolchain/usr/lib/swift/iphoneos/prebuilt-modules/26.5/PDFKit.swiftmodule/arm64e-apple-ios.swiftmodule /Applications/Xcode_26.6.app/Contents/Developer/Toolchains/XcodeDefault.xctoolchain/usr/lib/swift/iphoneos/prebuilt-modules/26.5/CoreGraphics.swiftmodule/arm64e-apple-ios.swiftmodule /Applications/Xcode_26.6.app/Contents/Developer/Toolchains/XcodeDefault.xctoolchain/usr/lib/swift/iphoneos/prebuilt-modules/26.5/DeveloperToolsSupport.swiftmodule/arm64e-apple-ios.swiftmodule /Applications/Xcode_26.6.app/Contents/Developer/Toolchains/XcodeDefault.xctoolchain/usr/lib/swift/iphoneos/prebuilt-modules/26.5/Distributed.swiftmodule/arm64e-apple-ios.swiftmodule /Applications/Xcode_26.6.app/Contents/Developer/Toolchains/XcodeDefault.xctoolchain/usr/lib/swift/iphoneos/prebuilt-modules/26.5/DataDetection.swiftmodule/arm64e-apple-ios.swiftmodule /Applications/Xcode_26.6.app/Contents/Developer/Toolchains/XcodeDefault.xctoolchain/usr/lib/swift/iphoneos/prebuilt-modules/26.5/SwiftUICore.swiftmodule/arm64e-apple-ios.swiftmodule /Applications/Xcode_26.6.app/Contents/Developer/Toolchains/XcodeDefault.xctoolchain/usr/lib/swift/iphoneos/prebuilt-modules/26.5/ObjectiveC.swiftmodule/arm64e-apple-ios.swiftmodule /Applications/Xcode_26.6.app/Contents/Developer/Toolchains/XcodeDefault.xctoolchain/usr/lib/swift/iphoneos/prebuilt-modules/26.5/UIKit.swiftmodule/arm64e-apple-ios.swiftmodule /Applications/Xcode_26.6.app/Contents/Developer/Toolchains/XcodeDefault.xctoolchain/usr/lib/swift/iphoneos/prebuilt-modules/26.5/Intents.swiftmodule/arm64e-apple-ios.swiftmodule /Applications/Xcode_26.6.app/Contents/Developer/Toolchains/XcodeDefault.xctoolchain/usr/lib/swift/iphoneos/prebuilt-modules/26.5/_DarwinFoundation1.swiftmodule/arm64e-apple-ios.swiftmodule /Applications/Xcode_26.6.app/Contents/Developer/Toolchains/XcodeDefault.xctoolchain/usr/lib/swift/iphoneos/prebuilt-modules/26.5/ActivityKit.swiftmodule/arm64e-apple-ios.swiftmodule /Applications/Xcode_26.6.app/Contents/Developer/Toolchains/XcodeDefault.xctoolchain/usr/lib/swift/iphoneos/prebuilt-modules/26.5/_DarwinFoundation3.swiftmodule/arm64e-apple-ios.swiftmodule /Applications/Xcode_26.6.app/Contents/Developer/Toolchains/XcodeDefault.xctoolchain/usr/lib/swift/iphoneos/prebuilt-modules/26.5/Symbols.swiftmodule/arm64e-apple-ios.swiftmodule /Applications/Xcode_26.6.app/Contents/Developer/Toolchains/XcodeDefault.xctoolchain/usr/lib/swift/iphoneos/prebuilt-modules/26.5/CoreVideo.swiftmodule/arm64e-apple-ios.swiftmodule /Applications/Xcode_26.6.app/Contents/Developer/Toolchains/XcodeDefault.xctoolchain/usr/lib/swift/iphoneos/prebuilt-modules/26.5/System.swiftmodule/arm64e-apple-ios.swiftmodule /Applications/Xcode_26.6.app/Contents/Developer/Toolchains/XcodeDefault.xctoolchain/usr/lib/swift/iphoneos/prebuilt-modules/26.5/Swift.swiftmodule/arm64e-apple-ios.swiftmodule /Applications/Xcode_26.6.app/Contents/Developer/Toolchains/XcodeDefault.xctoolchain/usr/lib/swift/iphoneos/prebuilt-modules/26.5/FileProvider.swiftmodule/arm64e-apple-ios.swiftmodule /Applications/Xcode_26.6.app/Contents/Developer/Toolchains/XcodeDefault.xctoolchain/usr/lib/swift/iphoneos/prebuilt-modules/26.5/Spatial.swiftmodule/arm64e-apple-ios.swiftmodule /Applications/Xcode_26.6.app/Contents/Developer/Toolchains/XcodeDefault.xctoolchain/usr/lib/swift/iphoneos/prebuilt-modules/26.5/_Builtin_float.swiftmodule/arm64e-apple-ios.swiftmodule /Applications/Xcode_26.6.app/Contents/Developer/Toolchains/XcodeDefault.xctoolchain/usr/lib/swift/iphoneos/prebuilt-modules/26.5/CoreSpotlight.swiftmodule/arm64e-apple-ios.swiftmodule /Applications/Xcode_26.6.app/Contents/Developer/Toolchains/XcodeDefault.xctoolchain/usr/lib/swift/iphoneos/prebuilt-modules/26.5/QuartzCore.swiftmodule/arm64e-apple-ios.swiftmodule /Applications/Xcode_26.6.app/Contents/Developer/Toolchains/XcodeDefault.xctoolchain/usr/lib/swift/iphoneos/prebuilt-modules/26.5/CoreImage.swiftmodule/arm64e-apple-ios.swiftmodule /Applications/Xcode_26.6.app/Contents/Developer/Toolchains/XcodeDefault.xctoolchain/usr/lib/swift/iphoneos/prebuilt-modules/26.5/Accessibility.swiftmodule/arm64e-apple-ios.swiftmodule /Applications/Xcode_26.6.app/Contents/Developer/Toolchains/XcodeDefault.xctoolchain/usr/lib/swift/iphoneos/prebuilt-modules/26.5/RelevanceKit.swiftmodule/arm64e-apple-ios.swiftmodule /Applications/Xcode_26.6.app/Contents/Developer/Toolchains/XcodeDefault.xctoolchain/usr/lib/swift/iphoneos/prebuilt-modules/26.5/CoreText.swiftmodule/arm64e-apple-ios.swiftmodule /Users/runner/Library/Developer/Xcode/DerivedData/ModuleCache.noindex/ImageIO-38Z5VJG0W8ST3V4F7KMOOUJPL.pcm /Users/runner/Library/Developer/Xcode/DerivedData/ModuleCache.noindex/AppIntents-4O99VCJMQSV5R40PWM4HJ0MEC.pcm /Users/runner/Library/Developer/Xcode/DerivedData/ModuleCache.noindex/Symbols-4C68NZBZQ2VPPWSPMZNZSPQA0.pcm /Users/runner/Library/Developer/Xcode/DerivedData/ModuleCache.noindex/_Builtin_stdarg-C3GJILYYJEHUT817O19ZGZHHY.pcm /Users/runner/Library/Developer/Xcode/DerivedData/ModuleCache.noindex/OSLog-ASQPTFW0LF1S8DJGEWEDGF197.pcm /Users/runner/Library/Developer/Xcode/DerivedData/ModuleCache.noindex/SwiftUICore-EJLYDWCWIJSX8YBNCX5Y0R2AS.pcm /Users/runner/Library/Developer/Xcode/DerivedData/ModuleCache.noindex/CoreFoundation-53QAUNQDHRS0NCFJ786MV5UCW.pcm /Users/runner/Library/Developer/Xcode/DerivedData/ModuleCache.noindex/_Builtin_float-8B3H1CYJC5RVYJI6YLSPIWJHX.pcm /Users/runner/Library/Developer/Xcode/DerivedData/ModuleCache.noindex/XPC-GOD69N6HIZI87N3ARARRKK0Q.pcm /Users/runner/Library/Developer/Xcode/DerivedData/ModuleCache.noindex/ActivityKit-292FI2NJEWYT8UW7Z1XXVVR4W.pcm /Users/runner/Library/Developer/Xcode/DerivedData/ModuleCache.noindex/MachO-3ELXUIMGP2XVYVLC8T9ZAH6GM.pcm /Users/runner/Library/Developer/Xcode/DerivedData/ModuleCache.noindex/DataDetection-D27H1CSIE312WXPPVWI8Z0630.pcm /Users/runner/Library/Developer/Xcode/DerivedData/ModuleCache.noindex/simd-2COXV8JV2D3F5ONA2PPAIZ1.pcm /Users/runner/Library/Developer/Xcode/DerivedData/ModuleCache.noindex/Network-9LM0LF0BNAXUZ5HJAVCXEYZWM.pcm /Users/runner/Library/Developer/Xcode/DerivedData/ModuleCache.noindex/ptrcheck-CJMXUSH3LR4SB4J5FD4RYLGRQ.pcm /Users/runner/Library/Developer/Xcode/DerivedData/ModuleCache.noindex/UniformTypeIdentifiers-2RUMI3ZYH6XB3J6LMGHU689Q6.pcm /Users/runner/Library/Developer/Xcode/DerivedData/ModuleCache.noindex/Dispatch-69DQGCDDZXD3L7QJ3P40KEPTZ.pcm /Users/runner/Library/Developer/Xcode/DerivedData/ModuleCache.noindex/IOSurface-4EXW04ZJ7W1EORJDG6C45EB1U.pcm /Users/runner/Library/Developer/Xcode/DerivedData/ModuleCache.noindex/DeveloperToolsSupport-5EK5ARHIG58AFTTNAAGGDUY2W.pcm /Users/runner/Library/Developer/Xcode/DerivedData/ModuleCache.noindex/ptrauth-17DP4UX9P4F7CSDUSNZ4P05ZK.pcm /Users/runner/Library/Developer/Xcode/DerivedData/ModuleCache.noindex/_Builtin_stdatomic-5FM1WXQ8O0PVWUV1VQOOJDY09.pcm /Users/runner/Library/Developer/Xcode/DerivedData/ModuleCache.noindex/ObjectiveC-F4JX60ERR358K951F6VFXUMEK.pcm /Users/runner/Library/Developer/Xcode/DerivedData/ModuleCache.noindex/_LocationEssentials-GAIJNUIWPO2S3BFKT9KSCE7V.pcm /Users/runner/Library/Developer/Xcode/DerivedData/ModuleCache.noindex/_DarwinFoundation1-2QBNCP7GUXF83GKQKAB4RFLFK.pcm /Users/runner/Library/Developer/Xcode/DerivedData/ModuleCache.noindex/_AvailabilityInternal-A72B61Z6S6AJ108SEYAINLVZ0.pcm /Users/runner/Library/Developer/Xcode/DerivedData/ModuleCache.noindex/Intents-BOEOIR1UUIRYLYYJ0SMGPW2QU.pcm /Users/runner/Library/Developer/Xcode/DerivedData/ModuleCache.noindex/CoreData-96IN9CNC0X4I4UPQ1EPLJKGVM.pcm /Users/runner/Library/Developer/Xcode/DerivedData/ModuleCache.noindex/SwiftShims-2IC1VW7SEJDJJWQTFLLL888RR.pcm /Users/runner/Library/Developer/Xcode/DerivedData/ModuleCache.noindex/ExtensionFoundation-30N7CTEZYJ3270TYE48BCUOY.pcm /Users/runner/Library/Developer/Xcode/DerivedData/ModuleCache.noindex/_Builtin_stddef-E4GCIV4ANZLT6KLWD07OUVOD2.pcm /Users/runner/Library/Developer/Xcode/DerivedData/ModuleCache.noindex/CoreTransferable-BR30ELP92CIVSHMVRUJ72BLVY.pcm /Users/runner/Library/Developer/Xcode/DerivedData/ModuleCache.noindex/Accessibility-1HBSN88DEOCULQ9GRUJOEONT1.pcm /Users/runner/Library/Developer/Xcode/DerivedData/ModuleCache.noindex/Darwin-A7EZOVGXNSHL98SGV7DRL4TZ8.pcm /Users/runner/Library/Developer/Xcode/DerivedData/ModuleCache.noindex/_Builtin_stdbool-3PNRWKV6U7IP5RDER7CE0ESGY.pcm /Users/runner/Library/Developer/Xcode/DerivedData/ModuleCache.noindex/_Builtin_stdint-ZDC1PVYVSCPRB7JHCZWB1B16.pcm /Users/runner/Library/Developer/Xcode/DerivedData/ModuleCache.noindex/FileProvider-3NSV4YACM5VARRTN1QC14SNL3.pcm /Users/runner/Library/Developer/Xcode/DerivedData/ModuleCache.noindex/Spatial-39L0O1H2ZTD2LDXS032VHA0W3.pcm /Users/runner/Library/Developer/Xcode/DerivedData/ModuleCache.noindex/Security-DKPO6BGELNP41W4MHF8WDR3WE.pcm /Users/runner/Library/Developer/Xcode/DerivedData/ModuleCache.noindex/sys_types-AEOSO07EY7QW5HKKPA1XQ74VT.pcm /Users/runner/Library/Developer/Xcode/DerivedData/ModuleCache.noindex/Metal-8DZEYBY3G1H45NPF2W3J0NTNO.pcm /Users/runner/Library/Developer/Xcode/DerivedData/ModuleCache.noindex/UIUtilities-BSOIJAKAWBE0C3WG0PD2V4P6H.pcm /Users/runner/Library/Developer/Xcode/DerivedData/ModuleCache.noindex/_SwiftConcurrencyShims-8MELALRONI71T1MSW43RNDFK.pcm /Users/runner/Library/Developer/Xcode/DerivedData/ModuleCache.noindex/UIKit-C6JD8N652RYF1G0H83UI3D3PV.pcm /Users/runner/Library/Developer/Xcode/DerivedData/ModuleCache.noindex/_DarwinFoundation2-6L91C5Z9KUQ017R3U56A0RE7Z.pcm /Users/runner/Library/Developer/Xcode/DerivedData/ModuleCache.noindex/os_object-8WEJ51FMHIFKAI9U9NJIXL55V.pcm /Users/runner/Library/Developer/Xcode/DerivedData/ModuleCache.noindex/_Builtin_inttypes-8Q4WOFH1A0FVTNFAWN9FTR2Z3.pcm /Users/runner/Library/Developer/Xcode/DerivedData/ModuleCache.noindex/_DarwinFoundation3-BP95BDNW9UCYM8ZIME93ELDU.pcm /Users/runner/Library/Developer/Xcode/DerivedData/ModuleCache.noindex/OpenGLES-EME6M6UQB08MAC8U7NF5S8II7.pcm /Users/runner/Library/Developer/Xcode/DerivedData/ModuleCache.noindex/RelevanceKit-6VPH8HXDDY8UOQ6JYT96FNQFY.pcm /Users/runner/Library/Developer/Xcode/DerivedData/ModuleCache.noindex/_Builtin_intrinsics-81L64AJTDIWE1HMBBIR3OJUH3.pcm /Users/runner/Library/Developer/Xcode/DerivedData/ModuleCache.noindex/CoreVideo-DS6OXG7GJ7EZ6JLCIXT6YU9J8.pcm /Users/runner/Library/Developer/Xcode/DerivedData/ModuleCache.noindex/CoreSpotlight-2MVLWHWZMUA7LWQ9GPXL26B9N.pcm /Users/runner/Library/Developer/Xcode/DerivedData/ModuleCache.noindex/os_workgroup-9G8WSHD7HTWW6X4OH0KDK6BOS.pcm /Users/runner/Library/Developer/Xcode/DerivedData/ModuleCache.noindex/Foundation-3HHWCH741T49CSBURNRR9X1TU.pcm /Users/runner/Library/Developer/Xcode/DerivedData/ModuleCache.noindex/CoreLocation-DMH7EDQQ33HUJX3YYXN0TBNKK.pcm /Users/runner/Library/Developer/Xcode/DerivedData/ModuleCache.noindex/WidgetKit-C2HTPE0L4GQ4T2VRA7RIOC493.pcm /Users/runner/Library/Developer/Xcode/DerivedData/ModuleCache.noindex/_Builtin_limits-9HNVCQN453LU37ZIPQZGIV89E.pcm /Users/runner/Library/Developer/Xcode/DerivedData/ModuleCache.noindex/CoreGraphics-E7E6PVIJBJCIMS9KF91X56IUI.pcm /Users/runner/Library/Developer/Xcode/DerivedData/ModuleCache.noindex/CFNetwork-7HMXZAFU1RW4R4177IUXTMSY0.pcm /Users/runner/Library/Developer/Xcode/DerivedData/ModuleCache.noindex/_Builtin_tgmath-2HJS77SWY1FVCBJV4TYIQFPRI.pcm /Users/runner/Library/Developer/Xcode/DerivedData/ModuleCache.noindex/UserNotifications-DAUAE8WUUMOLKQP28YFETRUOL.pcm /Users/runner/Library/Developer/Xcode/DerivedData/ModuleCache.noindex/QuartzCore-3W1EOB32NOJ98L406VNB8MWJL.pcm /Users/runner/Library/Developer/Xcode/DerivedData/ModuleCache.noindex/SwiftUI-5KU8QF0ZED8LQBMZ35JB1FT75.pcm /Users/runner/Library/Developer/Xcode/DerivedData/ModuleCache.noindex/CoreImage-PDDX7DCTMHI0FGRR58ZRPWCI.pcm /Users/runner/Library/Developer/Xcode/DerivedData/ModuleCache.noindex/dnssd-E5INH01FYZJRXOHXT8H69QPH.pcm /Users/runner/Library/Developer/Xcode/DerivedData/ModuleCache.noindex/CoreText-8QKMCK8ZY1HMKNE8Q7M3BOJV2.pcm /Users/runner/Library/Developer/Xcode/DerivedData/ModuleCache.noindex/PDFKit-18N5NYL1RAQ83F1E0YAKFJFEW.pcm /Users/runner/Library/Developer/Xcode/DerivedData/ModuleCache.noindex/os-BA7R3I23C5D0YSSK3BQL1CWKE.pcm /Users/runner/Library/Developer/Xcode/DerivedData/Familienplaner-dmcrrzfthkjbwogvslwbznxtcpok/Build/Intermediates.noindex/ArchiveIntermediates/Familienplaner/IntermediateBuildFilesPath/Familienplaner.build/Release-iphoneos/FamilienplanerShare.build/Objects-normal/arm64/FamilienplanerShare-dependencies-1.json (in target 'FamilienplanerShare' from project 'Familienplaner')

CompileSwift normal arm64 (in target 'FamilienplanerShare' from project 'Familienplaner')
    cd /Users/runner/work/familienplaner/familienplaner
    

SwiftDriverJobDiscovery normal arm64 Compiling ShareViewController.swift, SharedInbox.swift, WatchSnapshot.swift, WidgetBridge.swift (in target 'FamilienplanerShare' from project 'Familienplaner')

SwiftDriver\ Compilation\ Requirements FamilienplanerShare normal arm64 com.apple.xcode.tools.swift.compiler (in target 'FamilienplanerShare' from project 'Familienplaner')
    cd /Users/runner/work/familienplaner/familienplaner
    builtin-Swift-Compilation-Requirements -- /Applications/Xcode_26.6.app/Contents/Developer/Toolchains/XcodeDefault.xctoolchain/usr/bin/swiftc -module-name FamilienplanerShare -O -whole-module-optimization @/Users/runner/Library/Developer/Xcode/DerivedData/Familienplaner-dmcrrzfthkjbwogvslwbznxtcpok/Build/Intermediates.noindex/ArchiveIntermediates/Familienplaner/IntermediateBuildFilesPath/Familienplaner.build/Release-iphoneos/FamilienplanerShare.build/Objects-normal/arm64/FamilienplanerShare.SwiftFileList -enable-bare-slash-regex -enable-experimental-feature DebugDescriptionMacro -sdk /Applications/Xcode_26.6.app/Contents/Developer/Platforms/iPhoneOS.platform/Developer/SDKs/iPhoneOS26.5.sdk -target arm64-apple-ios26.0 -g -module-cache-path /Users/runner/Library/Developer/Xcode/DerivedData/ModuleCache.noindex -Xfrontend -serialize-debugging-options -application-extension -swift-version 5 -I /Users/runner/Library/Developer/Xcode/DerivedData/Familienplaner-dmcrrzfthkjbwogvslwbznxtcpok/Build/Intermediates.noindex/ArchiveIntermediates/Familienplaner/BuildProductsPath/Release-iphoneos -F /Users/runner/Library/Developer/Xcode/DerivedData/Familienplaner-dmcrrzfthkjbwogvslwbznxtcpok/Build/Intermediates.noindex/ArchiveIntermediates/Familienplaner/BuildProductsPath/Release-iphoneos -c -num-threads 3 -Xcc -ivfsstatcache -Xcc /Users/runner/Library/Developer/Xcode/DerivedData/SDKStatCaches.noindex/iphoneos26.5-23F81a-688ef53f1462e2c8f657fdc38a81448fee66e23052a0157c865c76b268046726.sdkstatcache -output-file-map /Users/runner/Library/Developer/Xcode/DerivedData/Familienplaner-dmcrrzfthkjbwogvslwbznxtcpok/Build/Intermediates.noindex/ArchiveIntermediates/Familienplaner/IntermediateBuildFilesPath/Familienplaner.build/Release-iphoneos/FamilienplanerShare.build/Objects-normal/arm64/FamilienplanerShare-OutputFileMap.json -use-frontend-parseable-output -save-temps -no-color-diagnostics -explicit-module-build -module-cache-path /Users/runner/Library/Developer/Xcode/DerivedData/Familienplaner-dmcrrzfthkjbwogvslwbznxtcpok/Build/Intermediates.noindex/ArchiveIntermediates/Familienplaner/IntermediateBuildFilesPath/SwiftExplicitPrecompiledModules -clang-scanner-module-cache-path /Users/runner/Library/Developer/Xcode/DerivedData/ModuleCache.noindex -sdk-module-cache-path /Users/runner/Library/Developer/Xcode/DerivedData/ModuleCache.noindex -serialize-diagnostics -emit-dependencies -emit-module -emit-module-path /Users/runner/Library/Developer/Xcode/DerivedData/Familienplaner-dmcrrzfthkjbwogvslwbznxtcpok/Build/Intermediates.noindex/ArchiveIntermediates/Familienplaner/IntermediateBuildFilesPath/Familienplaner.build/Release-iphoneos/FamilienplanerShare.build/Objects-normal/arm64/FamilienplanerShare.swiftmodule -validate-clang-modules-once -clang-build-session-file /Users/runner/Library/Developer/Xcode/DerivedData/ModuleCache.noindex/Session.modulevalidation -Xcc -I/Users/runner/Library/Developer/Xcode/DerivedData/Familienplaner-dmcrrzfthkjbwogvslwbznxtcpok/Build/Intermediates.noindex/ArchiveIntermediates/Familienplaner/IntermediateBuildFilesPath/Familienplaner.build/Release-iphoneos/FamilienplanerShare.build/swift-overrides.hmap -emit-const-values -Xfrontend -const-gather-protocols-file -Xfrontend /Users/runner/Library/Developer/Xcode/DerivedData/Familienplaner-dmcrrzfthkjbwogvslwbznxtcpok/Build/Intermediates.noindex/ArchiveIntermediates/Familienplaner/IntermediateBuildFilesPath/Familienplaner.build/Release-iphoneos/FamilienplanerShare.build/Objects-normal/arm64/FamilienplanerShare_const_extract_protocols.json -Xcc -iquote -Xcc /Users/runner/Library/Developer/Xcode/DerivedData/Familienplaner-dmcrrzfthkjbwogvslwbznxtcpok/Build/Intermediates.noindex/ArchiveIntermediates/Familienplaner/IntermediateBuildFilesPath/Familienplaner.build/Release-iphoneos/FamilienplanerShare.build/FamilienplanerShare-generated-files.hmap -Xcc -I/Users/runner/Library/Developer/Xcode/DerivedData/Familienplaner-dmcrrzfthkjbwogvslwbznxtcpok/Build/Intermediates.noindex/ArchiveIntermediates/Familienplaner/IntermediateBuildFilesPath/Familienplaner.build/Release-iphoneos/FamilienplanerShare.build/FamilienplanerShare-own-target-headers.hmap -Xcc -I/Users/runner/Library/Developer/Xcode/DerivedData/Familienplaner-dmcrrzfthkjbwogvslwbznxtcpok/Build/Intermediates.noindex/ArchiveIntermediates/Familienplaner/IntermediateBuildFilesPath/Familienplaner.build/Release-iphoneos/FamilienplanerShare.build/FamilienplanerShare-all-target-headers.hmap -Xcc -iquote -Xcc /Users/runner/Library/Developer/Xcode/DerivedData/Familienplaner-dmcrrzfthkjbwogvslwbznxtcpok/Build/Intermediates.noindex/ArchiveIntermediates/Familienplaner/IntermediateBuildFilesPath/Familienplaner.build/Release-iphoneos/FamilienplanerShare.build/FamilienplanerShare-project-headers.hmap -Xcc -I/Users/runner/Library/Developer/Xcode/DerivedData/Familienplaner-dmcrrzfthkjbwogvslwbznxtcpok/Build/Intermediates.noindex/ArchiveIntermediates/Familienplaner/BuildProductsPath/Release-iphoneos/include -Xcc -I/Users/runner/Library/Developer/Xcode/DerivedData/Familienplaner-dmcrrzfthkjbwogvslwbznxtcpok/Build/Intermediates.noindex/ArchiveIntermediates/Familienplaner/IntermediateBuildFilesPath/Familienplaner.build/Release-iphoneos/FamilienplanerShare.build/DerivedSources-normal/arm64 -Xcc -I/Users/runner/Library/Developer/Xcode/DerivedData/Familienplaner-dmcrrzfthkjbwogvslwbznxtcpok/Build/Intermediates.noindex/ArchiveIntermediates/Familienplaner/IntermediateBuildFilesPath/Familienplaner.build/Release-iphoneos/FamilienplanerShare.build/DerivedSources/arm64 -Xcc -I/Users/runner/Library/Developer/Xcode/DerivedData/Familienplaner-dmcrrzfthkjbwogvslwbznxtcpok/Build/Intermediates.noindex/ArchiveIntermediates/Familienplaner/IntermediateBuildFilesPath/Familienplaner.build/Release-iphoneos/FamilienplanerShare.build/DerivedSources -emit-objc-header -emit-objc-header-path /Users/runner/Library/Developer/Xcode/DerivedData/Familienplaner-dmcrrzfthkjbwogvslwbznxtcpok/Build/Intermediates.noindex/ArchiveIntermediates/Familienplaner/IntermediateBuildFilesPath/Familienplaner.build/Release-iphoneos/FamilienplanerShare.build/Objects-normal/arm64/FamilienplanerShare-Swift.h -working-directory /Users/runner/work/familienplaner/familienplaner -no-emit-module-separately-wmo

SwiftMergeGeneratedHeaders /Users/runner/Library/Developer/Xcode/DerivedData/Familienplaner-dmcrrzfthkjbwogvslwbznxtcpok/Build/Intermediates.noindex/ArchiveIntermediates/Familienplaner/IntermediateBuildFilesPath/Familienplaner.build/Release-iphoneos/FamilienplanerShare.build/DerivedSources/FamilienplanerShare-Swift.h /Users/runner/Library/Developer/Xcode/DerivedData/Familienplaner-dmcrrzfthkjbwogvslwbznxtcpok/Build/Intermediates.noindex/ArchiveIntermediates/Familienplaner/IntermediateBuildFilesPath/Familienplaner.build/Release-iphoneos/FamilienplanerShare.build/Objects-normal/arm64/FamilienplanerShare-Swift.h (in target 'FamilienplanerShare' from project 'Familienplaner')
    cd /Users/runner/work/familienplaner/familienplaner
    builtin-swiftHeaderTool -arch arm64 /Users/runner/Library/Developer/Xcode/DerivedData/Familienplaner-dmcrrzfthkjbwogvslwbznxtcpok/Build/Intermediates.noindex/ArchiveIntermediates/Familienplaner/IntermediateBuildFilesPath/Familienplaner.build/Release-iphoneos/FamilienplanerShare.build/Objects-normal/arm64/FamilienplanerShare-Swift.h -o /Users/runner/Library/Developer/Xcode/DerivedData/Familienplaner-dmcrrzfthkjbwogvslwbznxtcpok/Build/Intermediates.noindex/ArchiveIntermediates/Familienplaner/IntermediateBuildFilesPath/Familienplaner.build/Release-iphoneos/FamilienplanerShare.build/DerivedSources/FamilienplanerShare-Swift.h

Copy /Users/runner/Library/Developer/Xcode/DerivedData/Familienplaner-dmcrrzfthkjbwogvslwbznxtcpok/Build/Intermediates.noindex/ArchiveIntermediates/Familienplaner/BuildProductsPath/Release-iphoneos/FamilienplanerShare.swiftmodule/arm64-apple-ios.swiftmodule /Users/runner/Library/Developer/Xcode/DerivedData/Familienplaner-dmcrrzfthkjbwogvslwbznxtcpok/Build/Intermediates.noindex/ArchiveIntermediates/Familienplaner/IntermediateBuildFilesPath/Familienplaner.build/Release-iphoneos/FamilienplanerShare.build/Objects-normal/arm64/FamilienplanerShare.swiftmodule (in target 'FamilienplanerShare' from project 'Familienplaner')
    cd /Users/runner/work/familienplaner/familienplaner
    builtin-copy -exclude .DS_Store -exclude CVS -exclude .svn -exclude .git -exclude .hg -resolve-src-symlinks -rename /Users/runner/Library/Developer/Xcode/DerivedData/Familienplaner-dmcrrzfthkjbwogvslwbznxtcpok/Build/Intermediates.noindex/ArchiveIntermediates/Familienplaner/IntermediateBuildFilesPath/Familienplaner.build/Release-iphoneos/FamilienplanerShare.build/Objects-normal/arm64/FamilienplanerShare.swiftmodule /Users/runner/Library/Developer/Xcode/DerivedData/Familienplaner-dmcrrzfthkjbwogvslwbznxtcpok/Build/Intermediates.noindex/ArchiveIntermediates/Familienplaner/BuildProductsPath/Release-iphoneos/FamilienplanerShare.swiftmodule/arm64-apple-ios.swiftmodule

Copy /Users/runner/Library/Developer/Xcode/DerivedData/Familienplaner-dmcrrzfthkjbwogvslwbznxtcpok/Build/Intermediates.noindex/ArchiveIntermediates/Familienplaner/BuildProductsPath/Release-iphoneos/FamilienplanerShare.swiftmodule/arm64-apple-ios.swiftdoc /Users/runner/Library/Developer/Xcode/DerivedData/Familienplaner-dmcrrzfthkjbwogvslwbznxtcpok/Build/Intermediates.noindex/ArchiveIntermediates/Familienplaner/IntermediateBuildFilesPath/Familienplaner.build/Release-iphoneos/FamilienplanerShare.build/Objects-normal/arm64/FamilienplanerShare.swiftdoc (in target 'FamilienplanerShare' from project 'Familienplaner')
    cd /Users/runner/work/familienplaner/familienplaner
    builtin-copy -exclude .DS_Store -exclude CVS -exclude .svn -exclude .git -exclude .hg -resolve-src-symlinks -rename /Users/runner/Library/Developer/Xcode/DerivedData/Familienplaner-dmcrrzfthkjbwogvslwbznxtcpok/Build/Intermediates.noindex/ArchiveIntermediates/Familienplaner/IntermediateBuildFilesPath/Familienplaner.build/Release-iphoneos/FamilienplanerShare.build/Objects-normal/arm64/FamilienplanerShare.swiftdoc /Users/runner/Library/Developer/Xcode/DerivedData/Familienplaner-dmcrrzfthkjbwogvslwbznxtcpok/Build/Intermediates.noindex/ArchiveIntermediates/Familienplaner/BuildProductsPath/Release-iphoneos/FamilienplanerShare.swiftmodule/arm64-apple-ios.swiftdoc

Copy /Users/runner/Library/Developer/Xcode/DerivedData/Familienplaner-dmcrrzfthkjbwogvslwbznxtcpok/Build/Intermediates.noindex/ArchiveIntermediates/Familienplaner/BuildProductsPath/Release-iphoneos/FamilienplanerShare.swiftmodule/arm64-apple-ios.abi.json /Users/runner/Library/Developer/Xcode/DerivedData/Familienplaner-dmcrrzfthkjbwogvslwbznxtcpok/Build/Intermediates.noindex/ArchiveIntermediates/Familienplaner/IntermediateBuildFilesPath/Familienplaner.build/Release-iphoneos/FamilienplanerShare.build/Objects-normal/arm64/FamilienplanerShare.abi.json (in target 'FamilienplanerShare' from project 'Familienplaner')
    cd /Users/runner/work/familienplaner/familienplaner
    builtin-copy -exclude .DS_Store -exclude CVS -exclude .svn -exclude .git -exclude .hg -resolve-src-symlinks -rename /Users/runner/Library/Developer/Xcode/DerivedData/Familienplaner-dmcrrzfthkjbwogvslwbznxtcpok/Build/Intermediates.noindex/ArchiveIntermediates/Familienplaner/IntermediateBuildFilesPath/Familienplaner.build/Release-iphoneos/FamilienplanerShare.build/Objects-normal/arm64/FamilienplanerShare.abi.json /Users/runner/Library/Developer/Xcode/DerivedData/Familienplaner-dmcrrzfthkjbwogvslwbznxtcpok/Build/Intermediates.noindex/ArchiveIntermediates/Familienplaner/BuildProductsPath/Release-iphoneos/FamilienplanerShare.swiftmodule/arm64-apple-ios.abi.json

Ld /Users/runner/Library/Developer/Xcode/DerivedData/Familienplaner-dmcrrzfthkjbwogvslwbznxtcpok/Build/Intermediates.noindex/ArchiveIntermediates/Familienplaner/IntermediateBuildFilesPath/UninstalledProducts/iphoneos/FamilienplanerShare.appex/FamilienplanerShare normal (in target 'FamilienplanerShare' from project 'Familienplaner')
    cd /Users/runner/work/familienplaner/familienplaner
    /Applications/Xcode_26.6.app/Contents/Developer/Toolchains/XcodeDefault.xctoolchain/usr/bin/clang -Xlinker -reproducible -target arm64-apple-ios26.0 -isysroot /Applications/Xcode_26.6.app/Contents/Developer/Platforms/iPhoneOS.platform/Developer/SDKs/iPhoneOS26.5.sdk -Os -L/Users/runner/Library/Developer/Xcode/DerivedData/Familienplaner-dmcrrzfthkjbwogvslwbznxtcpok/Build/Intermediates.noindex/ArchiveIntermediates/Familienplaner/IntermediateBuildFilesPath/EagerLinkingTBDs/Release-iphoneos -L/Users/runner/Library/Developer/Xcode/DerivedData/Familienplaner-dmcrrzfthkjbwogvslwbznxtcpok/Build/Intermediates.noindex/ArchiveIntermediates/Familienplaner/BuildProductsPath/Release-iphoneos -F/Users/runner/Library/Developer/Xcode/DerivedData/Familienplaner-dmcrrzfthkjbwogvslwbznxtcpok/Build/Intermediates.noindex/ArchiveIntermediates/Familienplaner/IntermediateBuildFilesPath/EagerLinkingTBDs/Release-iphoneos -F/Users/runner/Library/Developer/Xcode/DerivedData/Familienplaner-dmcrrzfthkjbwogvslwbznxtcpok/Build/Intermediates.noindex/ArchiveIntermediates/Familienplaner/BuildProductsPath/Release-iphoneos -filelist /Users/runner/Library/Developer/Xcode/DerivedData/Familienplaner-dmcrrzfthkjbwogvslwbznxtcpok/Build/Intermediates.noindex/ArchiveIntermediates/Familienplaner/IntermediateBuildFilesPath/Familienplaner.build/Release-iphoneos/FamilienplanerShare.build/Objects-normal/arm64/FamilienplanerShare.LinkFileList -Xlinker -rpath -Xlinker @executable_path/Frameworks -Xlinker -rpath -Xlinker @executable_path/../../Frameworks -Xlinker -dead_strip -Xlinker -object_path_lto -Xlinker /Users/runner/Library/Developer/Xcode/DerivedData/Familienplaner-dmcrrzfthkjbwogvslwbznxtcpok/Build/Intermediates.noindex/ArchiveIntermediates/Familienplaner/IntermediateBuildFilesPath/Familienplaner.build/Release-iphoneos/FamilienplanerShare.build/Objects-normal/arm64/FamilienplanerShare_lto.o -Xlinker -dependency_info -Xlinker /Users/runner/Library/Developer/Xcode/DerivedData/Familienplaner-dmcrrzfthkjbwogvslwbznxtcpok/Build/Intermediates.noindex/ArchiveIntermediates/Familienplaner/IntermediateBuildFilesPath/Familienplaner.build/Release-iphoneos/FamilienplanerShare.build/Objects-normal/arm64/FamilienplanerShare_dependency_info.dat -e _NSExtensionMain -fapplication-extension -fobjc-link-runtime -L/Applications/Xcode_26.6.app/Contents/Developer/Toolchains/XcodeDefault.xctoolchain/usr/lib/swift/iphoneos -L/usr/lib/swift -Xlinker -add_ast_path -Xlinker /Users/runner/Library/Developer/Xcode/DerivedData/Familienplaner-dmcrrzfthkjbwogvslwbznxtcpok/Build/Intermediates.noindex/ArchiveIntermediates/Familienplaner/IntermediateBuildFilesPath/Familienplaner.build/Release-iphoneos/FamilienplanerShare.build/Objects-normal/arm64/FamilienplanerShare.swiftmodule @/Users/runner/Library/Developer/Xcode/DerivedData/Familienplaner-dmcrrzfthkjbwogvslwbznxtcpok/Build/Intermediates.noindex/ArchiveIntermediates/Familienplaner/IntermediateBuildFilesPath/Familienplaner.build/Release-iphoneos/FamilienplanerShare.build/Objects-normal/arm64/FamilienplanerShare-linker-args.resp -Xlinker -no_adhoc_codesign -o /Users/runner/Library/Developer/Xcode/DerivedData/Familienplaner-dmcrrzfthkjbwogvslwbznxtcpok/Build/Intermediates.noindex/ArchiveIntermediates/Familienplaner/IntermediateBuildFilesPath/UninstalledProducts/iphoneos/FamilienplanerShare.appex/FamilienplanerShare

ExtractAppIntentsMetadata (in target 'FamilienplanerShare' from project 'Familienplaner')
    cd /Users/runner/work/familienplaner/familienplaner
    /Applications/Xcode_26.6.app/Contents/Developer/Toolchains/XcodeDefault.xctoolchain/usr/bin/appintentsmetadataprocessor --toolchain-dir /var/run/com.apple.security.cryptexd/mnt/com.apple.MobileAsset.MetalToolchain-v17.6.109.0.RQhHG6/Metal.xctoolchain --module-name FamilienplanerShare --sdk-root /Applications/Xcode_26.6.app/Contents/Developer/Platforms/iPhoneOS.platform/Developer/SDKs/iPhoneOS26.5.sdk --xcode-version 17F113 --platform-family iOS --deployment-target 26.0 --bundle-identifier de.barg.familienplaner.share --output /Users/runner/Library/Developer/Xcode/DerivedData/Familienplaner-dmcrrzfthkjbwogvslwbznxtcpok/Build/Intermediates.noindex/ArchiveIntermediates/Familienplaner/IntermediateBuildFilesPath/UninstalledProducts/iphoneos/FamilienplanerShare.appex --target-triple arm64-apple-ios26.0 --binary-file /Users/runner/Library/Developer/Xcode/DerivedData/Familienplaner-dmcrrzfthkjbwogvslwbznxtcpok/Build/Intermediates.noindex/ArchiveIntermediates/Familienplaner/IntermediateBuildFilesPath/UninstalledProducts/iphoneos/FamilienplanerShare.appex/FamilienplanerShare --dependency-file /Users/runner/Library/Developer/Xcode/DerivedData/Familienplaner-dmcrrzfthkjbwogvslwbznxtcpok/Build/Intermediates.noindex/ArchiveIntermediates/Familienplaner/IntermediateBuildFilesPath/Familienplaner.build/Release-iphoneos/FamilienplanerShare.build/Objects-normal/arm64/FamilienplanerShare_dependency_info.dat --stringsdata-file /Users/runner/Library/Developer/Xcode/DerivedData/Familienplaner-dmcrrzfthkjbwogvslwbznxtcpok/Build/Intermediates.noindex/ArchiveIntermediates/Familienplaner/IntermediateBuildFilesPath/Familienplaner.build/Release-iphoneos/FamilienplanerShare.build/Objects-normal/arm64/ExtractedAppShortcutsMetadata.stringsdata --source-file-list /Users/runner/Library/Developer/Xcode/DerivedData/Familienplaner-dmcrrzfthkjbwogvslwbznxtcpok/Build/Intermediates.noindex/ArchiveIntermediates/Familienplaner/IntermediateBuildFilesPath/Familienplaner.build/Release-iphoneos/FamilienplanerShare.build/Objects-normal/arm64/FamilienplanerShare.SwiftFileList --metadata-file-list /Users/runner/Library/Developer/Xcode/DerivedData/Familienplaner-dmcrrzfthkjbwogvslwbznxtcpok/Build/Intermediates.noindex/ArchiveIntermediates/Familienplaner/IntermediateBuildFilesPath/Familienplaner.build/Release-iphoneos/FamilienplanerShare.build/FamilienplanerShare.DependencyMetadataFileList --static-metadata-file-list /Users/runner/Library/Developer/Xcode/DerivedData/Familienplaner-dmcrrzfthkjbwogvslwbznxtcpok/Build/Intermediates.noindex/ArchiveIntermediates/Familienplaner/IntermediateBuildFilesPath/Familienplaner.build/Release-iphoneos/FamilienplanerShare.build/FamilienplanerShare.DependencyStaticMetadataFileList --swift-const-vals-list /Users/runner/Library/Developer/Xcode/DerivedData/Familienplaner-dmcrrzfthkjbwogvslwbznxtcpok/Build/Intermediates.noindex/ArchiveIntermediates/Familienplaner/IntermediateBuildFilesPath/Familienplaner.build/Release-iphoneos/FamilienplanerShare.build/Objects-normal/arm64/FamilienplanerShare.SwiftConstValuesFileList --compile-time-extraction --deployment-aware-processing --validate-assistant-intents --no-app-shortcuts-localization
2026-10-08 20:14:54.925 appintentsmetadataprocessor[3768:15834] Starting appintentsmetadataprocessor export
2026-10-08 20:14:54.993 appintentsmetadataprocessor[3768:15834] Extracted no relevant App Intents symbols, skipping writing output

GenerateDSYMFile /Users/runner/Library/Developer/Xcode/DerivedData/Familienplaner-dmcrrzfthkjbwogvslwbznxtcpok/Build/Intermediates.noindex/ArchiveIntermediates/Familienplaner/BuildProductsPath/Release-iphoneos/FamilienplanerShare.appex.dSYM /Users/runner/Library/Developer/Xcode/DerivedData/Familienplaner-dmcrrzfthkjbwogvslwbznxtcpok/Build/Intermediates.noindex/ArchiveIntermediates/Familienplaner/IntermediateBuildFilesPath/UninstalledProducts/iphoneos/FamilienplanerShare.appex/FamilienplanerShare (in target 'FamilienplanerShare' from project 'Familienplaner')
    cd /Users/runner/work/familienplaner/familienplaner
    /Applications/Xcode_26.6.app/Contents/Developer/Toolchains/XcodeDefault.xctoolchain/usr/bin/dsymutil /Users/runner/Library/Developer/Xcode/DerivedData/Familienplaner-dmcrrzfthkjbwogvslwbznxtcpok/Build/Intermediates.noindex/ArchiveIntermediates/Familienplaner/IntermediateBuildFilesPath/UninstalledProducts/iphoneos/FamilienplanerShare.appex/FamilienplanerShare -o /Users/runner/Library/Developer/Xcode/DerivedData/Familienplaner-dmcrrzfthkjbwogvslwbznxtcpok/Build/Intermediates.noindex/ArchiveIntermediates/Familienplaner/BuildProductsPath/Release-iphoneos/FamilienplanerShare.appex.dSYM

AppIntentsSSUTraining (in target 'FamilienplanerShare' from project 'Familienplaner')
    cd /Users/runner/work/familienplaner/familienplaner
    /Applications/Xcode_26.6.app/Contents/Developer/Toolchains/XcodeDefault.xctoolchain/usr/bin/appintentsnltrainingprocessor --infoplist-path /Users/runner/Library/Developer/Xcode/DerivedData/Familienplaner-dmcrrzfthkjbwogvslwbznxtcpok/Build/Intermediates.noindex/ArchiveIntermediates/Familienplaner/IntermediateBuildFilesPath/UninstalledProducts/iphoneos/FamilienplanerShare.appex/Info.plist --temp-dir-path /Users/runner/Library/Developer/Xcode/DerivedData/Familienplaner-dmcrrzfthkjbwogvslwbznxtcpok/Build/Intermediates.noindex/ArchiveIntermediates/Familienplaner/IntermediateBuildFilesPath/Familienplaner.build/Release-iphoneos/FamilienplanerShare.build/ssu --bundle-id de.barg.familienplaner.share --product-path /Users/runner/Library/Developer/Xcode/DerivedData/Familienplaner-dmcrrzfthkjbwogvslwbznxtcpok/Build/Intermediates.noindex/ArchiveIntermediates/Familienplaner/IntermediateBuildFilesPath/UninstalledProducts/iphoneos/FamilienplanerShare.appex --extracted-metadata-path /Users/runner/Library/Developer/Xcode/DerivedData/Familienplaner-dmcrrzfthkjbwogvslwbznxtcpok/Build/Intermediates.noindex/ArchiveIntermediates/Familienplaner/IntermediateBuildFilesPath/UninstalledProducts/iphoneos/FamilienplanerShare.appex/Metadata.appintents --deployment-postprocessing --metadata-file-list /Users/runner/Library/Developer/Xcode/DerivedData/Familienplaner-dmcrrzfthkjbwogvslwbznxtcpok/Build/Intermediates.noindex/ArchiveIntermediates/Familienplaner/IntermediateBuildFilesPath/Familienplaner.build/Release-iphoneos/FamilienplanerShare.build/FamilienplanerShare.DependencyMetadataFileList --source-file /Users/runner/Library/Developer/Xcode/DerivedData/Familienplaner-dmcrrzfthkjbwogvslwbznxtcpok/Build/Intermediates.noindex/ArchiveIntermediates/Familienplaner/IntermediateBuildFilesPath/UninstalledProducts/iphoneos/FamilienplanerShare.appex/Info.plist --archive-ssu-assets
2026-10-08 20:14:55.064 appintentsnltrainingprocessor[3771:15852] Parsing options for appintentsnltrainingprocessor
2026-10-08 20:14:55.065 appintentsnltrainingprocessor[3771:15852] Starting AppIntents SSU YAML Generation
2026-10-08 20:14:55.078 appintentsnltrainingprocessor[3771:15852] No AppShortcuts found - Skipping.

Strip /Users/runner/Library/Developer/Xcode/DerivedData/Familienplaner-dmcrrzfthkjbwogvslwbznxtcpok/Build/Intermediates.noindex/ArchiveIntermediates/Familienplaner/IntermediateBuildFilesPath/UninstalledProducts/iphoneos/FamilienplanerShare.appex/FamilienplanerShare (in target 'FamilienplanerShare' from project 'Familienplaner')
    cd /Users/runner/work/familienplaner/familienplaner
    /Applications/Xcode_26.6.app/Contents/Developer/Toolchains/XcodeDefault.xctoolchain/usr/bin/strip -D -x -T /Users/runner/Library/Developer/Xcode/DerivedData/Familienplaner-dmcrrzfthkjbwogvslwbznxtcpok/Build/Intermediates.noindex/ArchiveIntermediates/Familienplaner/IntermediateBuildFilesPath/UninstalledProducts/iphoneos/FamilienplanerShare.appex/FamilienplanerShare

SetOwnerAndGroup runner:staff /Users/runner/Library/Developer/Xcode/DerivedData/Familienplaner-dmcrrzfthkjbwogvslwbznxtcpok/Build/Intermediates.noindex/ArchiveIntermediates/Familienplaner/IntermediateBuildFilesPath/UninstalledProducts/iphoneos/FamilienplanerShare.appex (in target 'FamilienplanerShare' from project 'Familienplaner')
    cd /Users/runner/work/familienplaner/familienplaner
    /usr/sbin/chown -RH runner:staff /Users/runner/Library/Developer/Xcode/DerivedData/Familienplaner-dmcrrzfthkjbwogvslwbznxtcpok/Build/Intermediates.noindex/ArchiveIntermediates/Familienplaner/IntermediateBuildFilesPath/UninstalledProducts/iphoneos/FamilienplanerShare.appex

SetMode u+w,go-w,a+rX /Users/runner/Library/Developer/Xcode/DerivedData/Familienplaner-dmcrrzfthkjbwogvslwbznxtcpok/Build/Intermediates.noindex/ArchiveIntermediates/Familienplaner/IntermediateBuildFilesPath/UninstalledProducts/iphoneos/FamilienplanerShare.appex (in target 'FamilienplanerShare' from project 'Familienplaner')
    cd /Users/runner/work/familienplaner/familienplaner
    /bin/chmod -RH u+w,go-w,a+rX /Users/runner/Library/Developer/Xcode/DerivedData/Familienplaner-dmcrrzfthkjbwogvslwbznxtcpok/Build/Intermediates.noindex/ArchiveIntermediates/Familienplaner/IntermediateBuildFilesPath/UninstalledProducts/iphoneos/FamilienplanerShare.appex

CodeSign /Users/runner/Library/Developer/Xcode/DerivedData/Familienplaner-dmcrrzfthkjbwogvslwbznxtcpok/Build/Intermediates.noindex/ArchiveIntermediates/Familienplaner/IntermediateBuildFilesPath/UninstalledProducts/iphoneos/FamilienplanerShare.appex (in target 'FamilienplanerShare' from project 'Familienplaner')
    cd /Users/runner/work/familienplaner/familienplaner
    
    Signing Identity:     "Sign to Run Locally"
    
    /usr/bin/codesign --force --sign - --entitlements /Users/runner/Library/Developer/Xcode/DerivedData/Familienplaner-dmcrrzfthkjbwogvslwbznxtcpok/Build/Intermediates.noindex/ArchiveIntermediates/Familienplaner/IntermediateBuildFilesPath/Familienplaner.build/Release-iphoneos/FamilienplanerShare.build/FamilienplanerShare.appex.xcent --generate-entitlement-der /Users/runner/Library/Developer/Xcode/DerivedData/Familienplaner-dmcrrzfthkjbwogvslwbznxtcpok/Build/Intermediates.noindex/ArchiveIntermediates/Familienplaner/IntermediateBuildFilesPath/UninstalledProducts/iphoneos/FamilienplanerShare.appex

RegisterExecutionPolicyException /Users/runner/Library/Developer/Xcode/DerivedData/Familienplaner-dmcrrzfthkjbwogvslwbznxtcpok/Build/Intermediates.noindex/ArchiveIntermediates/Familienplaner/IntermediateBuildFilesPath/UninstalledProducts/iphoneos/FamilienplanerShare.appex (in target 'FamilienplanerShare' from project 'Familienplaner')
    cd /Users/runner/work/familienplaner/familienplaner
    builtin-RegisterExecutionPolicyException /Users/runner/Library/Developer/Xcode/DerivedData/Familienplaner-dmcrrzfthkjbwogvslwbznxtcpok/Build/Intermediates.noindex/ArchiveIntermediates/Familienplaner/IntermediateBuildFilesPath/UninstalledProducts/iphoneos/FamilienplanerShare.appex

Touch /Users/runner/Library/Developer/Xcode/DerivedData/Familienplaner-dmcrrzfthkjbwogvslwbznxtcpok/Build/Intermediates.noindex/ArchiveIntermediates/Familienplaner/IntermediateBuildFilesPath/UninstalledProducts/iphoneos/FamilienplanerShare.appex (in target 'FamilienplanerShare' from project 'Familienplaner')
    cd /Users/runner/work/familienplaner/familienplaner
    /usr/bin/touch -c /Users/runner/Library/Developer/Xcode/DerivedData/Familienplaner-dmcrrzfthkjbwogvslwbznxtcpok/Build/Intermediates.noindex/ArchiveIntermediates/Familienplaner/IntermediateBuildFilesPath/UninstalledProducts/iphoneos/FamilienplanerShare.appex

SwiftDriverJobDiscovery normal arm64 Compiling FamilienplanerWidgets.swift, SharedInbox.swift, Theme.swift, WatchSnapshot.swift, WidgetBridge.swift (in target 'FamilienplanerWidgets' from project 'Familienplaner')

SwiftDriver\ Compilation\ Requirements FamilienplanerWidgets normal arm64 com.apple.xcode.tools.swift.compiler (in target 'FamilienplanerWidgets' from project 'Familienplaner')
    cd /Users/runner/work/familienplaner/familienplaner
    builtin-Swift-Compilation-Requirements -- /Applications/Xcode_26.6.app/Contents/Developer/Toolchains/XcodeDefault.xctoolchain/usr/bin/swiftc -module-name FamilienplanerWidgets -O -whole-module-optimization @/Users/runner/Library/Developer/Xcode/DerivedData/Familienplaner-dmcrrzfthkjbwogvslwbznxtcpok/Build/Intermediates.noindex/ArchiveIntermediates/Familienplaner/IntermediateBuildFilesPath/Familienplaner.build/Release-iphoneos/FamilienplanerWidgets.build/Objects-normal/arm64/FamilienplanerWidgets.SwiftFileList -enable-bare-slash-regex -enable-experimental-feature DebugDescriptionMacro -sdk /Applications/Xcode_26.6.app/Contents/Developer/Platforms/iPhoneOS.platform/Developer/SDKs/iPhoneOS26.5.sdk -target arm64-apple-ios26.0 -g -module-cache-path /Users/runner/Library/Developer/Xcode/DerivedData/ModuleCache.noindex -Xfrontend -serialize-debugging-options -application-extension -swift-version 5 -I /Users/runner/Library/Developer/Xcode/DerivedData/Familienplaner-dmcrrzfthkjbwogvslwbznxtcpok/Build/Intermediates.noindex/ArchiveIntermediates/Familienplaner/BuildProductsPath/Release-iphoneos -F /Users/runner/Library/Developer/Xcode/DerivedData/Familienplaner-dmcrrzfthkjbwogvslwbznxtcpok/Build/Intermediates.noindex/ArchiveIntermediates/Familienplaner/BuildProductsPath/Release-iphoneos -c -num-threads 3 -Xcc -ivfsstatcache -Xcc /Users/runner/Library/Developer/Xcode/DerivedData/SDKStatCaches.noindex/iphoneos26.5-23F81a-688ef53f1462e2c8f657fdc38a81448fee66e23052a0157c865c76b268046726.sdkstatcache -output-file-map /Users/runner/Library/Developer/Xcode/DerivedData/Familienplaner-dmcrrzfthkjbwogvslwbznxtcpok/Build/Intermediates.noindex/ArchiveIntermediates/Familienplaner/IntermediateBuildFilesPath/Familienplaner.build/Release-iphoneos/FamilienplanerWidgets.build/Objects-normal/arm64/FamilienplanerWidgets-OutputFileMap.json -use-frontend-parseable-output -save-temps -no-color-diagnostics -explicit-module-build -module-cache-path /Users/runner/Library/Developer/Xcode/DerivedData/Familienplaner-dmcrrzfthkjbwogvslwbznxtcpok/Build/Intermediates.noindex/ArchiveIntermediates/Familienplaner/IntermediateBuildFilesPath/SwiftExplicitPrecompiledModules -clang-scanner-module-cache-path /Users/runner/Library/Developer/Xcode/DerivedData/ModuleCache.noindex -sdk-module-cache-path /Users/runner/Library/Developer/Xcode/DerivedData/ModuleCache.noindex -serialize-diagnostics -emit-dependencies -emit-module -emit-module-path /Users/runner/Library/Developer/Xcode/DerivedData/Familienplaner-dmcrrzfthkjbwogvslwbznxtcpok/Build/Intermediates.noindex/ArchiveIntermediates/Familienplaner/IntermediateBuildFilesPath/Familienplaner.build/Release-iphoneos/FamilienplanerWidgets.build/Objects-normal/arm64/FamilienplanerWidgets.swiftmodule -validate-clang-modules-once -clang-build-session-file /Users/runner/Library/Developer/Xcode/DerivedData/ModuleCache.noindex/Session.modulevalidation -Xcc -I/Users/runner/Library/Developer/Xcode/DerivedData/Familienplaner-dmcrrzfthkjbwogvslwbznxtcpok/Build/Intermediates.noindex/ArchiveIntermediates/Familienplaner/IntermediateBuildFilesPath/Familienplaner.build/Release-iphoneos/FamilienplanerWidgets.build/swift-overrides.hmap -emit-const-values -Xfrontend -const-gather-protocols-file -Xfrontend /Users/runner/Library/Developer/Xcode/DerivedData/Familienplaner-dmcrrzfthkjbwogvslwbznxtcpok/Build/Intermediates.noindex/ArchiveIntermediates/Familienplaner/IntermediateBuildFilesPath/Familienplaner.build/Release-iphoneos/FamilienplanerWidgets.build/Objects-normal/arm64/FamilienplanerWidgets_const_extract_protocols.json -Xcc -iquote -Xcc /Users/runner/Library/Developer/Xcode/DerivedData/Familienplaner-dmcrrzfthkjbwogvslwbznxtcpok/Build/Intermediates.noindex/ArchiveIntermediates/Familienplaner/IntermediateBuildFilesPath/Familienplaner.build/Release-iphoneos/FamilienplanerWidgets.build/FamilienplanerWidgets-generated-files.hmap -Xcc -I/Users/runner/Library/Developer/Xcode/DerivedData/Familienplaner-dmcrrzfthkjbwogvslwbznxtcpok/Build/Intermediates.noindex/ArchiveIntermediates/Familienplaner/IntermediateBuildFilesPath/Familienplaner.build/Release-iphoneos/FamilienplanerWidgets.build/FamilienplanerWidgets-own-target-headers.hmap -Xcc -I/Users/runner/Library/Developer/Xcode/DerivedData/Familienplaner-dmcrrzfthkjbwogvslwbznxtcpok/Build/Intermediates.noindex/ArchiveIntermediates/Familienplaner/IntermediateBuildFilesPath/Familienplaner.build/Release-iphoneos/FamilienplanerWidgets.build/FamilienplanerWidgets-all-target-headers.hmap -Xcc -iquote -Xcc /Users/runner/Library/Developer/Xcode/DerivedData/Familienplaner-dmcrrzfthkjbwogvslwbznxtcpok/Build/Intermediates.noindex/ArchiveIntermediates/Familienplaner/IntermediateBuildFilesPath/Familienplaner.build/Release-iphoneos/FamilienplanerWidgets.build/FamilienplanerWidgets-project-headers.hmap -Xcc -I/Users/runner/Library/Developer/Xcode/DerivedData/Familienplaner-dmcrrzfthkjbwogvslwbznxtcpok/Build/Intermediates.noindex/ArchiveIntermediates/Familienplaner/BuildProductsPath/Release-iphoneos/include -Xcc -I/Users/runner/Library/Developer/Xcode/DerivedData/Familienplaner-dmcrrzfthkjbwogvslwbznxtcpok/Build/Intermediates.noindex/ArchiveIntermediates/Familienplaner/IntermediateBuildFilesPath/Familienplaner.build/Release-iphoneos/FamilienplanerWidgets.build/DerivedSources-normal/arm64 -Xcc -I/Users/runner/Library/Developer/Xcode/DerivedData/Familienplaner-dmcrrzfthkjbwogvslwbznxtcpok/Build/Intermediates.noindex/ArchiveIntermediates/Familienplaner/IntermediateBuildFilesPath/Familienplaner.build/Release-iphoneos/FamilienplanerWidgets.build/DerivedSources/arm64 -Xcc -I/Users/runner/Library/Developer/Xcode/DerivedData/Familienplaner-dmcrrzfthkjbwogvslwbznxtcpok/Build/Intermediates.noindex/ArchiveIntermediates/Familienplaner/IntermediateBuildFilesPath/Familienplaner.build/Release-iphoneos/FamilienplanerWidgets.build/DerivedSources -emit-objc-header -emit-objc-header-path /Users/runner/Library/Developer/Xcode/DerivedData/Familienplaner-dmcrrzfthkjbwogvslwbznxtcpok/Build/Intermediates.noindex/ArchiveIntermediates/Familienplaner/IntermediateBuildFilesPath/Familienplaner.build/Release-iphoneos/FamilienplanerWidgets.build/Objects-normal/arm64/FamilienplanerWidgets-Swift.h -working-directory /Users/runner/work/familienplaner/familienplaner -no-emit-module-separately-wmo

SwiftMergeGeneratedHeaders /Users/runner/Library/Developer/Xcode/DerivedData/Familienplaner-dmcrrzfthkjbwogvslwbznxtcpok/Build/Intermediates.noindex/ArchiveIntermediates/Familienplaner/IntermediateBuildFilesPath/Familienplaner.build/Release-iphoneos/FamilienplanerWidgets.build/DerivedSources/FamilienplanerWidgets-Swift.h /Users/runner/Library/Developer/Xcode/DerivedData/Familienplaner-dmcrrzfthkjbwogvslwbznxtcpok/Build/Intermediates.noindex/ArchiveIntermediates/Familienplaner/IntermediateBuildFilesPath/Familienplaner.build/Release-iphoneos/FamilienplanerWidgets.build/Objects-normal/arm64/FamilienplanerWidgets-Swift.h (in target 'FamilienplanerWidgets' from project 'Familienplaner')
    cd /Users/runner/work/familienplaner/familienplaner
    builtin-swiftHeaderTool -arch arm64 /Users/runner/Library/Developer/Xcode/DerivedData/Familienplaner-dmcrrzfthkjbwogvslwbznxtcpok/Build/Intermediates.noindex/ArchiveIntermediates/Familienplaner/IntermediateBuildFilesPath/Familienplaner.build/Release-iphoneos/FamilienplanerWidgets.build/Objects-normal/arm64/FamilienplanerWidgets-Swift.h -o /Users/runner/Library/Developer/Xcode/DerivedData/Familienplaner-dmcrrzfthkjbwogvslwbznxtcpok/Build/Intermediates.noindex/ArchiveIntermediates/Familienplaner/IntermediateBuildFilesPath/Familienplaner.build/Release-iphoneos/FamilienplanerWidgets.build/DerivedSources/FamilienplanerWidgets-Swift.h

Copy /Users/runner/Library/Developer/Xcode/DerivedData/Familienplaner-dmcrrzfthkjbwogvslwbznxtcpok/Build/Intermediates.noindex/ArchiveIntermediates/Familienplaner/BuildProductsPath/Release-iphoneos/FamilienplanerWidgets.swiftmodule/arm64-apple-ios.swiftdoc /Users/runner/Library/Developer/Xcode/DerivedData/Familienplaner-dmcrrzfthkjbwogvslwbznxtcpok/Build/Intermediates.noindex/ArchiveIntermediates/Familienplaner/IntermediateBuildFilesPath/Familienplaner.build/Release-iphoneos/FamilienplanerWidgets.build/Objects-normal/arm64/FamilienplanerWidgets.swiftdoc (in target 'FamilienplanerWidgets' from project 'Familienplaner')
    cd /Users/runner/work/familienplaner/familienplaner
    builtin-copy -exclude .DS_Store -exclude CVS -exclude .svn -exclude .git -exclude .hg -resolve-src-symlinks -rename /Users/runner/Library/Developer/Xcode/DerivedData/Familienplaner-dmcrrzfthkjbwogvslwbznxtcpok/Build/Intermediates.noindex/ArchiveIntermediates/Familienplaner/IntermediateBuildFilesPath/Familienplaner.build/Release-iphoneos/FamilienplanerWidgets.build/Objects-normal/arm64/FamilienplanerWidgets.swiftdoc /Users/runner/Library/Developer/Xcode/DerivedData/Familienplaner-dmcrrzfthkjbwogvslwbznxtcpok/Build/Intermediates.noindex/ArchiveIntermediates/Familienplaner/BuildProductsPath/Release-iphoneos/FamilienplanerWidgets.swiftmodule/arm64-apple-ios.swiftdoc

Copy /Users/runner/Library/Developer/Xcode/DerivedData/Familienplaner-dmcrrzfthkjbwogvslwbznxtcpok/Build/Intermediates.noindex/ArchiveIntermediates/Familienplaner/BuildProductsPath/Release-iphoneos/FamilienplanerWidgets.swiftmodule/arm64-apple-ios.swiftmodule /Users/runner/Library/Developer/Xcode/DerivedData/Familienplaner-dmcrrzfthkjbwogvslwbznxtcpok/Build/Intermediates.noindex/ArchiveIntermediates/Familienplaner/IntermediateBuildFilesPath/Familienplaner.build/Release-iphoneos/FamilienplanerWidgets.build/Objects-normal/arm64/FamilienplanerWidgets.swiftmodule (in target 'FamilienplanerWidgets' from project 'Familienplaner')
    cd /Users/runner/work/familienplaner/familienplaner
    builtin-copy -exclude .DS_Store -exclude CVS -exclude .svn -exclude .git -exclude .hg -resolve-src-symlinks -rename /Users/runner/Library/Developer/Xcode/DerivedData/Familienplaner-dmcrrzfthkjbwogvslwbznxtcpok/Build/Intermediates.noindex/ArchiveIntermediates/Familienplaner/IntermediateBuildFilesPath/Familienplaner.build/Release-iphoneos/FamilienplanerWidgets.build/Objects-normal/arm64/FamilienplanerWidgets.swiftmodule /Users/runner/Library/Developer/Xcode/DerivedData/Familienplaner-dmcrrzfthkjbwogvslwbznxtcpok/Build/Intermediates.noindex/ArchiveIntermediates/Familienplaner/BuildProductsPath/Release-iphoneos/FamilienplanerWidgets.swiftmodule/arm64-apple-ios.swiftmodule

Copy /Users/runner/Library/Developer/Xcode/DerivedData/Familienplaner-dmcrrzfthkjbwogvslwbznxtcpok/Build/Intermediates.noindex/ArchiveIntermediates/Familienplaner/BuildProductsPath/Release-iphoneos/FamilienplanerWidgets.swiftmodule/arm64-apple-ios.abi.json /Users/runner/Library/Developer/Xcode/DerivedData/Familienplaner-dmcrrzfthkjbwogvslwbznxtcpok/Build/Intermediates.noindex/ArchiveIntermediates/Familienplaner/IntermediateBuildFilesPath/Familienplaner.build/Release-iphoneos/FamilienplanerWidgets.build/Objects-normal/arm64/FamilienplanerWidgets.abi.json (in target 'FamilienplanerWidgets' from project 'Familienplaner')
    cd /Users/runner/work/familienplaner/familienplaner
    builtin-copy -exclude .DS_Store -exclude CVS -exclude .svn -exclude .git -exclude .hg -resolve-src-symlinks -rename /Users/runner/Library/Developer/Xcode/DerivedData/Familienplaner-dmcrrzfthkjbwogvslwbznxtcpok/Build/Intermediates.noindex/ArchiveIntermediates/Familienplaner/IntermediateBuildFilesPath/Familienplaner.build/Release-iphoneos/FamilienplanerWidgets.build/Objects-normal/arm64/FamilienplanerWidgets.abi.json /Users/runner/Library/Developer/Xcode/DerivedData/Familienplaner-dmcrrzfthkjbwogvslwbznxtcpok/Build/Intermediates.noindex/ArchiveIntermediates/Familienplaner/BuildProductsPath/Release-iphoneos/FamilienplanerWidgets.swiftmodule/arm64-apple-ios.abi.json

Ld /Users/runner/Library/Developer/Xcode/DerivedData/Familienplaner-dmcrrzfthkjbwogvslwbznxtcpok/Build/Intermediates.noindex/ArchiveIntermediates/Familienplaner/IntermediateBuildFilesPath/UninstalledProducts/iphoneos/FamilienplanerWidgets.appex/FamilienplanerWidgets normal (in target 'FamilienplanerWidgets' from project 'Familienplaner')
    cd /Users/runner/work/familienplaner/familienplaner
    /Applications/Xcode_26.6.app/Contents/Developer/Toolchains/XcodeDefault.xctoolchain/usr/bin/clang -Xlinker -reproducible -target arm64-apple-ios26.0 -isysroot /Applications/Xcode_26.6.app/Contents/Developer/Platforms/iPhoneOS.platform/Developer/SDKs/iPhoneOS26.5.sdk -Os -L/Users/runner/Library/Developer/Xcode/DerivedData/Familienplaner-dmcrrzfthkjbwogvslwbznxtcpok/Build/Intermediates.noindex/ArchiveIntermediates/Familienplaner/IntermediateBuildFilesPath/EagerLinkingTBDs/Release-iphoneos -L/Users/runner/Library/Developer/Xcode/DerivedData/Familienplaner-dmcrrzfthkjbwogvslwbznxtcpok/Build/Intermediates.noindex/ArchiveIntermediates/Familienplaner/BuildProductsPath/Release-iphoneos -F/Users/runner/Library/Developer/Xcode/DerivedData/Familienplaner-dmcrrzfthkjbwogvslwbznxtcpok/Build/Intermediates.noindex/ArchiveIntermediates/Familienplaner/IntermediateBuildFilesPath/EagerLinkingTBDs/Release-iphoneos -F/Users/runner/Library/Developer/Xcode/DerivedData/Familienplaner-dmcrrzfthkjbwogvslwbznxtcpok/Build/Intermediates.noindex/ArchiveIntermediates/Familienplaner/BuildProductsPath/Release-iphoneos -filelist /Users/runner/Library/Developer/Xcode/DerivedData/Familienplaner-dmcrrzfthkjbwogvslwbznxtcpok/Build/Intermediates.noindex/ArchiveIntermediates/Familienplaner/IntermediateBuildFilesPath/Familienplaner.build/Release-iphoneos/FamilienplanerWidgets.build/Objects-normal/arm64/FamilienplanerWidgets.LinkFileList -Xlinker -rpath -Xlinker @executable_path/Frameworks -Xlinker -rpath -Xlinker @executable_path/../../Frameworks -Xlinker -dead_strip -Xlinker -object_path_lto -Xlinker /Users/runner/Library/Developer/Xcode/DerivedData/Familienplaner-dmcrrzfthkjbwogvslwbznxtcpok/Build/Intermediates.noindex/ArchiveIntermediates/Familienplaner/IntermediateBuildFilesPath/Familienplaner.build/Release-iphoneos/FamilienplanerWidgets.build/Objects-normal/arm64/FamilienplanerWidgets_lto.o -Xlinker -dependency_info -Xlinker /Users/runner/Library/Developer/Xcode/DerivedData/Familienplaner-dmcrrzfthkjbwogvslwbznxtcpok/Build/Intermediates.noindex/ArchiveIntermediates/Familienplaner/IntermediateBuildFilesPath/Familienplaner.build/Release-iphoneos/FamilienplanerWidgets.build/Objects-normal/arm64/FamilienplanerWidgets_dependency_info.dat -e _NSExtensionMain -fapplication-extension -fobjc-link-runtime -L/Applications/Xcode_26.6.app/Contents/Developer/Toolchains/XcodeDefault.xctoolchain/usr/lib/swift/iphoneos -L/usr/lib/swift -Xlinker -add_ast_path -Xlinker /Users/runner/Library/Developer/Xcode/DerivedData/Familienplaner-dmcrrzfthkjbwogvslwbznxtcpok/Build/Intermediates.noindex/ArchiveIntermediates/Familienplaner/IntermediateBuildFilesPath/Familienplaner.build/Release-iphoneos/FamilienplanerWidgets.build/Objects-normal/arm64/FamilienplanerWidgets.swiftmodule @/Users/runner/Library/Developer/Xcode/DerivedData/Familienplaner-dmcrrzfthkjbwogvslwbznxtcpok/Build/Intermediates.noindex/ArchiveIntermediates/Familienplaner/IntermediateBuildFilesPath/Familienplaner.build/Release-iphoneos/FamilienplanerWidgets.build/Objects-normal/arm64/FamilienplanerWidgets-linker-args.resp -Xlinker -no_adhoc_codesign -o /Users/runner/Library/Developer/Xcode/DerivedData/Familienplaner-dmcrrzfthkjbwogvslwbznxtcpok/Build/Intermediates.noindex/ArchiveIntermediates/Familienplaner/IntermediateBuildFilesPath/UninstalledProducts/iphoneos/FamilienplanerWidgets.appex/FamilienplanerWidgets

ProcessProductPackaging /Users/runner/work/familienplaner/familienplaner/Resources/Familienplaner.entitlements /Users/runner/Library/Developer/Xcode/DerivedData/Familienplaner-dmcrrzfthkjbwogvslwbznxtcpok/Build/Intermediates.noindex/ArchiveIntermediates/Familienplaner/IntermediateBuildFilesPath/Familienplaner.build/Release-iphoneos/Familienplaner.build/Familienplaner.app.xcent (in target 'Familienplaner' from project 'Familienplaner')
    cd /Users/runner/work/familienplaner/familienplaner
    
    Entitlements:
    
    {
    "aps-environment" = development;
    "com.apple.developer.icloud-container-identifiers" =     (
        "iCloud.de.barg.familienplaner"
    );
    "com.apple.developer.icloud-services" =     (
        CloudKit
    );
    "com.apple.developer.ubiquity-kvstore-identifier" = "KF96Z9PD9Q.de.barg.familienplaner";
    "com.apple.security.application-groups" =     (
        "group.de.barg.familienplaner"
    );
}
    
    builtin-productPackagingUtility /Users/runner/work/familienplaner/familienplaner/Resources/Familienplaner.entitlements -entitlements -format xml -o /Users/runner/Library/Developer/Xcode/DerivedData/Familienplaner-dmcrrzfthkjbwogvslwbznxtcpok/Build/Intermediates.noindex/ArchiveIntermediates/Familienplaner/IntermediateBuildFilesPath/Familienplaner.build/Release-iphoneos/Familienplaner.build/Familienplaner.app.xcent

ProcessProductPackagingDER /Users/runner/Library/Developer/Xcode/DerivedData/Familienplaner-dmcrrzfthkjbwogvslwbznxtcpok/Build/Intermediates.noindex/ArchiveIntermediates/Familienplaner/IntermediateBuildFilesPath/Familienplaner.build/Release-iphoneos/Familienplaner.build/Familienplaner.app.xcent /Users/runner/Library/Developer/Xcode/DerivedData/Familienplaner-dmcrrzfthkjbwogvslwbznxtcpok/Build/Intermediates.noindex/ArchiveIntermediates/Familienplaner/IntermediateBuildFilesPath/Familienplaner.build/Release-iphoneos/Familienplaner.build/Familienplaner.app.xcent.der (in target 'Familienplaner' from project 'Familienplaner')
    cd /Users/runner/work/familienplaner/familienplaner
    /usr/bin/derq query -f xml -i /Users/runner/Library/Developer/Xcode/DerivedData/Familienplaner-dmcrrzfthkjbwogvslwbznxtcpok/Build/Intermediates.noindex/ArchiveIntermediates/Familienplaner/IntermediateBuildFilesPath/Familienplaner.build/Release-iphoneos/Familienplaner.build/Familienplaner.app.xcent -o /Users/runner/Library/Developer/Xcode/DerivedData/Familienplaner-dmcrrzfthkjbwogvslwbznxtcpok/Build/Intermediates.noindex/ArchiveIntermediates/Familienplaner/IntermediateBuildFilesPath/Familienplaner.build/Release-iphoneos/Familienplaner.build/Familienplaner.app.xcent.der --raw

MkDir /Users/runner/Library/Developer/Xcode/DerivedData/Familienplaner-dmcrrzfthkjbwogvslwbznxtcpok/Build/Intermediates.noindex/ArchiveIntermediates/Familienplaner/IntermediateBuildFilesPath/Familienplaner.build/Release-iphoneos/Familienplaner.build/assetcatalog_output/unthinned (in target 'Familienplaner' from project 'Familienplaner')
    cd /Users/runner/work/familienplaner/familienplaner
    /bin/mkdir -p /Users/runner/Library/Developer/Xcode/DerivedData/Familienplaner-dmcrrzfthkjbwogvslwbznxtcpok/Build/Intermediates.noindex/ArchiveIntermediates/Familienplaner/IntermediateBuildFilesPath/Familienplaner.build/Release-iphoneos/Familienplaner.build/assetcatalog_output/unthinned

MkDir /Users/runner/Library/Developer/Xcode/DerivedData/Familienplaner-dmcrrzfthkjbwogvslwbznxtcpok/Build/Intermediates.noindex/ArchiveIntermediates/Familienplaner/IntermediateBuildFilesPath/Familienplaner.build/Release-iphoneos/Familienplaner.build/assetcatalog_output/thinned (in target 'Familienplaner' from project 'Familienplaner')
    cd /Users/runner/work/familienplaner/familienplaner
    /bin/mkdir -p /Users/runner/Library/Developer/Xcode/DerivedData/Familienplaner-dmcrrzfthkjbwogvslwbznxtcpok/Build/Intermediates.noindex/ArchiveIntermediates/Familienplaner/IntermediateBuildFilesPath/Familienplaner.build/Release-iphoneos/Familienplaner.build/assetcatalog_output/thinned

GenerateAssetSymbols /Users/runner/work/familienplaner/familienplaner/Assets/Assets.xcassets (in target 'Familienplaner' from project 'Familienplaner')
    cd /Users/runner/work/familienplaner/familienplaner
    /Applications/Xcode_26.6.app/Contents/Developer/usr/bin/actool /Users/runner/work/familienplaner/familienplaner/Assets/Assets.xcassets --compile /Users/runner/Library/Developer/Xcode/DerivedData/Familienplaner-dmcrrzfthkjbwogvslwbznxtcpok/Build/Intermediates.noindex/ArchiveIntermediates/Familienplaner/InstallationBuildProductsLocation/Applications/Familienplaner.app --output-format human-readable-text --notices --warnings --export-dependency-info /Users/runner/Library/Developer/Xcode/DerivedData/Familienplaner-dmcrrzfthkjbwogvslwbznxtcpok/Build/Intermediates.noindex/ArchiveIntermediates/Familienplaner/IntermediateBuildFilesPath/Familienplaner.build/Release-iphoneos/Familienplaner.build/assetcatalog_dependencies --output-partial-info-plist /Users/runner/Library/Developer/Xcode/DerivedData/Familienplaner-dmcrrzfthkjbwogvslwbznxtcpok/Build/Intermediates.noindex/ArchiveIntermediates/Familienplaner/IntermediateBuildFilesPath/Familienplaner.build/Release-iphoneos/Familienplaner.build/assetcatalog_generated_info.plist --app-icon AppIcon --compress-pngs --enable-on-demand-resources YES --development-region en --target-device iphone --target-device ipad --minimum-deployment-target 26.0 --platform iphoneos --bundle-identifier de.barg.familienplaner --generate-swift-asset-symbol-extensions NO --generate-swift-asset-symbols /Users/runner/Library/Developer/Xcode/DerivedData/Familienplaner-dmcrrzfthkjbwogvslwbznxtcpok/Build/Intermediates.noindex/ArchiveIntermediates/Familienplaner/IntermediateBuildFilesPath/Familienplaner.build/Release-iphoneos/Familienplaner.build/DerivedSources/GeneratedAssetSymbols.swift --generate-objc-asset-symbols /Users/runner/Library/Developer/Xcode/DerivedData/Familienplaner-dmcrrzfthkjbwogvslwbznxtcpok/Build/Intermediates.noindex/ArchiveIntermediates/Familienplaner/IntermediateBuildFilesPath/Familienplaner.build/Release-iphoneos/Familienplaner.build/DerivedSources/GeneratedAssetSymbols.h --generate-asset-symbol-index /Users/runner/Library/Developer/Xcode/DerivedData/Familienplaner-dmcrrzfthkjbwogvslwbznxtcpok/Build/Intermediates.noindex/ArchiveIntermediates/Familienplaner/IntermediateBuildFilesPath/Familienplaner.build/Release-iphoneos/Familienplaner.build/DerivedSources/GeneratedAssetSymbols-Index.plist
/* com.apple.actool.compilation-results */
/Users/runner/Library/Developer/Xcode/DerivedData/Familienplaner-dmcrrzfthkjbwogvslwbznxtcpok/Build/Intermediates.noindex/ArchiveIntermediates/Familienplaner/IntermediateBuildFilesPath/Familienplaner.build/Release-iphoneos/Familienplaner.build/DerivedSources/GeneratedAssetSymbols-Index.plist
/Users/runner/Library/Developer/Xcode/DerivedData/Familienplaner-dmcrrzfthkjbwogvslwbznxtcpok/Build/Intermediates.noindex/ArchiveIntermediates/Familienplaner/IntermediateBuildFilesPath/Familienplaner.build/Release-iphoneos/Familienplaner.build/DerivedSources/GeneratedAssetSymbols.h
/Users/runner/Library/Developer/Xcode/DerivedData/Familienplaner-dmcrrzfthkjbwogvslwbznxtcpok/Build/Intermediates.noindex/ArchiveIntermediates/Familienplaner/IntermediateBuildFilesPath/Familienplaner.build/Release-iphoneos/Familienplaner.build/DerivedSources/GeneratedAssetSymbols.swift


DataModelCompile /Users/runner/Library/Developer/Xcode/DerivedData/Familienplaner-dmcrrzfthkjbwogvslwbznxtcpok/Build/Intermediates.noindex/ArchiveIntermediates/Familienplaner/InstallationBuildProductsLocation/Applications/Familienplaner.app/ /Users/runner/work/familienplaner/familienplaner/Sources/Persistence/Familienplaner.xcdatamodeld (in target 'Familienplaner' from project 'Familienplaner')
    cd /Users/runner/work/familienplaner/familienplaner
    /Applications/Xcode_26.6.app/Contents/Developer/usr/bin/momc --sdkroot /Applications/Xcode_26.6.app/Contents/Developer/Platforms/iPhoneOS.platform/Developer/SDKs/iPhoneOS26.5.sdk --iphoneos-deployment-target 26.0 --module Familienplaner /Users/runner/work/familienplaner/familienplaner/Sources/Persistence/Familienplaner.xcdatamodeld /Users/runner/Library/Developer/Xcode/DerivedData/Familienplaner-dmcrrzfthkjbwogvslwbznxtcpok/Build/Intermediates.noindex/ArchiveIntermediates/Familienplaner/InstallationBuildProductsLocation/Applications/Familienplaner.app/
Familienplaner 2.xcdatamodel: note: Model Familienplaner 2 version checksum: ke/0xscLaqibj5+OJOmTfLMdl5SnySywvM6ZkO304+I=
Familienplaner.xcdatamodel: note: Model Familienplaner version checksum: lB0K8a7XK4RDMSxxxnB9iny6g7rs24av7RNm8kou/gA=

DataModelCodegen /Users/runner/work/familienplaner/familienplaner/Sources/Persistence/Familienplaner.xcdatamodeld (in target 'Familienplaner' from project 'Familienplaner')
    cd /Users/runner/work/familienplaner/familienplaner
    /Applications/Xcode_26.6.app/Contents/Developer/usr/bin/momc --action generate --swift-version 5.0 --sdkroot /Applications/Xcode_26.6.app/Contents/Developer/Platforms/iPhoneOS.platform/Developer/SDKs/iPhoneOS26.5.sdk --iphoneos-deployment-target 26.0 --module Familienplaner /Users/runner/work/familienplaner/familienplaner/Sources/Persistence/Familienplaner.xcdatamodeld /Users/runner/Library/Developer/Xcode/DerivedData/Familienplaner-dmcrrzfthkjbwogvslwbznxtcpok/Build/Intermediates.noindex/ArchiveIntermediates/Familienplaner/IntermediateBuildFilesPath/Familienplaner.build/Release-iphoneos/Familienplaner.build/DerivedSources/CoreDataGenerated/Familienplaner

CompileAssetCatalogVariant thinned /Users/runner/Library/Developer/Xcode/DerivedData/Familienplaner-dmcrrzfthkjbwogvslwbznxtcpok/Build/Intermediates.noindex/ArchiveIntermediates/Familienplaner/InstallationBuildProductsLocation/Applications/Familienplaner.app /Users/runner/work/familienplaner/familienplaner/Assets/Assets.xcassets (in target 'Familienplaner' from project 'Familienplaner')
    cd /Users/runner/work/familienplaner/familienplaner
    /Applications/Xcode_26.6.app/Contents/Developer/usr/bin/actool /Users/runner/work/familienplaner/familienplaner/Assets/Assets.xcassets --compile /Users/runner/Library/Developer/Xcode/DerivedData/Familienplaner-dmcrrzfthkjbwogvslwbznxtcpok/Build/Intermediates.noindex/ArchiveIntermediates/Familienplaner/IntermediateBuildFilesPath/Familienplaner.build/Release-iphoneos/Familienplaner.build/assetcatalog_output/thinned --output-format human-readable-text --notices --warnings --export-dependency-info /Users/runner/Library/Developer/Xcode/DerivedData/Familienplaner-dmcrrzfthkjbwogvslwbznxtcpok/Build/Intermediates.noindex/ArchiveIntermediates/Familienplaner/IntermediateBuildFilesPath/Familienplaner.build/Release-iphoneos/Familienplaner.build/assetcatalog_dependencies_thinned --output-partial-info-plist /Users/runner/Library/Developer/Xcode/DerivedData/Familienplaner-dmcrrzfthkjbwogvslwbznxtcpok/Build/Intermediates.noindex/ArchiveIntermediates/Familienplaner/IntermediateBuildFilesPath/Familienplaner.build/Release-iphoneos/Familienplaner.build/assetcatalog_generated_info.plist_thinned --app-icon AppIcon --compress-pngs --enable-on-demand-resources YES --development-region en --target-device iphone --target-device ipad --minimum-deployment-target 26.0 --platform iphoneos
/* com.apple.actool.compilation-results */
/Users/runner/Library/Developer/Xcode/DerivedData/Familienplaner-dmcrrzfthkjbwogvslwbznxtcpok/Build/Intermediates.noindex/ArchiveIntermediates/Familienplaner/IntermediateBuildFilesPath/Familienplaner.build/Release-iphoneos/Familienplaner.build/assetcatalog_generated_info.plist_thinned
/Users/runner/Library/Developer/Xcode/DerivedData/Familienplaner-dmcrrzfthkjbwogvslwbznxtcpok/Build/Intermediates.noindex/ArchiveIntermediates/Familienplaner/IntermediateBuildFilesPath/Familienplaner.build/Release-iphoneos/Familienplaner.build/assetcatalog_output/thinned/AppIcon60x60@2x.png
/Users/runner/Library/Developer/Xcode/DerivedData/Familienplaner-dmcrrzfthkjbwogvslwbznxtcpok/Build/Intermediates.noindex/ArchiveIntermediates/Familienplaner/IntermediateBuildFilesPath/Familienplaner.build/Release-iphoneos/Familienplaner.build/assetcatalog_output/thinned/AppIcon76x76@2x~ipad.png
/Users/runner/Library/Developer/Xcode/DerivedData/Familienplaner-dmcrrzfthkjbwogvslwbznxtcpok/Build/Intermediates.noindex/ArchiveIntermediates/Familienplaner/IntermediateBuildFilesPath/Familienplaner.build/Release-iphoneos/Familienplaner.build/assetcatalog_output/thinned/Assets.car


GenerateDSYMFile /Users/runner/Library/Developer/Xcode/DerivedData/Familienplaner-dmcrrzfthkjbwogvslwbznxtcpok/Build/Intermediates.noindex/ArchiveIntermediates/Familienplaner/BuildProductsPath/Release-iphoneos/FamilienplanerWidgets.appex.dSYM /Users/runner/Library/Developer/Xcode/DerivedData/Familienplaner-dmcrrzfthkjbwogvslwbznxtcpok/Build/Intermediates.noindex/ArchiveIntermediates/Familienplaner/IntermediateBuildFilesPath/UninstalledProducts/iphoneos/FamilienplanerWidgets.appex/FamilienplanerWidgets (in target 'FamilienplanerWidgets' from project 'Familienplaner')
    cd /Users/runner/work/familienplaner/familienplaner
    /Applications/Xcode_26.6.app/Contents/Developer/Toolchains/XcodeDefault.xctoolchain/usr/bin/dsymutil /Users/runner/Library/Developer/Xcode/DerivedData/Familienplaner-dmcrrzfthkjbwogvslwbznxtcpok/Build/Intermediates.noindex/ArchiveIntermediates/Familienplaner/IntermediateBuildFilesPath/UninstalledProducts/iphoneos/FamilienplanerWidgets.appex/FamilienplanerWidgets -o /Users/runner/Library/Developer/Xcode/DerivedData/Familienplaner-dmcrrzfthkjbwogvslwbznxtcpok/Build/Intermediates.noindex/ArchiveIntermediates/Familienplaner/BuildProductsPath/Release-iphoneos/FamilienplanerWidgets.appex.dSYM

ExtractAppIntentsMetadata (in target 'FamilienplanerWidgets' from project 'Familienplaner')
    cd /Users/runner/work/familienplaner/familienplaner
    /Applications/Xcode_26.6.app/Contents/Developer/Toolchains/XcodeDefault.xctoolchain/usr/bin/appintentsmetadataprocessor --toolchain-dir /var/run/com.apple.security.cryptexd/mnt/com.apple.MobileAsset.MetalToolchain-v17.6.109.0.RQhHG6/Metal.xctoolchain --module-name FamilienplanerWidgets --sdk-root /Applications/Xcode_26.6.app/Contents/Developer/Platforms/iPhoneOS.platform/Developer/SDKs/iPhoneOS26.5.sdk --xcode-version 17F113 --platform-family iOS --deployment-target 26.0 --bundle-identifier de.barg.familienplaner.widgets --output /Users/runner/Library/Developer/Xcode/DerivedData/Familienplaner-dmcrrzfthkjbwogvslwbznxtcpok/Build/Intermediates.noindex/ArchiveIntermediates/Familienplaner/IntermediateBuildFilesPath/UninstalledProducts/iphoneos/FamilienplanerWidgets.appex --target-triple arm64-apple-ios26.0 --binary-file /Users/runner/Library/Developer/Xcode/DerivedData/Familienplaner-dmcrrzfthkjbwogvslwbznxtcpok/Build/Intermediates.noindex/ArchiveIntermediates/Familienplaner/IntermediateBuildFilesPath/UninstalledProducts/iphoneos/FamilienplanerWidgets.appex/FamilienplanerWidgets --dependency-file /Users/runner/Library/Developer/Xcode/DerivedData/Familienplaner-dmcrrzfthkjbwogvslwbznxtcpok/Build/Intermediates.noindex/ArchiveIntermediates/Familienplaner/IntermediateBuildFilesPath/Familienplaner.build/Release-iphoneos/FamilienplanerWidgets.build/Objects-normal/arm64/FamilienplanerWidgets_dependency_info.dat --stringsdata-file /Users/runner/Library/Developer/Xcode/DerivedData/Familienplaner-dmcrrzfthkjbwogvslwbznxtcpok/Build/Intermediates.noindex/ArchiveIntermediates/Familienplaner/IntermediateBuildFilesPath/Familienplaner.build/Release-iphoneos/FamilienplanerWidgets.build/Objects-normal/arm64/ExtractedAppShortcutsMetadata.stringsdata --source-file-list /Users/runner/Library/Developer/Xcode/DerivedData/Familienplaner-dmcrrzfthkjbwogvslwbznxtcpok/Build/Intermediates.noindex/ArchiveIntermediates/Familienplaner/IntermediateBuildFilesPath/Familienplaner.build/Release-iphoneos/FamilienplanerWidgets.build/Objects-normal/arm64/FamilienplanerWidgets.SwiftFileList --metadata-file-list /Users/runner/Library/Developer/Xcode/DerivedData/Familienplaner-dmcrrzfthkjbwogvslwbznxtcpok/Build/Intermediates.noindex/ArchiveIntermediates/Familienplaner/IntermediateBuildFilesPath/Familienplaner.build/Release-iphoneos/FamilienplanerWidgets.build/FamilienplanerWidgets.DependencyMetadataFileList --static-metadata-file-list /Users/runner/Library/Developer/Xcode/DerivedData/Familienplaner-dmcrrzfthkjbwogvslwbznxtcpok/Build/Intermediates.noindex/ArchiveIntermediates/Familienplaner/IntermediateBuildFilesPath/Familienplaner.build/Release-iphoneos/FamilienplanerWidgets.build/FamilienplanerWidgets.DependencyStaticMetadataFileList --swift-const-vals-list /Users/runner/Library/Developer/Xcode/DerivedData/Familienplaner-dmcrrzfthkjbwogvslwbznxtcpok/Build/Intermediates.noindex/ArchiveIntermediates/Familienplaner/IntermediateBuildFilesPath/Familienplaner.build/Release-iphoneos/FamilienplanerWidgets.build/Objects-normal/arm64/FamilienplanerWidgets.SwiftConstValuesFileList --compile-time-extraction --deployment-aware-processing --validate-assistant-intents --no-app-shortcuts-localization
2026-10-08 20:14:59.400 appintentsmetadataprocessor[4029:16437] Starting appintentsmetadataprocessor export
2026-10-08 20:14:59.444 appintentsmetadataprocessor[4029:16437] Extracted no relevant App Intents symbols, skipping writing output

AppIntentsSSUTraining (in target 'FamilienplanerWidgets' from project 'Familienplaner')
    cd /Users/runner/work/familienplaner/familienplaner
    /Applications/Xcode_26.6.app/Contents/Developer/Toolchains/XcodeDefault.xctoolchain/usr/bin/appintentsnltrainingprocessor --infoplist-path /Users/runner/Library/Developer/Xcode/DerivedData/Familienplaner-dmcrrzfthkjbwogvslwbznxtcpok/Build/Intermediates.noindex/ArchiveIntermediates/Familienplaner/IntermediateBuildFilesPath/UninstalledProducts/iphoneos/FamilienplanerWidgets.appex/Info.plist --temp-dir-path /Users/runner/Library/Developer/Xcode/DerivedData/Familienplaner-dmcrrzfthkjbwogvslwbznxtcpok/Build/Intermediates.noindex/ArchiveIntermediates/Familienplaner/IntermediateBuildFilesPath/Familienplaner.build/Release-iphoneos/FamilienplanerWidgets.build/ssu --bundle-id de.barg.familienplaner.widgets --product-path /Users/runner/Library/Developer/Xcode/DerivedData/Familienplaner-dmcrrzfthkjbwogvslwbznxtcpok/Build/Intermediates.noindex/ArchiveIntermediates/Familienplaner/IntermediateBuildFilesPath/UninstalledProducts/iphoneos/FamilienplanerWidgets.appex --extracted-metadata-path /Users/runner/Library/Developer/Xcode/DerivedData/Familienplaner-dmcrrzfthkjbwogvslwbznxtcpok/Build/Intermediates.noindex/ArchiveIntermediates/Familienplaner/IntermediateBuildFilesPath/UninstalledProducts/iphoneos/FamilienplanerWidgets.appex/Metadata.appintents --deployment-postprocessing --metadata-file-list /Users/runner/Library/Developer/Xcode/DerivedData/Familienplaner-dmcrrzfthkjbwogvslwbznxtcpok/Build/Intermediates.noindex/ArchiveIntermediates/Familienplaner/IntermediateBuildFilesPath/Familienplaner.build/Release-iphoneos/FamilienplanerWidgets.build/FamilienplanerWidgets.DependencyMetadataFileList --source-file /Users/runner/Library/Developer/Xcode/DerivedData/Familienplaner-dmcrrzfthkjbwogvslwbznxtcpok/Build/Intermediates.noindex/ArchiveIntermediates/Familienplaner/IntermediateBuildFilesPath/UninstalledProducts/iphoneos/FamilienplanerWidgets.appex/Info.plist --archive-ssu-assets
2026-10-08 20:14:59.502 appintentsnltrainingprocessor[4030:16442] Parsing options for appintentsnltrainingprocessor
2026-10-08 20:14:59.503 appintentsnltrainingprocessor[4030:16442] Starting AppIntents SSU YAML Generation
2026-10-08 20:14:59.503 appintentsnltrainingprocessor[4030:16442] No AppShortcuts found - Skipping.

Strip /Users/runner/Library/Developer/Xcode/DerivedData/Familienplaner-dmcrrzfthkjbwogvslwbznxtcpok/Build/Intermediates.noindex/ArchiveIntermediates/Familienplaner/IntermediateBuildFilesPath/UninstalledProducts/iphoneos/FamilienplanerWidgets.appex/FamilienplanerWidgets (in target 'FamilienplanerWidgets' from project 'Familienplaner')
    cd /Users/runner/work/familienplaner/familienplaner
    /Applications/Xcode_26.6.app/Contents/Developer/Toolchains/XcodeDefault.xctoolchain/usr/bin/strip -D -x -T /Users/runner/Library/Developer/Xcode/DerivedData/Familienplaner-dmcrrzfthkjbwogvslwbznxtcpok/Build/Intermediates.noindex/ArchiveIntermediates/Familienplaner/IntermediateBuildFilesPath/UninstalledProducts/iphoneos/FamilienplanerWidgets.appex/FamilienplanerWidgets

SetOwnerAndGroup runner:staff /Users/runner/Library/Developer/Xcode/DerivedData/Familienplaner-dmcrrzfthkjbwogvslwbznxtcpok/Build/Intermediates.noindex/ArchiveIntermediates/Familienplaner/IntermediateBuildFilesPath/UninstalledProducts/iphoneos/FamilienplanerWidgets.appex (in target 'FamilienplanerWidgets' from project 'Familienplaner')
    cd /Users/runner/work/familienplaner/familienplaner
    /usr/sbin/chown -RH runner:staff /Users/runner/Library/Developer/Xcode/DerivedData/Familienplaner-dmcrrzfthkjbwogvslwbznxtcpok/Build/Intermediates.noindex/ArchiveIntermediates/Familienplaner/IntermediateBuildFilesPath/UninstalledProducts/iphoneos/FamilienplanerWidgets.appex

SetMode u+w,go-w,a+rX /Users/runner/Library/Developer/Xcode/DerivedData/Familienplaner-dmcrrzfthkjbwogvslwbznxtcpok/Build/Intermediates.noindex/ArchiveIntermediates/Familienplaner/IntermediateBuildFilesPath/UninstalledProducts/iphoneos/FamilienplanerWidgets.appex (in target 'FamilienplanerWidgets' from project 'Familienplaner')
    cd /Users/runner/work/familienplaner/familienplaner
    /bin/chmod -RH u+w,go-w,a+rX /Users/runner/Library/Developer/Xcode/DerivedData/Familienplaner-dmcrrzfthkjbwogvslwbznxtcpok/Build/Intermediates.noindex/ArchiveIntermediates/Familienplaner/IntermediateBuildFilesPath/UninstalledProducts/iphoneos/FamilienplanerWidgets.appex

CodeSign /Users/runner/Library/Developer/Xcode/DerivedData/Familienplaner-dmcrrzfthkjbwogvslwbznxtcpok/Build/Intermediates.noindex/ArchiveIntermediates/Familienplaner/IntermediateBuildFilesPath/UninstalledProducts/iphoneos/FamilienplanerWidgets.appex (in target 'FamilienplanerWidgets' from project 'Familienplaner')
    cd /Users/runner/work/familienplaner/familienplaner
    
    Signing Identity:     "Sign to Run Locally"
    
    /usr/bin/codesign --force --sign - --entitlements /Users/runner/Library/Developer/Xcode/DerivedData/Familienplaner-dmcrrzfthkjbwogvslwbznxtcpok/Build/Intermediates.noindex/ArchiveIntermediates/Familienplaner/IntermediateBuildFilesPath/Familienplaner.build/Release-iphoneos/FamilienplanerWidgets.build/FamilienplanerWidgets.appex.xcent --generate-entitlement-der /Users/runner/Library/Developer/Xcode/DerivedData/Familienplaner-dmcrrzfthkjbwogvslwbznxtcpok/Build/Intermediates.noindex/ArchiveIntermediates/Familienplaner/IntermediateBuildFilesPath/UninstalledProducts/iphoneos/FamilienplanerWidgets.appex

RegisterExecutionPolicyException /Users/runner/Library/Developer/Xcode/DerivedData/Familienplaner-dmcrrzfthkjbwogvslwbznxtcpok/Build/Intermediates.noindex/ArchiveIntermediates/Familienplaner/IntermediateBuildFilesPath/UninstalledProducts/iphoneos/FamilienplanerWidgets.appex (in target 'FamilienplanerWidgets' from project 'Familienplaner')
    cd /Users/runner/work/familienplaner/familienplaner
    builtin-RegisterExecutionPolicyException /Users/runner/Library/Developer/Xcode/DerivedData/Familienplaner-dmcrrzfthkjbwogvslwbznxtcpok/Build/Intermediates.noindex/ArchiveIntermediates/Familienplaner/IntermediateBuildFilesPath/UninstalledProducts/iphoneos/FamilienplanerWidgets.appex

Touch /Users/runner/Library/Developer/Xcode/DerivedData/Familienplaner-dmcrrzfthkjbwogvslwbznxtcpok/Build/Intermediates.noindex/ArchiveIntermediates/Familienplaner/IntermediateBuildFilesPath/UninstalledProducts/iphoneos/FamilienplanerWidgets.appex (in target 'FamilienplanerWidgets' from project 'Familienplaner')
    cd /Users/runner/work/familienplaner/familienplaner
    /usr/bin/touch -c /Users/runner/Library/Developer/Xcode/DerivedData/Familienplaner-dmcrrzfthkjbwogvslwbznxtcpok/Build/Intermediates.noindex/ArchiveIntermediates/Familienplaner/IntermediateBuildFilesPath/UninstalledProducts/iphoneos/FamilienplanerWidgets.appex

SwiftDriver Familienplaner normal arm64 com.apple.xcode.tools.swift.compiler (in target 'Familienplaner' from project 'Familienplaner')
    cd /Users/runner/work/familienplaner/familienplaner
    builtin-SwiftDriver -- /Applications/Xcode_26.6.app/Contents/Developer/Toolchains/XcodeDefault.xctoolchain/usr/bin/swiftc -module-name Familienplaner -O -whole-module-optimization @/Users/runner/Library/Developer/Xcode/DerivedData/Familienplaner-dmcrrzfthkjbwogvslwbznxtcpok/Build/Intermediates.noindex/ArchiveIntermediates/Familienplaner/IntermediateBuildFilesPath/Familienplaner.build/Release-iphoneos/Familienplaner.build/Objects-normal/arm64/Familienplaner.SwiftFileList -enable-bare-slash-regex -enable-experimental-feature DebugDescriptionMacro -sdk /Applications/Xcode_26.6.app/Contents/Developer/Platforms/iPhoneOS.platform/Developer/SDKs/iPhoneOS26.5.sdk -target arm64-apple-ios26.0 -g -module-cache-path /Users/runner/Library/Developer/Xcode/DerivedData/ModuleCache.noindex -Xfrontend -serialize-debugging-options -swift-version 5 -I /Users/runner/Library/Developer/Xcode/DerivedData/Familienplaner-dmcrrzfthkjbwogvslwbznxtcpok/Build/Intermediates.noindex/ArchiveIntermediates/Familienplaner/BuildProductsPath/Release-iphoneos -F /Users/runner/Library/Developer/Xcode/DerivedData/Familienplaner-dmcrrzfthkjbwogvslwbznxtcpok/Build/Intermediates.noindex/ArchiveIntermediates/Familienplaner/BuildProductsPath/Release-iphoneos -c -num-threads 3 -Xcc -ivfsstatcache -Xcc /Users/runner/Library/Developer/Xcode/DerivedData/SDKStatCaches.noindex/iphoneos26.5-23F81a-688ef53f1462e2c8f657fdc38a81448fee66e23052a0157c865c76b268046726.sdkstatcache -output-file-map /Users/runner/Library/Developer/Xcode/DerivedData/Familienplaner-dmcrrzfthkjbwogvslwbznxtcpok/Build/Intermediates.noindex/ArchiveIntermediates/Familienplaner/IntermediateBuildFilesPath/Familienplaner.build/Release-iphoneos/Familienplaner.build/Objects-normal/arm64/Familienplaner-OutputFileMap.json -use-frontend-parseable-output -save-temps -no-color-diagnostics -explicit-module-build -module-cache-path /Users/runner/Library/Developer/Xcode/DerivedData/Familienplaner-dmcrrzfthkjbwogvslwbznxtcpok/Build/Intermediates.noindex/ArchiveIntermediates/Familienplaner/IntermediateBuildFilesPath/SwiftExplicitPrecompiledModules -clang-scanner-module-cache-path /Users/runner/Library/Developer/Xcode/DerivedData/ModuleCache.noindex -sdk-module-cache-path /Users/runner/Library/Developer/Xcode/DerivedData/ModuleCache.noindex -serialize-diagnostics -emit-dependencies -emit-module -emit-module-path /Users/runner/Library/Developer/Xcode/DerivedData/Familienplaner-dmcrrzfthkjbwogvslwbznxtcpok/Build/Intermediates.noindex/ArchiveIntermediates/Familienplaner/IntermediateBuildFilesPath/Familienplaner.build/Release-iphoneos/Familienplaner.build/Objects-normal/arm64/Familienplaner.swiftmodule -validate-clang-modules-once -clang-build-session-file /Users/runner/Library/Developer/Xcode/DerivedData/ModuleCache.noindex/Session.modulevalidation -Xcc -I/Users/runner/Library/Developer/Xcode/DerivedData/Familienplaner-dmcrrzfthkjbwogvslwbznxtcpok/Build/Intermediates.noindex/ArchiveIntermediates/Familienplaner/IntermediateBuildFilesPath/Familienplaner.build/Release-iphoneos/Familienplaner.build/swift-overrides.hmap -emit-const-values -Xfrontend -const-gather-protocols-file -Xfrontend /Users/runner/Library/Developer/Xcode/DerivedData/Familienplaner-dmcrrzfthkjbwogvslwbznxtcpok/Build/Intermediates.noindex/ArchiveIntermediates/Familienplaner/IntermediateBuildFilesPath/Familienplaner.build/Release-iphoneos/Familienplaner.build/Objects-normal/arm64/Familienplaner_const_extract_protocols.json -Xcc -iquote -Xcc /Users/runner/Library/Developer/Xcode/DerivedData/Familienplaner-dmcrrzfthkjbwogvslwbznxtcpok/Build/Intermediates.noindex/ArchiveIntermediates/Familienplaner/IntermediateBuildFilesPath/Familienplaner.build/Release-iphoneos/Familienplaner.build/Familienplaner-generated-files.hmap -Xcc -I/Users/runner/Library/Developer/Xcode/DerivedData/Familienplaner-dmcrrzfthkjbwogvslwbznxtcpok/Build/Intermediates.noindex/ArchiveIntermediates/Familienplaner/IntermediateBuildFilesPath/Familienplaner.build/Release-iphoneos/Familienplaner.build/Familienplaner-own-target-headers.hmap -Xcc -I/Users/runner/Library/Developer/Xcode/DerivedData/Familienplaner-dmcrrzfthkjbwogvslwbznxtcpok/Build/Intermediates.noindex/ArchiveIntermediates/Familienplaner/IntermediateBuildFilesPath/Familienplaner.build/Release-iphoneos/Familienplaner.build/Familienplaner-all-target-headers.hmap -Xcc -iquote -Xcc /Users/runner/Library/Developer/Xcode/DerivedData/Familienplaner-dmcrrzfthkjbwogvslwbznxtcpok/Build/Intermediates.noindex/ArchiveIntermediates/Familienplaner/IntermediateBuildFilesPath/Familienplaner.build/Release-iphoneos/Familienplaner.build/Familienplaner-project-headers.hmap -Xcc -I/Users/runner/Library/Developer/Xcode/DerivedData/Familienplaner-dmcrrzfthkjbwogvslwbznxtcpok/Build/Intermediates.noindex/ArchiveIntermediates/Familienplaner/BuildProductsPath/Release-iphoneos/include -Xcc -I/Users/runner/Library/Developer/Xcode/DerivedData/Familienplaner-dmcrrzfthkjbwogvslwbznxtcpok/Build/Intermediates.noindex/ArchiveIntermediates/Familienplaner/IntermediateBuildFilesPath/Familienplaner.build/Release-iphoneos/Familienplaner.build/DerivedSources-normal/arm64 -Xcc -I/Users/runner/Library/Developer/Xcode/DerivedData/Familienplaner-dmcrrzfthkjbwogvslwbznxtcpok/Build/Intermediates.noindex/ArchiveIntermediates/Familienplaner/IntermediateBuildFilesPath/Familienplaner.build/Release-iphoneos/Familienplaner.build/DerivedSources/arm64 -Xcc -I/Users/runner/Library/Developer/Xcode/DerivedData/Familienplaner-dmcrrzfthkjbwogvslwbznxtcpok/Build/Intermediates.noindex/ArchiveIntermediates/Familienplaner/IntermediateBuildFilesPath/Familienplaner.build/Release-iphoneos/Familienplaner.build/DerivedSources -emit-objc-header -emit-objc-header-path /Users/runner/Library/Developer/Xcode/DerivedData/Familienplaner-dmcrrzfthkjbwogvslwbznxtcpok/Build/Intermediates.noindex/ArchiveIntermediates/Familienplaner/IntermediateBuildFilesPath/Familienplaner.build/Release-iphoneos/Familienplaner.build/Objects-normal/arm64/Familienplaner-Swift.h -working-directory /Users/runner/work/familienplaner/familienplaner -no-emit-module-separately-wmo

SwiftDriver\ Compilation Familienplaner normal arm64 com.apple.xcode.tools.swift.compiler (in target 'Familienplaner' from project 'Familienplaner')
    cd /Users/runner/work/familienplaner/familienplaner
    builtin-Swift-Compilation -- /Applications/Xcode_26.6.app/Contents/Developer/Toolchains/XcodeDefault.xctoolchain/usr/bin/swiftc -module-name Familienplaner -O -whole-module-optimization @/Users/runner/Library/Developer/Xcode/DerivedData/Familienplaner-dmcrrzfthkjbwogvslwbznxtcpok/Build/Intermediates.noindex/ArchiveIntermediates/Familienplaner/IntermediateBuildFilesPath/Familienplaner.build/Release-iphoneos/Familienplaner.build/Objects-normal/arm64/Familienplaner.SwiftFileList -enable-bare-slash-regex -enable-experimental-feature DebugDescriptionMacro -sdk /Applications/Xcode_26.6.app/Contents/Developer/Platforms/iPhoneOS.platform/Developer/SDKs/iPhoneOS26.5.sdk -target arm64-apple-ios26.0 -g -module-cache-path /Users/runner/Library/Developer/Xcode/DerivedData/ModuleCache.noindex -Xfrontend -serialize-debugging-options -swift-version 5 -I /Users/runner/Library/Developer/Xcode/DerivedData/Familienplaner-dmcrrzfthkjbwogvslwbznxtcpok/Build/Intermediates.noindex/ArchiveIntermediates/Familienplaner/BuildProductsPath/Release-iphoneos -F /Users/runner/Library/Developer/Xcode/DerivedData/Familienplaner-dmcrrzfthkjbwogvslwbznxtcpok/Build/Intermediates.noindex/ArchiveIntermediates/Familienplaner/BuildProductsPath/Release-iphoneos -c -num-threads 3 -Xcc -ivfsstatcache -Xcc /Users/runner/Library/Developer/Xcode/DerivedData/SDKStatCaches.noindex/iphoneos26.5-23F81a-688ef53f1462e2c8f657fdc38a81448fee66e23052a0157c865c76b268046726.sdkstatcache -output-file-map /Users/runner/Library/Developer/Xcode/DerivedData/Familienplaner-dmcrrzfthkjbwogvslwbznxtcpok/Build/Intermediates.noindex/ArchiveIntermediates/Familienplaner/IntermediateBuildFilesPath/Familienplaner.build/Release-iphoneos/Familienplaner.build/Objects-normal/arm64/Familienplaner-OutputFileMap.json -use-frontend-parseable-output -save-temps -no-color-diagnostics -explicit-module-build -module-cache-path /Users/runner/Library/Developer/Xcode/DerivedData/Familienplaner-dmcrrzfthkjbwogvslwbznxtcpok/Build/Intermediates.noindex/ArchiveIntermediates/Familienplaner/IntermediateBuildFilesPath/SwiftExplicitPrecompiledModules -clang-scanner-module-cache-path /Users/runner/Library/Developer/Xcode/DerivedData/ModuleCache.noindex -sdk-module-cache-path /Users/runner/Library/Developer/Xcode/DerivedData/ModuleCache.noindex -serialize-diagnostics -emit-dependencies -emit-module -emit-module-path /Users/runner/Library/Developer/Xcode/DerivedData/Familienplaner-dmcrrzfthkjbwogvslwbznxtcpok/Build/Intermediates.noindex/ArchiveIntermediates/Familienplaner/IntermediateBuildFilesPath/Familienplaner.build/Release-iphoneos/Familienplaner.build/Objects-normal/arm64/Familienplaner.swiftmodule -validate-clang-modules-once -clang-build-session-file /Users/runner/Library/Developer/Xcode/DerivedData/ModuleCache.noindex/Session.modulevalidation -Xcc -I/Users/runner/Library/Developer/Xcode/DerivedData/Familienplaner-dmcrrzfthkjbwogvslwbznxtcpok/Build/Intermediates.noindex/ArchiveIntermediates/Familienplaner/IntermediateBuildFilesPath/Familienplaner.build/Release-iphoneos/Familienplaner.build/swift-overrides.hmap -emit-const-values -Xfrontend -const-gather-protocols-file -Xfrontend /Users/runner/Library/Developer/Xcode/DerivedData/Familienplaner-dmcrrzfthkjbwogvslwbznxtcpok/Build/Intermediates.noindex/ArchiveIntermediates/Familienplaner/IntermediateBuildFilesPath/Familienplaner.build/Release-iphoneos/Familienplaner.build/Objects-normal/arm64/Familienplaner_const_extract_protocols.json -Xcc -iquote -Xcc /Users/runner/Library/Developer/Xcode/DerivedData/Familienplaner-dmcrrzfthkjbwogvslwbznxtcpok/Build/Intermediates.noindex/ArchiveIntermediates/Familienplaner/IntermediateBuildFilesPath/Familienplaner.build/Release-iphoneos/Familienplaner.build/Familienplaner-generated-files.hmap -Xcc -I/Users/runner/Library/Developer/Xcode/DerivedData/Familienplaner-dmcrrzfthkjbwogvslwbznxtcpok/Build/Intermediates.noindex/ArchiveIntermediates/Familienplaner/IntermediateBuildFilesPath/Familienplaner.build/Release-iphoneos/Familienplaner.build/Familienplaner-own-target-headers.hmap -Xcc -I/Users/runner/Library/Developer/Xcode/DerivedData/Familienplaner-dmcrrzfthkjbwogvslwbznxtcpok/Build/Intermediates.noindex/ArchiveIntermediates/Familienplaner/IntermediateBuildFilesPath/Familienplaner.build/Release-iphoneos/Familienplaner.build/Familienplaner-all-target-headers.hmap -Xcc -iquote -Xcc /Users/runner/Library/Developer/Xcode/DerivedData/Familienplaner-dmcrrzfthkjbwogvslwbznxtcpok/Build/Intermediates.noindex/ArchiveIntermediates/Familienplaner/IntermediateBuildFilesPath/Familienplaner.build/Release-iphoneos/Familienplaner.build/Familienplaner-project-headers.hmap -Xcc -I/Users/runner/Library/Developer/Xcode/DerivedData/Familienplaner-dmcrrzfthkjbwogvslwbznxtcpok/Build/Intermediates.noindex/ArchiveIntermediates/Familienplaner/BuildProductsPath/Release-iphoneos/include -Xcc -I/Users/runner/Library/Developer/Xcode/DerivedData/Familienplaner-dmcrrzfthkjbwogvslwbznxtcpok/Build/Intermediates.noindex/ArchiveIntermediates/Familienplaner/IntermediateBuildFilesPath/Familienplaner.build/Release-iphoneos/Familienplaner.build/DerivedSources-normal/arm64 -Xcc -I/Users/runner/Library/Developer/Xcode/DerivedData/Familienplaner-dmcrrzfthkjbwogvslwbznxtcpok/Build/Intermediates.noindex/ArchiveIntermediates/Familienplaner/IntermediateBuildFilesPath/Familienplaner.build/Release-iphoneos/Familienplaner.build/DerivedSources/arm64 -Xcc -I/Users/runner/Library/Developer/Xcode/DerivedData/Familienplaner-dmcrrzfthkjbwogvslwbznxtcpok/Build/Intermediates.noindex/ArchiveIntermediates/Familienplaner/IntermediateBuildFilesPath/Familienplaner.build/Release-iphoneos/Familienplaner.build/DerivedSources -emit-objc-header -emit-objc-header-path /Users/runner/Library/Developer/Xcode/DerivedData/Familienplaner-dmcrrzfthkjbwogvslwbznxtcpok/Build/Intermediates.noindex/ArchiveIntermediates/Familienplaner/IntermediateBuildFilesPath/Familienplaner.build/Release-iphoneos/Familienplaner.build/Objects-normal/arm64/Familienplaner-Swift.h -working-directory /Users/runner/work/familienplaner/familienplaner -no-emit-module-separately-wmo

SwiftExplicitDependencyGeneratePcm arm64 /Users/runner/Library/Developer/Xcode/DerivedData/ModuleCache.noindex/_Builtin_stddef-DM9FIK1TI14UIQLTPTSDRJRH8.pcm

SwiftExplicitDependencyGeneratePcm arm64 /Users/runner/Library/Developer/Xcode/DerivedData/ModuleCache.noindex/SwiftShims-72SLMYIIT0DF0R4G8CULVMIGB.pcm

SwiftExplicitDependencyGeneratePcm arm64 /Users/runner/Library/Developer/Xcode/DerivedData/ModuleCache.noindex/DeveloperToolsSupport-EMHRDK0O1ZXXZII2U7HYGBAAB.pcm

SwiftExplicitDependencyGeneratePcm arm64 /Users/runner/Library/Developer/Xcode/DerivedData/ModuleCache.noindex/ptrcheck-F4E3AJ5OSHOZ9IBB2GP04PWWI.pcm

SwiftExplicitDependencyGeneratePcm arm64 /Users/runner/Library/Developer/Xcode/DerivedData/ModuleCache.noindex/_Builtin_stdarg-AWNHK52NN9LOBSP9B3ES6N4JP.pcm

SwiftExplicitDependencyGeneratePcm arm64 /Users/runner/Library/Developer/Xcode/DerivedData/ModuleCache.noindex/_SwiftConcurrencyShims-11WQO0U6NUPEG5KX0XIBPK7HV.pcm

SwiftExplicitDependencyGeneratePcm arm64 /Users/runner/Library/Developer/Xcode/DerivedData/ModuleCache.noindex/_AvailabilityInternal-D134KYCM5B7H7LEX0UZ8E87OC.pcm

SwiftExplicitDependencyGeneratePcm arm64 /Users/runner/Library/Developer/Xcode/DerivedData/ModuleCache.noindex/_Builtin_stdbool-F2JDNPQEX6SQ9OSYLY30YZQUK.pcm

SwiftExplicitDependencyGeneratePcm arm64 /Users/runner/Library/Developer/Xcode/DerivedData/ModuleCache.noindex/ActivityKit-17X415H0PR1W0WJFXWD9RPWDG.pcm

SwiftExplicitDependencyGeneratePcm arm64 /Users/runner/Library/Developer/Xcode/DerivedData/ModuleCache.noindex/ptrauth-DABL4NITE6FI9XGP0U5ICP5U7.pcm

SwiftExplicitDependencyGeneratePcm arm64 /Users/runner/Library/Developer/Xcode/DerivedData/ModuleCache.noindex/_DarwinFoundation1-AVQP07R3FLQDOZLLLTSBQE6KZ.pcm

SwiftExplicitDependencyGeneratePcm arm64 /Users/runner/Library/Developer/Xcode/DerivedData/ModuleCache.noindex/_Builtin_float-2YO6PSBAHJ04WO49MXMPSPE2E.pcm

SwiftExplicitDependencyGeneratePcm arm64 /Users/runner/Library/Developer/Xcode/DerivedData/ModuleCache.noindex/ExtensionFoundation-1KMDNDD0YNMPZE4A6P2BXA1R0.pcm

SwiftExplicitDependencyGeneratePcm arm64 /Users/runner/Library/Developer/Xcode/DerivedData/ModuleCache.noindex/_Builtin_limits-5XLAGNJNMUIA35MLR9224J96G.pcm

SwiftExplicitDependencyGeneratePcm arm64 /Users/runner/Library/Developer/Xcode/DerivedData/ModuleCache.noindex/_DarwinFoundation2-CHABC5SS8N2OTC0RLF1PF00IL.pcm

SwiftExplicitDependencyGeneratePcm arm64 /Users/runner/Library/Developer/Xcode/DerivedData/ModuleCache.noindex/_Builtin_stdint-1IVO0O4NH45TV1AYF52FCLU39.pcm

SwiftExplicitDependencyGeneratePcm arm64 /Users/runner/Library/Developer/Xcode/DerivedData/ModuleCache.noindex/_Builtin_tgmath-54R3DMFU6DS0GI3Z1X2FGPB20.pcm

SwiftExplicitDependencyGeneratePcm arm64 /Users/runner/Library/Developer/Xcode/DerivedData/ModuleCache.noindex/sys_types-6VUOHF7N0NSAAA8P9FPHKE8W6.pcm

SwiftExplicitDependencyGeneratePcm arm64 /Users/runner/Library/Developer/Xcode/DerivedData/ModuleCache.noindex/_Builtin_stdatomic-9060L4NKPD5ER5I6FJ57E8WVA.pcm

SwiftExplicitDependencyGeneratePcm arm64 /Users/runner/Library/Developer/Xcode/DerivedData/ModuleCache.noindex/_Builtin_intrinsics-99O65VBQ24FR6L5LL9JW9AR1W.pcm

SwiftExplicitDependencyGeneratePcm arm64 /Users/runner/Library/Developer/Xcode/DerivedData/ModuleCache.noindex/_DarwinFoundation3-DT13DYQO20ZPMHDX5CDK95E4D.pcm

SwiftExplicitDependencyGeneratePcm arm64 /Users/runner/Library/Developer/Xcode/DerivedData/ModuleCache.noindex/_Builtin_inttypes-AMA2B4Y7QBKPABLXFSRFWCL9N.pcm

SwiftExplicitDependencyGeneratePcm arm64 /Users/runner/Library/Developer/Xcode/DerivedData/ModuleCache.noindex/Darwin-D9UWKS8G5A983R1DJ4W24YSKP.pcm

SwiftExplicitDependencyGeneratePcm arm64 /Users/runner/Library/Developer/Xcode/DerivedData/ModuleCache.noindex/simd-CLUOIJ1OU38JUV8Q94GRO1JFW.pcm

SwiftExplicitDependencyGeneratePcm arm64 /Users/runner/Library/Developer/Xcode/DerivedData/ModuleCache.noindex/MachO-B6RJ1U22Q2HMP7YR9Z0P7VQ0Z.pcm

SwiftExplicitDependencyGeneratePcm arm64 /Users/runner/Library/Developer/Xcode/DerivedData/ModuleCache.noindex/ObjectiveC-UL57PEN9KLSC4RHLEIGY3HA.pcm

SwiftExplicitDependencyGeneratePcm arm64 /Users/runner/Library/Developer/Xcode/DerivedData/ModuleCache.noindex/os_object-E4IBKKHD0T0YBYBJLG4YXIM1L.pcm

SwiftExplicitDependencyGeneratePcm arm64 /Users/runner/Library/Developer/Xcode/DerivedData/ModuleCache.noindex/Spatial-66ZFZVSPF6NR4DI3VRZP5OD1H.pcm

SwiftExplicitDependencyGeneratePcm arm64 /Users/runner/Library/Developer/Xcode/DerivedData/ModuleCache.noindex/os_workgroup-32Z9ZWHZO4UN3G5VTRHGO9J2G.pcm

SwiftExplicitDependencyGeneratePcm arm64 /Users/runner/Library/Developer/Xcode/DerivedData/ModuleCache.noindex/Dispatch-9CU9L6AJGABEPEK1MML5WOJEH.pcm

SwiftExplicitDependencyGeneratePcm arm64 /Users/runner/Library/Developer/Xcode/DerivedData/ModuleCache.noindex/dnssd-AB1MJ0IHS4AY4FMB9VINDZFNL.pcm

SwiftExplicitDependencyGeneratePcm arm64 /Users/runner/Library/Developer/Xcode/DerivedData/ModuleCache.noindex/XPC-4PB7SR0PM1G3Z1V4ERK8LTRR6.pcm

SwiftExplicitDependencyGeneratePcm arm64 /Users/runner/Library/Developer/Xcode/DerivedData/ModuleCache.noindex/CoreFoundation-AJVBJNWJLXSNXAG6CFR83HFOF.pcm

SwiftExplicitDependencyGeneratePcm arm64 /Users/runner/Library/Developer/Xcode/DerivedData/ModuleCache.noindex/os-1REBWOFRQ4PBO7QOUF0V31OPU.pcm

SwiftExplicitDependencyGeneratePcm arm64 /Users/runner/Library/Developer/Xcode/DerivedData/ModuleCache.noindex/CFNetwork-4AKTMCE1W2AF00ZV9XZ8XN8BU.pcm

SwiftExplicitDependencyGeneratePcm arm64 /Users/runner/Library/Developer/Xcode/DerivedData/ModuleCache.noindex/CoreGraphics-1G5052L8UUCYJ9W6QLENAXY9U.pcm

SwiftExplicitDependencyGeneratePcm arm64 /Users/runner/Library/Developer/Xcode/DerivedData/ModuleCache.noindex/AddressBook-3VBJ87HHF47VTC4YLH4WJG23U.pcm

SwiftExplicitDependencyGeneratePcm arm64 /Users/runner/Library/Developer/Xcode/DerivedData/ModuleCache.noindex/Security-CIWSTZAS0BOTYSHUXXOWYSEX5.pcm

SwiftExplicitDependencyGeneratePcm arm64 /Users/runner/Library/Developer/Xcode/DerivedData/ModuleCache.noindex/ImageIO-DO2T5X90PE8HDHJGTWQBWNA65.pcm

SwiftExplicitDependencyGeneratePcm arm64 /Users/runner/Library/Developer/Xcode/DerivedData/ModuleCache.noindex/CoreText-7G27BMK29AJO8FLDTQX72AKIO.pcm

SwiftExplicitDependencyGeneratePcm arm64 /Users/runner/Library/Developer/Xcode/DerivedData/ModuleCache.noindex/Foundation-1X62Q4Y5CFD79X7DK8WGN1XR7.pcm

SwiftExplicitDependencyGeneratePcm arm64 /Users/runner/Library/Developer/Xcode/DerivedData/ModuleCache.noindex/CoreAudioTypes-5091PY7IMGYC8NT1C1RFMX3LB.pcm

SwiftExplicitDependencyGeneratePcm arm64 /Users/runner/Library/Developer/Xcode/DerivedData/ModuleCache.noindex/CoreAudio-9F3BZEY70EDS7DFFGE41U1W6R.pcm

SwiftExplicitDependencyGeneratePcm arm64 /Users/runner/Library/Developer/Xcode/DerivedData/ModuleCache.noindex/IOSurface-5JX3VCZ80M38F2Z6PCGNGZCAT.pcm

SwiftExplicitDependencyGeneratePcm arm64 /Users/runner/Library/Developer/Xcode/DerivedData/ModuleCache.noindex/WatchConnectivity-265XJQPDOHVVNHXWT7YHRILAQ.pcm

SwiftExplicitDependencyGeneratePcm arm64 /Users/runner/Library/Developer/Xcode/DerivedData/ModuleCache.noindex/CoreMIDI-AFW9RQCL2DDOC9NBGR4X2CM3L.pcm

SwiftExplicitDependencyGeneratePcm arm64 /Users/runner/Library/Developer/Xcode/DerivedData/ModuleCache.noindex/RelevanceKit-A9UYSR65SXY79JR71WEK2PPS1.pcm

SwiftExplicitDependencyGeneratePcm arm64 /Users/runner/Library/Developer/Xcode/DerivedData/ModuleCache.noindex/CoreTransferable-AAQIWS8UG8MGA4ZNEWBZ2W2IY.pcm

SwiftExplicitDependencyGeneratePcm arm64 /Users/runner/Library/Developer/Xcode/DerivedData/ModuleCache.noindex/Network-CV64AECI38K2LZC189XU1XATE.pcm

SwiftExplicitDependencyGeneratePcm arm64 /Users/runner/Library/Developer/Xcode/DerivedData/ModuleCache.noindex/Symbols-3Z96XHQKJOEPY4CGQ63YIUGXQ.pcm

SwiftExplicitDependencyGeneratePcm arm64 /Users/runner/Library/Developer/Xcode/DerivedData/ModuleCache.noindex/OSLog-DKEX056QW3YCNCO6DBH0EAM0E.pcm

SwiftExplicitDependencyGeneratePcm arm64 /Users/runner/Library/Developer/Xcode/DerivedData/ModuleCache.noindex/_LocationEssentials-4RV1VJZLSCT2RO6Q45E9WTAA8.pcm

SwiftExplicitDependencyGeneratePcm arm64 /Users/runner/Library/Developer/Xcode/DerivedData/ModuleCache.noindex/WidgetKit-3PNX395VZ1Q3WY59FHBDZC6OT.pcm

SwiftExplicitDependencyGeneratePcm arm64 /Users/runner/Library/Developer/Xcode/DerivedData/ModuleCache.noindex/OpenGLES-457SP2TZA6UHDMTKTCX1NW350.pcm

SwiftExplicitDependencyGeneratePcm arm64 /Users/runner/Library/Developer/Xcode/DerivedData/ModuleCache.noindex/CoreLocation-1U52FIMZVPGQCI81SNWX8D199.pcm

SwiftExplicitDependencyGeneratePcm arm64 /Users/runner/Library/Developer/Xcode/DerivedData/ModuleCache.noindex/UserNotifications-9XZE59KS9YG29GOP295XNSED9.pcm

SwiftExplicitDependencyGeneratePcm arm64 /Users/runner/Library/Developer/Xcode/DerivedData/ModuleCache.noindex/AppIntents-BYA3XKAIQ0EW6N9FPWTUIZA1N.pcm

SwiftExplicitDependencyGeneratePcm arm64 /Users/runner/Library/Developer/Xcode/DerivedData/ModuleCache.noindex/EventKit-E75FUC5GDWTGJMUBLF76IM1IZ.pcm

SwiftExplicitDependencyGeneratePcm arm64 /Users/runner/Library/Developer/Xcode/DerivedData/ModuleCache.noindex/Intents-EUWYFZWUGCD2Y4MBTFV5MDXQ6.pcm

SwiftExplicitDependencyGeneratePcm arm64 /Users/runner/Library/Developer/Xcode/DerivedData/ModuleCache.noindex/Metal-DNRDTVJ2K7CPTS3LY6NISTWHE.pcm

SwiftExplicitDependencyGeneratePcm arm64 /Users/runner/Library/Developer/Xcode/DerivedData/ModuleCache.noindex/FileProvider-2IGH0JAASCWFWTHH3HQB16NAT.pcm

SwiftExplicitDependencyGeneratePcm arm64 /Users/runner/Library/Developer/Xcode/DerivedData/ModuleCache.noindex/CoreVideo-BZMXU0P2Z8IQSJANCXSICOTKV.pcm

SwiftExplicitDependencyGeneratePcm arm64 /Users/runner/Library/Developer/Xcode/DerivedData/ModuleCache.noindex/DataDetection-D4KJ1S9E4WLZ9667PTN5AXI9K.pcm

SwiftExplicitDependencyGeneratePcm arm64 /Users/runner/Library/Developer/Xcode/DerivedData/ModuleCache.noindex/UniformTypeIdentifiers-5SQL832U5YS5P4OFS71ZU71ZH.pcm

SwiftExplicitDependencyGeneratePcm arm64 /Users/runner/Library/Developer/Xcode/DerivedData/ModuleCache.noindex/Accelerate-53GJIFO1XW9TZVGDALCVR12QG.pcm

SwiftExplicitDependencyGeneratePcm arm64 /Users/runner/Library/Developer/Xcode/DerivedData/ModuleCache.noindex/CoreML-1BV3PAPP2C4TUQZ9LVAZ15V5Z.pcm

SwiftExplicitDependencyGeneratePcm arm64 /Users/runner/Library/Developer/Xcode/DerivedData/ModuleCache.noindex/CoreSpotlight-AQ8FI7YGFXR0FA9Z0RQJ1VEB9.pcm

SwiftExplicitDependencyGeneratePcm arm64 /Users/runner/Library/Developer/Xcode/DerivedData/ModuleCache.noindex/CoreMedia-2OM5WMGJE0UL49LUGXPRUYR0Y.pcm

SwiftExplicitDependencyGeneratePcm arm64 /Users/runner/Library/Developer/Xcode/DerivedData/ModuleCache.noindex/CoreImage-27LC9VRXJDFZFMFSKO9E5CY0O.pcm

SwiftExplicitDependencyGeneratePcm arm64 /Users/runner/Library/Developer/Xcode/DerivedData/ModuleCache.noindex/AudioToolbox-9BX5ETP5XHFHO8GQSFBY0YW8F.pcm

SwiftExplicitDependencyGeneratePcm arm64 /Users/runner/Library/Developer/Xcode/DerivedData/ModuleCache.noindex/UIUtilities-68BP72D2ARRWVKR5ND13PTZHD.pcm

SwiftExplicitDependencyGeneratePcm arm64 /Users/runner/Library/Developer/Xcode/DerivedData/ModuleCache.noindex/AVRouting-8A7VPDRVCYEKXELY0B5Z02OB1.pcm

SwiftExplicitDependencyGeneratePcm arm64 /Users/runner/Library/Developer/Xcode/DerivedData/ModuleCache.noindex/QuartzCore-566Q57FTIWBTHFMCCY09MABDC.pcm

SwiftExplicitDependencyGeneratePcm arm64 /Users/runner/Library/Developer/Xcode/DerivedData/ModuleCache.noindex/AVFAudio-CSYOL09ZBXMJ2ZW59SFCL27VU.pcm

SwiftExplicitDependencyGeneratePcm arm64 /Users/runner/Library/Developer/Xcode/DerivedData/ModuleCache.noindex/MediaToolbox-CWVXBCEYDTK4E9ZA9BRY2217Z.pcm

SwiftExplicitDependencyGeneratePcm arm64 /Users/runner/Library/Developer/Xcode/DerivedData/ModuleCache.noindex/SwiftUICore-9DIEMH4Z9T64AGJB2R6KD3EOR.pcm

SwiftExplicitDependencyGeneratePcm arm64 /Users/runner/Library/Developer/Xcode/DerivedData/ModuleCache.noindex/UIKit-EXU98BO9TKBKUJMALVDROIG6.pcm

SwiftExplicitDependencyGeneratePcm arm64 /Users/runner/Library/Developer/Xcode/DerivedData/ModuleCache.noindex/CoreData-3FH3JHVLSCG105NRLU6T3RF4G.pcm

SwiftExplicitDependencyGeneratePcm arm64 /Users/runner/Library/Developer/Xcode/DerivedData/ModuleCache.noindex/AVFoundation-5RU42VNQQ16GF3204OWCSH0KV.pcm

SwiftExplicitDependencyGeneratePcm arm64 /Users/runner/Library/Developer/Xcode/DerivedData/ModuleCache.noindex/BackgroundTasks-BCR8QL3DTEVVLWSSTTZHFRLT0.pcm

SwiftExplicitDependencyGeneratePcm arm64 /Users/runner/Library/Developer/Xcode/DerivedData/ModuleCache.noindex/_CoreData_CloudKit-B3BSHAH89QT8U9W53VJ06SEKA.pcm

SwiftExplicitDependencyGeneratePcm arm64 /Users/runner/Library/Developer/Xcode/DerivedData/ModuleCache.noindex/Vision-I52KXI28XFRQ3VAZ88SF2P9U.pcm

SwiftExplicitDependencyGeneratePcm arm64 /Users/runner/Library/Developer/Xcode/DerivedData/ModuleCache.noindex/NaturalLanguage-BHYH18KR826VFBYJV8DSML0TC.pcm

SwiftExplicitDependencyGeneratePcm arm64 /Users/runner/Library/Developer/Xcode/DerivedData/ModuleCache.noindex/CloudKit-6YUZGAZVK1N2NTTX3IFGP01GK.pcm

SwiftExplicitDependencyGeneratePcm arm64 /Users/runner/Library/Developer/Xcode/DerivedData/ModuleCache.noindex/Photos-AV6I4B22G4NCSCVJDKRRKRYBL.pcm

SwiftExplicitDependencyGeneratePcm arm64 /Users/runner/Library/Developer/Xcode/DerivedData/ModuleCache.noindex/Accessibility-ZCOQIL8YWBFQ0TLBXFB2N57I.pcm

LinkAssetCatalog /Users/runner/work/familienplaner/familienplaner/Assets/Assets.xcassets (in target 'Familienplaner' from project 'Familienplaner')
    cd /Users/runner/work/familienplaner/familienplaner
    builtin-linkAssetCatalog --thinned /Users/runner/Library/Developer/Xcode/DerivedData/Familienplaner-dmcrrzfthkjbwogvslwbznxtcpok/Build/Intermediates.noindex/ArchiveIntermediates/Familienplaner/IntermediateBuildFilesPath/Familienplaner.build/Release-iphoneos/Familienplaner.build/assetcatalog_output/thinned --thinned-dependencies /Users/runner/Library/Developer/Xcode/DerivedData/Familienplaner-dmcrrzfthkjbwogvslwbznxtcpok/Build/Intermediates.noindex/ArchiveIntermediates/Familienplaner/IntermediateBuildFilesPath/Familienplaner.build/Release-iphoneos/Familienplaner.build/assetcatalog_dependencies_thinned --thinned-info-plist-content /Users/runner/Library/Developer/Xcode/DerivedData/Familienplaner-dmcrrzfthkjbwogvslwbznxtcpok/Build/Intermediates.noindex/ArchiveIntermediates/Familienplaner/IntermediateBuildFilesPath/Familienplaner.build/Release-iphoneos/Familienplaner.build/assetcatalog_generated_info.plist_thinned --unthinned /Users/runner/Library/Developer/Xcode/DerivedData/Familienplaner-dmcrrzfthkjbwogvslwbznxtcpok/Build/Intermediates.noindex/ArchiveIntermediates/Familienplaner/IntermediateBuildFilesPath/Familienplaner.build/Release-iphoneos/Familienplaner.build/assetcatalog_output/unthinned --unthinned-dependencies /Users/runner/Library/Developer/Xcode/DerivedData/Familienplaner-dmcrrzfthkjbwogvslwbznxtcpok/Build/Intermediates.noindex/ArchiveIntermediates/Familienplaner/IntermediateBuildFilesPath/Familienplaner.build/Release-iphoneos/Familienplaner.build/assetcatalog_dependencies_unthinned --unthinned-info-plist-content /Users/runner/Library/Developer/Xcode/DerivedData/Familienplaner-dmcrrzfthkjbwogvslwbznxtcpok/Build/Intermediates.noindex/ArchiveIntermediates/Familienplaner/IntermediateBuildFilesPath/Familienplaner.build/Release-iphoneos/Familienplaner.build/assetcatalog_generated_info.plist_unthinned --output /Users/runner/Library/Developer/Xcode/DerivedData/Familienplaner-dmcrrzfthkjbwogvslwbznxtcpok/Build/Intermediates.noindex/ArchiveIntermediates/Familienplaner/InstallationBuildProductsLocation/Applications/Familienplaner.app --plist-output /Users/runner/Library/Developer/Xcode/DerivedData/Familienplaner-dmcrrzfthkjbwogvslwbznxtcpok/Build/Intermediates.noindex/ArchiveIntermediates/Familienplaner/IntermediateBuildFilesPath/Familienplaner.build/Release-iphoneos/Familienplaner.build/assetcatalog_generated_info.plist
note: Emplaced /Users/runner/Library/Developer/Xcode/DerivedData/Familienplaner-dmcrrzfthkjbwogvslwbznxtcpok/Build/Intermediates.noindex/ArchiveIntermediates/Familienplaner/InstallationBuildProductsLocation/Applications/Familienplaner.app/AppIcon76x76@2x~ipad.png (in target 'Familienplaner' from project 'Familienplaner')
note: Emplaced /Users/runner/Library/Developer/Xcode/DerivedData/Familienplaner-dmcrrzfthkjbwogvslwbznxtcpok/Build/Intermediates.noindex/ArchiveIntermediates/Familienplaner/InstallationBuildProductsLocation/Applications/Familienplaner.app/AppIcon60x60@2x.png (in target 'Familienplaner' from project 'Familienplaner')
note: Emplaced /Users/runner/Library/Developer/Xcode/DerivedData/Familienplaner-dmcrrzfthkjbwogvslwbznxtcpok/Build/Intermediates.noindex/ArchiveIntermediates/Familienplaner/InstallationBuildProductsLocation/Applications/Familienplaner.app/Assets.car (in target 'Familienplaner' from project 'Familienplaner')

SwiftExplicitDependencyGeneratePcm arm64 /Users/runner/Library/Developer/Xcode/DerivedData/ModuleCache.noindex/SwiftUI-6B305YEGM6ZJ1GCRJMNGN14J6.pcm

SwiftExplicitDependencyGeneratePcm arm64 /Users/runner/Library/Developer/Xcode/DerivedData/ModuleCache.noindex/PhotosUI-4V828NPONWSDNB1UYVWL21ZH1.pcm

SwiftCompile normal arm64 Compiling\ AllDayStrip.swift,\ BackgroundSync.swift,\ CalendarExportService.swift,\ CalendarImportService.swift,\ CalendarSourcesScreen.swift,\ CameraPicker.swift,\ ClaimActions.swift,\ CurrentMember.swift,\ DayTimelineView.swift,\ DeviceRegistrationService.swift,\ Domain.swift,\ EventDetailSheet.swift,\ EventEditorSheet.swift,\ EventPresentation.swift,\ EventService.swift,\ FamilienplanerApp.swift,\ FreeTimeFinder.swift,\ FreeTimeScreen.swift,\ GermanDateParser.swift,\ HouseholdRemoval.swift,\ HouseholdService.swift,\ ICSExporter.swift,\ MemberFilterBar.swift,\ MembersScreen.swift,\ MonthGridView.swift,\ OnboardingScreen.swift,\ PersistenceController.swift,\ ReminderService.swift,\ ReminderSettingsScreen.swift,\ ResponsibilitiesSheet.swift,\ SampleData.swift,\ SearchScreen.swift,\ SeriesService.swift,\ SetupScreen.swift,\ ShareAcceptance.swift,\ SharedInbox.swift,\ SharingService.swift,\ SuggestionExtractor.swift,\ SuggestionReviewScreen.swift,\ SuggestionService.swift,\ SyncStatus.swift,\ TestMode.swift,\ Theme.swift,\ TodayScreen.swift,\ WatchSnapshot.swift,\ WatchSyncService.swift,\ WeekTimelineView.swift,\ WidgetBridge.swift,\ CDHousehold+CoreDataClass.swift,\ CDHousehold+CoreDataProperties.swift,\ CDMember+CoreDataClass.swift,\ CDMember+CoreDataProperties.swift,\ CDEvent+CoreDataClass.swift,\ CDEvent+CoreDataProperties.swift,\ CDEventParticipation+CoreDataClass.swift,\ CDEventParticipation+CoreDataProperties.swift,\ CDTag+CoreDataClass.swift,\ CDTag+CoreDataProperties.swift,\ CDSuggestionDraft+CoreDataClass.swift,\ CDSuggestionDraft+CoreDataProperties.swift,\ CDCalendarSource+CoreDataClass.swift,\ CDCalendarSource+CoreDataProperties.swift,\ CDLocalEventMirror+CoreDataClass.swift,\ CDLocalEventMirror+CoreDataProperties.swift,\ CDDeviceRegistration+CoreDataClass.swift,\ CDDeviceRegistration+CoreDataProperties.swift,\ Familienplaner+CoreDataModel.swift,\ GeneratedAssetSymbols.swift /Users/runner/work/familienplaner/familienplaner/Sources/Features/Today/AllDayStrip.swift /Users/runner/work/familienplaner/familienplaner/Sources/App/BackgroundSync.swift /Users/runner/work/familienplaner/familienplaner/Sources/Calendar/CalendarExportService.swift /Users/runner/work/familienplaner/familienplaner/Sources/Calendar/CalendarImportService.swift /Users/runner/work/familienplaner/familienplaner/Sources/Calendar/CalendarSourcesScreen.swift /Users/runner/work/familienplaner/familienplaner/Sources/Suggestions/CameraPicker.swift /Users/runner/work/familienplaner/familienplaner/Sources/Features/Today/ClaimActions.swift /Users/runner/work/familienplaner/familienplaner/Sources/Features/Members/CurrentMember.swift /Users/runner/work/familienplaner/familienplaner/Sources/Features/Today/DayTimelineView.swift /Users/runner/work/familienplaner/familienplaner/Sources/Persistence/DeviceRegistrationService.swift /Users/runner/work/familienplaner/familienplaner/Sources/Persistence/Domain.swift /Users/runner/work/familienplaner/familienplaner/Sources/Features/Events/EventDetailSheet.swift /Users/runner/work/familienplaner/familienplaner/Sources/Features/Events/EventEditorSheet.swift /Users/runner/work/familienplaner/familienplaner/Sources/Features/Events/EventPresentation.swift /Users/runner/work/familienplaner/familienplaner/Sources/Persistence/EventService.swift /Users/runner/work/familienplaner/familienplaner/Sources/App/FamilienplanerApp.swift /Users/runner/work/familienplaner/familienplaner/Sources/Features/FreeTime/FreeTimeFinder.swift /Users/runner/work/familienplaner/familienplaner/Sources/Features/FreeTime/FreeTimeScreen.swift /Users/runner/work/familienplaner/familienplaner/Sources/Suggestions/GermanDateParser.swift /Users/runner/work/familienplaner/familienplaner/Sources/Persistence/HouseholdRemoval.swift /Users/runner/work/familienplaner/familienplaner/Sources/Persistence/HouseholdService.swift /Users/runner/work/familienplaner/familienplaner/Sources/Calendar/ICSExporter.swift /Users/runner/work/familienplaner/familienplaner/Sources/Features/Members/MemberFilterBar.swift /Users/runner/work/familienplaner/familienplaner/Sources/Features/Members/MembersScreen.swift /Users/runner/work/familienplaner/familienplaner/Sources/Features/Month/MonthGridView.swift /Users/runner/work/familienplaner/familienplaner/Sources/Features/Onboarding/OnboardingScreen.swift /Users/runner/work/familienplaner/familienplaner/Sources/Persistence/PersistenceController.swift /Users/runner/work/familienplaner/familienplaner/Sources/Reminders/ReminderService.swift /Users/runner/work/familienplaner/familienplaner/Sources/Reminders/ReminderSettingsScreen.swift /Users/runner/work/familienplaner/familienplaner/Sources/Features/Today/ResponsibilitiesSheet.swift /Users/runner/work/familienplaner/familienplaner/Sources/Features/Debug/SampleData.swift /Users/runner/work/familienplaner/familienplaner/Sources/Features/Search/SearchScreen.swift /Users/runner/work/familienplaner/familienplaner/Sources/Persistence/SeriesService.swift /Users/runner/work/familienplaner/familienplaner/Sources/Features/Setup/SetupScreen.swift /Users/runner/work/familienplaner/familienplaner/Sources/Sharing/ShareAcceptance.swift /Users/runner/work/familienplaner/familienplaner/Shared/SharedInbox.swift /Users/runner/work/familienplaner/familienplaner/Sources/Sharing/SharingService.swift /Users/runner/work/familienplaner/familienplaner/Sources/Suggestions/SuggestionExtractor.swift /Users/runner/work/familienplaner/familienplaner/Sources/Suggestions/SuggestionReviewScreen.swift /Users/runner/work/familienplaner/familienplaner/Sources/Suggestions/SuggestionService.swift /Users/runner/work/familienplaner/familienplaner/Sources/App/SyncStatus.swift /Users/runner/work/familienplaner/familienplaner/Sources/App/TestMode.swift /Users/runner/work/familienplaner/familienplaner/Sources/DesignSystem/Theme.swift /Users/runner/work/familienplaner/familienplaner/Sources/Features/Today/TodayScreen.swift /Users/runner/work/familienplaner/familienplaner/Shared/WatchSnapshot.swift /Users/runner/work/familienplaner/familienplaner/Sources/Watch/WatchSyncService.swift /Users/runner/work/familienplaner/familienplaner/Sources/Features/Week/WeekTimelineView.swift /Users/runner/work/familienplaner/familienplaner/Shared/WidgetBridge.swift /Users/runner/Library/Developer/Xcode/DerivedData/Familienplaner-dmcrrzfthkjbwogvslwbznxtcpok/Build/Intermediates.noindex/ArchiveIntermediates/Familienplaner/IntermediateBuildFilesPath/Familienplaner.build/Release-iphoneos/Familienplaner.build/DerivedSources/CoreDataGenerated/Familienplaner/CDHousehold+CoreDataClass.swift /Users/runner/Library/Developer/Xcode/DerivedData/Familienplaner-dmcrrzfthkjbwogvslwbznxtcpok/Build/Intermediates.noindex/ArchiveIntermediates/Familienplaner/IntermediateBuildFilesPath/Familienplaner.build/Release-iphoneos/Familienplaner.build/DerivedSources/CoreDataGenerated/Familienplaner/CDHousehold+CoreDataProperties.swift /Users/runner/Library/Developer/Xcode/DerivedData/Familienplaner-dmcrrzfthkjbwogvslwbznxtcpok/Build/Intermediates.noindex/ArchiveIntermediates/Familienplaner/IntermediateBuildFilesPath/Familienplaner.build/Release-iphoneos/Familienplaner.build/DerivedSources/CoreDataGenerated/Familienplaner/CDMember+CoreDataClass.swift /Users/runner/Library/Developer/Xcode/DerivedData/Familienplaner-dmcrrzfthkjbwogvslwbznxtcpok/Build/Intermediates.noindex/ArchiveIntermediates/Familienplaner/IntermediateBuildFilesPath/Familienplaner.build/Release-iphoneos/Familienplaner.build/DerivedSources/CoreDataGenerated/Familienplaner/CDMember+CoreDataProperties.swift /Users/runner/Library/Developer/Xcode/DerivedData/Familienplaner-dmcrrzfthkjbwogvslwbznxtcpok/Build/Intermediates.noindex/ArchiveIntermediates/Familienplaner/IntermediateBuildFilesPath/Familienplaner.build/Release-iphoneos/Familienplaner.build/DerivedSources/CoreDataGenerated/Familienplaner/CDEvent+CoreDataClass.swift /Users/runner/Library/Developer/Xcode/DerivedData/Familienplaner-dmcrrzfthkjbwogvslwbznxtcpok/Build/Intermediates.noindex/ArchiveIntermediates/Familienplaner/IntermediateBuildFilesPath/Familienplaner.build/Release-iphoneos/Familienplaner.build/DerivedSources/CoreDataGenerated/Familienplaner/CDEvent+CoreDataProperties.swift /Users/runner/Library/Developer/Xcode/DerivedData/Familienplaner-dmcrrzfthkjbwogvslwbznxtcpok/Build/Intermediates.noindex/ArchiveIntermediates/Familienplaner/IntermediateBuildFilesPath/Familienplaner.build/Release-iphoneos/Familienplaner.build/DerivedSources/CoreDataGenerated/Familienplaner/CDEventParticipation+CoreDataClass.swift /Users/runner/Library/Developer/Xcode/DerivedData/Familienplaner-dmcrrzfthkjbwogvslwbznxtcpok/Build/Intermediates.noindex/ArchiveIntermediates/Familienplaner/IntermediateBuildFilesPath/Familienplaner.build/Release-iphoneos/Familienplaner.build/DerivedSources/CoreDataGenerated/Familienplaner/CDEventParticipation+CoreDataProperties.swift /Users/runner/Library/Developer/Xcode/DerivedData/Familienplaner-dmcrrzfthkjbwogvslwbznxtcpok/Build/Intermediates.noindex/ArchiveIntermediates/Familienplaner/IntermediateBuildFilesPath/Familienplaner.build/Release-iphoneos/Familienplaner.build/DerivedSources/CoreDataGenerated/Familienplaner/CDTag+CoreDataClass.swift /Users/runner/Library/Developer/Xcode/DerivedData/Familienplaner-dmcrrzfthkjbwogvslwbznxtcpok/Build/Intermediates.noindex/ArchiveIntermediates/Familienplaner/IntermediateBuildFilesPath/Familienplaner.build/Release-iphoneos/Familienplaner.build/DerivedSources/CoreDataGenerated/Familienplaner/CDTag+CoreDataProperties.swift /Users/runner/Library/Developer/Xcode/DerivedData/Familienplaner-dmcrrzfthkjbwogvslwbznxtcpok/Build/Intermediates.noindex/ArchiveIntermediates/Familienplaner/IntermediateBuildFilesPath/Familienplaner.build/Release-iphoneos/Familienplaner.build/DerivedSources/CoreDataGenerated/Familienplaner/CDSuggestionDraft+CoreDataClass.swift /Users/runner/Library/Developer/Xcode/DerivedData/Familienplaner-dmcrrzfthkjbwogvslwbznxtcpok/Build/Intermediates.noindex/ArchiveIntermediates/Familienplaner/IntermediateBuildFilesPath/Familienplaner.build/Release-iphoneos/Familienplaner.build/DerivedSources/CoreDataGenerated/Familienplaner/CDSuggestionDraft+CoreDataProperties.swift /Users/runner/Library/Developer/Xcode/DerivedData/Familienplaner-dmcrrzfthkjbwogvslwbznxtcpok/Build/Intermediates.noindex/ArchiveIntermediates/Familienplaner/IntermediateBuildFilesPath/Familienplaner.build/Release-iphoneos/Familienplaner.build/DerivedSources/CoreDataGenerated/Familienplaner/CDCalendarSource+CoreDataClass.swift /Users/runner/Library/Developer/Xcode/DerivedData/Familienplaner-dmcrrzfthkjbwogvslwbznxtcpok/Build/Intermediates.noindex/ArchiveIntermediates/Familienplaner/IntermediateBuildFilesPath/Familienplaner.build/Release-iphoneos/Familienplaner.build/DerivedSources/CoreDataGenerated/Familienplaner/CDCalendarSource+CoreDataProperties.swift /Users/runner/Library/Developer/Xcode/DerivedData/Familienplaner-dmcrrzfthkjbwogvslwbznxtcpok/Build/Intermediates.noindex/ArchiveIntermediates/Familienplaner/IntermediateBuildFilesPath/Familienplaner.build/Release-iphoneos/Familienplaner.build/DerivedSources/CoreDataGenerated/Familienplaner/CDLocalEventMirror+CoreDataClass.swift /Users/runner/Library/Developer/Xcode/DerivedData/Familienplaner-dmcrrzfthkjbwogvslwbznxtcpok/Build/Intermediates.noindex/ArchiveIntermediates/Familienplaner/IntermediateBuildFilesPath/Familienplaner.build/Release-iphoneos/Familienplaner.build/DerivedSources/CoreDataGenerated/Familienplaner/CDLocalEventMirror+CoreDataProperties.swift /Users/runner/Library/Developer/Xcode/DerivedData/Familienplaner-dmcrrzfthkjbwogvslwbznxtcpok/Build/Intermediates.noindex/ArchiveIntermediates/Familienplaner/IntermediateBuildFilesPath/Familienplaner.build/Release-iphoneos/Familienplaner.build/DerivedSources/CoreDataGenerated/Familienplaner/CDDeviceRegistration+CoreDataClass.swift /Users/runner/Library/Developer/Xcode/DerivedData/Familienplaner-dmcrrzfthkjbwogvslwbznxtcpok/Build/Intermediates.noindex/ArchiveIntermediates/Familienplaner/IntermediateBuildFilesPath/Familienplaner.build/Release-iphoneos/Familienplaner.build/DerivedSources/CoreDataGenerated/Familienplaner/CDDeviceRegistration+CoreDataProperties.swift /Users/runner/Library/Developer/Xcode/DerivedData/Familienplaner-dmcrrzfthkjbwogvslwbznxtcpok/Build/Intermediates.noindex/ArchiveIntermediates/Familienplaner/IntermediateBuildFilesPath/Familienplaner.build/Release-iphoneos/Familienplaner.build/DerivedSources/CoreDataGenerated/Familienplaner/Familienplaner+CoreDataModel.swift /Users/runner/Library/Developer/Xcode/DerivedData/Familienplaner-dmcrrzfthkjbwogvslwbznxtcpok/Build/Intermediates.noindex/ArchiveIntermediates/Familienplaner/IntermediateBuildFilesPath/Familienplaner.build/Release-iphoneos/Familienplaner.build/DerivedSources/GeneratedAssetSymbols.swift /Applications/Xcode_26.6.app/Contents/Developer/Toolchains/XcodeDefault.xctoolchain/usr/lib/swift/iphoneos/prebuilt-modules/26.5/CoreFoundation.swiftmodule/arm64e-apple-ios.swiftmodule /Applications/Xcode_26.6.app/Contents/Developer/Toolchains/XcodeDefault.xctoolchain/usr/lib/swift/iphoneos/prebuilt-modules/26.5/UniformTypeIdentifiers.swiftmodule/arm64e-apple-ios.swiftmodule /Applications/Xcode_26.6.app/Contents/Developer/Toolchains/XcodeDefault.xctoolchain/usr/lib/swift/iphoneos/prebuilt-modules/26.5/Network.swiftmodule/arm64e-apple-ios.swiftmodule /Applications/Xcode_26.6.app/Contents/Developer/Toolchains/XcodeDefault.xctoolchain/usr/lib/swift/iphoneos/prebuilt-modules/26.5/Synchronization.swiftmodule/arm64e-apple-ios.swiftmodule /Applications/Xcode_26.6.app/Contents/Developer/Toolchains/XcodeDefault.xctoolchain/usr/lib/swift/iphoneos/prebuilt-modules/26.5/ExtensionFoundation.swiftmodule/arm64e-apple-ios.swiftmodule /Applications/Xcode_26.6.app/Contents/Developer/Toolchains/XcodeDefault.xctoolchain/usr/lib/swift/iphoneos/prebuilt-modules/26.5/Swift.swiftmodule/arm64e-apple-ios.swiftmodule /Applications/Xcode_26.6.app/Contents/Developer/Toolchains/XcodeDefault.xctoolchain/usr/lib/swift/iphoneos/prebuilt-modules/26.5/CoreLocation.swiftmodule/arm64e-apple-ios.swiftmodule /Applications/Xcode_26.6.app/Contents/Developer/Toolchains/XcodeDefault.xctoolchain/usr/lib/swift/iphoneos/prebuilt-modules/26.5/Combine.swiftmodule/arm64e-apple-ios.swiftmodule /Applications/Xcode_26.6.app/Contents/Developer/Toolchains/XcodeDefault.xctoolchain/usr/lib/swift/iphoneos/prebuilt-modules/26.5/OSLog.swiftmodule/arm64e-apple-ios.swiftmodule /Applications/Xcode_26.6.app/Contents/Developer/Toolchains/XcodeDefault.xctoolchain/usr/lib/swift/iphoneos/prebuilt-modules/26.5/Photos.swiftmodule/arm64e-apple-ios.swiftmodule /Applications/Xcode_26.6.app/Contents/Developer/Toolchains/XcodeDefault.xctoolchain/usr/lib/swift/iphoneos/prebuilt-modules/26.5/DataDetection.swiftmodule/arm64e-apple-ios.swiftmodule /Applications/Xcode_26.6.app/Contents/Developer/Toolchains/XcodeDefault.xctoolchain/usr/lib/swift/iphoneos/prebuilt-modules/26.5/Spatial.swiftmodule/arm64e-apple-ios.swiftmodule /Applications/Xcode_26.6.app/Contents/Developer/Toolchains/XcodeDefault.xctoolchain/usr/lib/swift/iphoneos/prebuilt-modules/26.5/CoreTransferable.swiftmodule/arm64e-apple-ios.swiftmodule /Applications/Xcode_26.6.app/Contents/Developer/Toolchains/XcodeDefault.xctoolchain/usr/lib/swift/iphoneos/prebuilt-modules/26.5/Observation.swiftmodule/arm64e-apple-ios.swiftmodule /Applications/Xcode_26.6.app/Contents/Developer/Toolchains/XcodeDefault.xctoolchain/usr/lib/swift/iphoneos/prebuilt-modules/26.5/_DarwinFoundation2.swiftmodule/arm64e-apple-ios.swiftmodule /Applications/Xcode_26.6.app/Contents/Developer/Toolchains/XcodeDefault.xctoolchain/usr/lib/swift/iphoneos/prebuilt-modules/26.5/QuartzCore.swiftmodule/arm64e-apple-ios.swiftmodule /Applications/Xcode_26.6.app/Contents/Developer/Toolchains/XcodeDefault.xctoolchain/usr/lib/swift/iphoneos/prebuilt-modules/26.5/AVFoundation.swiftmodule/arm64e-apple-ios.swiftmodule /Applications/Xcode_26.6.app/Contents/Developer/Toolchains/XcodeDefault.xctoolchain/usr/lib/swift/iphoneos/prebuilt-modules/26.5/Dispatch.swiftmodule/arm64e-apple-ios.swiftmodule /Applications/Xcode_26.6.app/Contents/Developer/Toolchains/XcodeDefault.xctoolchain/usr/lib/swift/iphoneos/prebuilt-modules/26.5/CoreData.swiftmodule/arm64e-apple-ios.swiftmodule /Applications/Xcode_26.6.app/Contents/Developer/Toolchains/XcodeDefault.xctoolchain/usr/lib/swift/iphoneos/prebuilt-modules/26.5/DeveloperToolsSupport.swiftmodule/arm64e-apple-ios.swiftmodule /Applications/Xcode_26.6.app/Contents/Developer/Toolchains/XcodeDefault.xctoolchain/usr/lib/swift/iphoneos/prebuilt-modules/26.5/os.swiftmodule/arm64e-apple-ios.swiftmodule /Applications/Xcode_26.6.app/Contents/Developer/Toolchains/XcodeDefault.xctoolchain/usr/lib/swift/iphoneos/prebuilt-modules/26.5/CoreML.swiftmodule/arm64e-apple-ios.swiftmodule /Applications/Xcode_26.6.app/Contents/Developer/Toolchains/XcodeDefault.xctoolchain/usr/lib/swift/iphoneos/prebuilt-modules/26.5/AVFAudio.swiftmodule/arm64e-apple-ios.swiftmodule /Applications/Xcode_26.6.app/Contents/Developer/Toolchains/XcodeDefault.xctoolchain/usr/lib/swift/iphoneos/prebuilt-modules/26.5/SwiftUI.swiftmodule/arm64e-apple-ios.swiftmodule /Applications/Xcode_26.6.app/Contents/Developer/Toolchains/XcodeDefault.xctoolchain/usr/lib/swift/iphoneos/prebuilt-modules/26.5/_StringProcessing.swiftmodule/arm64e-apple-ios.swiftmodule /Applications/Xcode_26.6.app/Contents/Developer/Toolchains/XcodeDefault.xctoolchain/usr/lib/swift/iphoneos/prebuilt-modules/26.5/RelevanceKit.swiftmodule/arm64e-apple-ios.swiftmodule /Applications/Xcode_26.6.app/Contents/Developer/Toolchains/XcodeDefault.xctoolchain/usr/lib/swift/iphoneos/prebuilt-modules/26.5/PhotosUI.swiftmodule/arm64e-apple-ios.swiftmodule /Applications/Xcode_26.6.app/Contents/Developer/Toolchains/XcodeDefault.xctoolchain/usr/lib/swift/iphoneos/prebuilt-modules/26.5/CoreMIDI.swiftmodule/arm64e-apple-ios.swiftmodule /Applications/Xcode_26.6.app/Contents/Developer/Toolchains/XcodeDefault.xctoolchain/usr/lib/swift/iphoneos/prebuilt-modules/26.5/CoreImage.swiftmodule/arm64e-apple-ios.swiftmodule /Applications/Xcode_26.6.app/Contents/Developer/Toolchains/XcodeDefault.xctoolchain/usr/lib/swift/iphoneos/prebuilt-modules/26.5/EventKit.swiftmodule/arm64e-apple-ios.swiftmodule /Applications/Xcode_26.6.app/Contents/Developer/Toolchains/XcodeDefault.xctoolchain/usr/lib/swift/iphoneos/prebuilt-modules/26.5/Metal.swiftmodule/arm64e-apple-ios.swiftmodule /Applications/Xcode_26.6.app/Contents/Developer/Toolchains/XcodeDefault.xctoolchain/usr/lib/swift/iphoneos/prebuilt-modules/26.5/CoreSpotlight.swiftmodule/arm64e-apple-ios.swiftmodule /Applications/Xcode_26.6.app/Contents/Developer/Toolchains/XcodeDefault.xctoolchain/usr/lib/swift/iphoneos/prebuilt-modules/26.5/Darwin.swiftmodule/arm64e-apple-ios.swiftmodule /Applications/Xcode_26.6.app/Contents/Developer/Toolchains/XcodeDefault.xctoolchain/usr/lib/swift/iphoneos/prebuilt-modules/26.5/CoreText.swiftmodule/arm64e-apple-ios.swiftmodule /Applications/Xcode_26.6.app/Contents/Developer/Toolchains/XcodeDefault.xctoolchain/usr/lib/swift/iphoneos/prebuilt-modules/26.5/FileProvider.swiftmodule/arm64e-apple-ios.swiftmodule /Applications/Xcode_26.6.app/Contents/Developer/Toolchains/XcodeDefault.xctoolchain/usr/lib/swift/iphoneos/prebuilt-modules/26.5/CoreGraphics.swiftmodule/arm64e-apple-ios.swiftmodule /Applications/Xcode_26.6.app/Contents/Developer/Toolchains/XcodeDefault.xctoolchain/usr/lib/swift/iphoneos/prebuilt-modules/26.5/Vision.swiftmodule/arm64e-apple-ios.swiftmodule /Applications/Xcode_26.6.app/Contents/Developer/Toolchains/XcodeDefault.xctoolchain/usr/lib/swift/iphoneos/prebuilt-modules/26.5/_DarwinFoundation3.swiftmodule/arm64e-apple-ios.swiftmodule /Applications/Xcode_26.6.app/Contents/Developer/Toolchains/XcodeDefault.xctoolchain/usr/lib/swift/iphoneos/prebuilt-modules/26.5/ActivityKit.swiftmodule/arm64e-apple-ios.swiftmodule /Applications/Xcode_26.6.app/Contents/Developer/Toolchains/XcodeDefault.xctoolchain/usr/lib/swift/iphoneos/prebuilt-modules/26.5/UIKit.swiftmodule/arm64e-apple-ios.swiftmodule /Applications/Xcode_26.6.app/Contents/Developer/Toolchains/XcodeDefault.xctoolchain/usr/lib/swift/iphoneos/prebuilt-modules/26.5/CloudKit.swiftmodule/arm64e-apple-ios.swiftmodule /Applications/Xcode_26.6.app/Contents/Developer/Toolchains/XcodeDefault.xctoolchain/usr/lib/swift/iphoneos/prebuilt-modules/26.5/CoreMedia.swiftmodule/arm64e-apple-ios.swiftmodule /Applications/Xcode_26.6.app/Contents/Developer/Toolchains/XcodeDefault.xctoolchain/usr/lib/swift/iphoneos/prebuilt-modules/26.5/Intents.swiftmodule/arm64e-apple-ios.swiftmodule /Applications/Xcode_26.6.app/Contents/Developer/Toolchains/XcodeDefault.xctoolchain/usr/lib/swift/iphoneos/prebuilt-modules/26.5/Symbols.swiftmodule/arm64e-apple-ios.swiftmodule /Applications/Xcode_26.6.app/Contents/Developer/Toolchains/XcodeDefault.xctoolchain/usr/lib/swift/iphoneos/prebuilt-modules/26.5/_DarwinFoundation1.swiftmodule/arm64e-apple-ios.swiftmodule /Applications/Xcode_26.6.app/Contents/Developer/Toolchains/XcodeDefault.xctoolchain/usr/lib/swift/iphoneos/prebuilt-modules/26.5/AppIntents.swiftmodule/arm64e-apple-ios.swiftmodule /Applications/Xcode_26.6.app/Contents/Developer/Toolchains/XcodeDefault.xctoolchain/usr/lib/swift/iphoneos/prebuilt-modules/26.5/CoreAudio.swiftmodule/arm64e-apple-ios.swiftmodule /Applications/Xcode_26.6.app/Contents/Developer/Toolchains/XcodeDefault.xctoolchain/usr/lib/swift/iphoneos/prebuilt-modules/26.5/SwiftUICore.swiftmodule/arm64e-apple-ios.swiftmodule /Applications/Xcode_26.6.app/Contents/Developer/Toolchains/XcodeDefault.xctoolchain/usr/lib/swift/iphoneos/prebuilt-modules/26.5/_AppIntents_SwiftUI.swiftmodule/arm64e-apple-ios.swiftmodule /Applications/Xcode_26.6.app/Contents/Developer/Toolchains/XcodeDefault.xctoolchain/usr/lib/swift/iphoneos/prebuilt-modules/26.5/ObjectiveC.swiftmodule/arm64e-apple-ios.swiftmodule /Applications/Xcode_26.6.app/Contents/Developer/Toolchains/XcodeDefault.xctoolchain/usr/lib/swift/iphoneos/prebuilt-modules/26.5/LightweightCodeRequirements.swiftmodule/arm64e-apple-ios.swiftmodule /Applications/Xcode_26.6.app/Contents/Developer/Toolchains/XcodeDefault.xctoolchain/usr/lib/swift/iphoneos/prebuilt-modules/26.5/_CoreData_CloudKit.swiftmodule/arm64e-apple-ios.swiftmodule /Applications/Xcode_26.6.app/Contents/Developer/Toolchains/XcodeDefault.xctoolchain/usr/lib/swift/iphoneos/prebuilt-modules/26.5/System.swiftmodule/arm64e-apple-ios.swiftmodule /Applications/Xcode_26.6.app/Contents/Developer/Toolchains/XcodeDefault.xctoolchain/usr/lib/swift/iphoneos/prebuilt-modules/26.5/_Concurrency.swiftmodule/arm64e-apple-ios.swiftmodule /Applications/Xcode_26.6.app/Contents/Developer/Toolchains/XcodeDefault.xctoolchain/usr/lib/swift/iphoneos/prebuilt-modules/26.5/_Builtin_float.swiftmodule/arm64e-apple-ios.swiftmodule /Applications/Xcode_26.6.app/Contents/Developer/Toolchains/XcodeDefault.xctoolchain/usr/lib/swift/iphoneos/prebuilt-modules/26.5/WidgetKit.swiftmodule/arm64e-apple-ios.swiftmodule /Applications/Xcode_26.6.app/Contents/Developer/Toolchains/XcodeDefault.xctoolchain/usr/lib/swift/iphoneos/prebuilt-modules/26.5/FoundationModels.swiftmodule/arm64e-apple-ios.swiftmodule /Applications/Xcode_26.6.app/Contents/Developer/Toolchains/XcodeDefault.xctoolchain/usr/lib/swift/iphoneos/prebuilt-modules/26.5/XPC.swiftmodule/arm64e-apple-ios.swiftmodule /Applications/Xcode_26.6.app/Contents/Developer/Toolchains/XcodeDefault.xctoolchain/usr/lib/swift/iphoneos/prebuilt-modules/26.5/simd.swiftmodule/arm64e-apple-ios.swiftmodule /Applications/Xcode_26.6.app/Contents/Developer/Toolchains/XcodeDefault.xctoolchain/usr/lib/swift/iphoneos/prebuilt-modules/26.5/CoreVideo.swiftmodule/arm64e-apple-ios.swiftmodule /Applications/Xcode_26.6.app/Contents/Developer/Toolchains/XcodeDefault.xctoolchain/usr/lib/swift/iphoneos/prebuilt-modules/26.5/Accessibility.swiftmodule/arm64e-apple-ios.swiftmodule /Applications/Xcode_26.6.app/Contents/Developer/Toolchains/XcodeDefault.xctoolchain/usr/lib/swift/iphoneos/prebuilt-modules/26.5/Foundation.swiftmodule/arm64e-apple-ios.swiftmodule /Applications/Xcode_26.6.app/Contents/Developer/Toolchains/XcodeDefault.xctoolchain/usr/lib/swift/iphoneos/prebuilt-modules/26.5/_PhotosUI_SwiftUI.swiftmodule/arm64e-apple-ios.swiftmodule /Applications/Xcode_26.6.app/Contents/Developer/Toolchains/XcodeDefault.xctoolchain/usr/lib/swift/iphoneos/prebuilt-modules/26.5/Distributed.swiftmodule/arm64e-apple-ios.swiftmodule /Applications/Xcode_26.6.app/Contents/Developer/Toolchains/XcodeDefault.xctoolchain/usr/lib/swift/iphoneos/prebuilt-modules/26.5/AudioToolbox.swiftmodule/arm64e-apple-ios.swiftmodule /Applications/Xcode_26.6.app/Contents/Developer/Toolchains/XcodeDefault.xctoolchain/usr/lib/swift/iphoneos/prebuilt-modules/26.5/Accelerate.swiftmodule/arm64e-apple-ios.swiftmodule /Applications/Xcode_26.6.app/Contents/Developer/Toolchains/XcodeDefault.xctoolchain/usr/lib/swift/iphoneos/prebuilt-modules/26.5/NaturalLanguage.swiftmodule/arm64e-apple-ios.swiftmodule /Users/runner/Library/Developer/Xcode/DerivedData/ModuleCache.noindex/AVRouting-8A7VPDRVCYEKXELY0B5Z02OB1.pcm /Users/runner/Library/Developer/Xcode/DerivedData/ModuleCache.noindex/CoreVideo-BZMXU0P2Z8IQSJANCXSICOTKV.pcm /Users/runner/Library/Developer/Xcode/DerivedData/ModuleCache.noindex/AVFAudio-CSYOL09ZBXMJ2ZW59SFCL27VU.pcm /Users/runner/Library/Developer/Xcode/DerivedData/ModuleCache.noindex/EventKit-E75FUC5GDWTGJMUBLF76IM1IZ.pcm /Users/runner/Library/Developer/Xcode/DerivedData/ModuleCache.noindex/AudioToolbox-9BX5ETP5XHFHO8GQSFBY0YW8F.pcm /Users/runner/Library/Developer/Xcode/DerivedData/ModuleCache.noindex/Photos-AV6I4B22G4NCSCVJDKRRKRYBL.pcm /Users/runner/Library/Developer/Xcode/DerivedData/ModuleCache.noindex/Dispatch-9CU9L6AJGABEPEK1MML5WOJEH.pcm /Users/runner/Library/Developer/Xcode/DerivedData/ModuleCache.noindex/_Builtin_limits-5XLAGNJNMUIA35MLR9224J96G.pcm /Users/runner/Library/Developer/Xcode/DerivedData/ModuleCache.noindex/MediaToolbox-CWVXBCEYDTK4E9ZA9BRY2217Z.pcm /Users/runner/Library/Developer/Xcode/DerivedData/ModuleCache.noindex/_Builtin_tgmath-54R3DMFU6DS0GI3Z1X2FGPB20.pcm /Users/runner/Library/Developer/Xcode/DerivedData/ModuleCache.noindex/CoreMedia-2OM5WMGJE0UL49LUGXPRUYR0Y.pcm /Users/runner/Library/Developer/Xcode/DerivedData/ModuleCache.noindex/AVFoundation-5RU42VNQQ16GF3204OWCSH0KV.pcm /Users/runner/Library/Developer/Xcode/DerivedData/ModuleCache.noindex/ActivityKit-17X415H0PR1W0WJFXWD9RPWDG.pcm /Users/runner/Library/Developer/Xcode/DerivedData/ModuleCache.noindex/_DarwinFoundation3-DT13DYQO20ZPMHDX5CDK95E4D.pcm /Users/runner/Library/Developer/Xcode/DerivedData/ModuleCache.noindex/Vision-I52KXI28XFRQ3VAZ88SF2P9U.pcm /Users/runner/Library/Developer/Xcode/DerivedData/ModuleCache.noindex/QuartzCore-566Q57FTIWBTHFMCCY09MABDC.pcm /Users/runner/Library/Developer/Xcode/DerivedData/ModuleCache.noindex/_Builtin_stdatomic-9060L4NKPD5ER5I6FJ57E8WVA.pcm /Users/runner/Library/Developer/Xcode/DerivedData/ModuleCache.noindex/CoreImage-27LC9VRXJDFZFMFSKO9E5CY0O.pcm /Users/runner/Library/Developer/Xcode/DerivedData/ModuleCache.noindex/CloudKit-6YUZGAZVK1N2NTTX3IFGP01GK.pcm /Users/runner/Library/Developer/Xcode/DerivedData/ModuleCache.noindex/UIUtilities-68BP72D2ARRWVKR5ND13PTZHD.pcm /Users/runner/Library/Developer/Xcode/DerivedData/ModuleCache.noindex/CoreText-7G27BMK29AJO8FLDTQX72AKIO.pcm /Users/runner/Library/Developer/Xcode/DerivedData/ModuleCache.noindex/CoreLocation-1U52FIMZVPGQCI81SNWX8D199.pcm /Users/runner/Library/Developer/Xcode/DerivedData/ModuleCache.noindex/CoreData-3FH3JHVLSCG105NRLU6T3RF4G.pcm /Users/runner/Library/Developer/Xcode/DerivedData/ModuleCache.noindex/_DarwinFoundation2-CHABC5SS8N2OTC0RLF1PF00IL.pcm /Users/runner/Library/Developer/Xcode/DerivedData/ModuleCache.noindex/BackgroundTasks-BCR8QL3DTEVVLWSSTTZHFRLT0.pcm /Users/runner/Library/Developer/Xcode/DerivedData/ModuleCache.noindex/FileProvider-2IGH0JAASCWFWTHH3HQB16NAT.pcm /Users/runner/Library/Developer/Xcode/DerivedData/ModuleCache.noindex/Symbols-3Z96XHQKJOEPY4CGQ63YIUGXQ.pcm /Users/runner/Library/Developer/Xcode/DerivedData/ModuleCache.noindex/UIKit-EXU98BO9TKBKUJMALVDROIG6.pcm /Users/runner/Library/Developer/Xcode/DerivedData/ModuleCache.noindex/AddressBook-3VBJ87HHF47VTC4YLH4WJG23U.pcm /Users/runner/Library/Developer/Xcode/DerivedData/ModuleCache.noindex/CoreAudio-9F3BZEY70EDS7DFFGE41U1W6R.pcm /Users/runner/Library/Developer/Xcode/DerivedData/ModuleCache.noindex/UniformTypeIdentifiers-5SQL832U5YS5P4OFS71ZU71ZH.pcm /Users/runner/Library/Developer/Xcode/DerivedData/ModuleCache.noindex/Foundation-1X62Q4Y5CFD79X7DK8WGN1XR7.pcm /Users/runner/Library/Developer/Xcode/DerivedData/ModuleCache.noindex/DeveloperToolsSupport-EMHRDK0O1ZXXZII2U7HYGBAAB.pcm /Users/runner/Library/Developer/Xcode/DerivedData/ModuleCache.noindex/DataDetection-D4KJ1S9E4WLZ9667PTN5AXI9K.pcm /Users/runner/Library/Developer/Xcode/DerivedData/ModuleCache.noindex/_AvailabilityInternal-D134KYCM5B7H7LEX0UZ8E87OC.pcm /Users/runner/Library/Developer/Xcode/DerivedData/ModuleCache.noindex/Security-CIWSTZAS0BOTYSHUXXOWYSEX5.pcm /Users/runner/Library/Developer/Xcode/DerivedData/ModuleCache.noindex/IOSurface-5JX3VCZ80M38F2Z6PCGNGZCAT.pcm /Users/runner/Library/Developer/Xcode/DerivedData/ModuleCache.noindex/_Builtin_stddef-DM9FIK1TI14UIQLTPTSDRJRH8.pcm /Users/runner/Library/Developer/Xcode/DerivedData/ModuleCache.noindex/Network-CV64AECI38K2LZC189XU1XATE.pcm /Users/runner/Library/Developer/Xcode/DerivedData/ModuleCache.noindex/WatchConnectivity-265XJQPDOHVVNHXWT7YHRILAQ.pcm /Users/runner/Library/Developer/Xcode/DerivedData/ModuleCache.noindex/os-1REBWOFRQ4PBO7QOUF0V31OPU.pcm /Users/runner/Library/Developer/Xcode/DerivedData/ModuleCache.noindex/simd-CLUOIJ1OU38JUV8Q94GRO1JFW.pcm /Users/runner/Library/Developer/Xcode/DerivedData/ModuleCache.noindex/CoreAudioTypes-5091PY7IMGYC8NT1C1RFMX3LB.pcm /Users/runner/Library/Developer/Xcode/DerivedData/ModuleCache.noindex/_Builtin_stdint-1IVO0O4NH45TV1AYF52FCLU39.pcm /Users/runner/Library/Developer/Xcode/DerivedData/ModuleCache.noindex/Metal-DNRDTVJ2K7CPTS3LY6NISTWHE.pcm /Users/runner/Library/Developer/Xcode/DerivedData/ModuleCache.noindex/SwiftUI-6B305YEGM6ZJ1GCRJMNGN14J6.pcm /Users/runner/Library/Developer/Xcode/DerivedData/ModuleCache.noindex/RelevanceKit-A9UYSR65SXY79JR71WEK2PPS1.pcm /Users/runner/Library/Developer/Xcode/DerivedData/ModuleCache.noindex/Accelerate-53GJIFO1XW9TZVGDALCVR12QG.pcm /Users/runner/Library/Developer/Xcode/DerivedData/ModuleCache.noindex/XPC-4PB7SR0PM1G3Z1V4ERK8LTRR6.pcm /Users/runner/Library/Developer/Xcode/DerivedData/ModuleCache.noindex/sys_types-6VUOHF7N0NSAAA8P9FPHKE8W6.pcm /Users/runner/Library/Developer/Xcode/DerivedData/ModuleCache.noindex/Darwin-D9UWKS8G5A983R1DJ4W24YSKP.pcm /Users/runner/Library/Developer/Xcode/DerivedData/ModuleCache.noindex/UserNotifications-9XZE59KS9YG29GOP295XNSED9.pcm /Users/runner/Library/Developer/Xcode/DerivedData/ModuleCache.noindex/CoreML-1BV3PAPP2C4TUQZ9LVAZ15V5Z.pcm /Users/runner/Library/Developer/Xcode/DerivedData/ModuleCache.noindex/ObjectiveC-UL57PEN9KLSC4RHLEIGY3HA.pcm /Users/runner/Library/Developer/Xcode/DerivedData/ModuleCache.noindex/OpenGLES-457SP2TZA6UHDMTKTCX1NW350.pcm /Users/runner/Library/Developer/Xcode/DerivedData/ModuleCache.noindex/_DarwinFoundation1-AVQP07R3FLQDOZLLLTSBQE6KZ.pcm /Users/runner/Library/Developer/Xcode/DerivedData/ModuleCache.noindex/ptrauth-DABL4NITE6FI9XGP0U5ICP5U7.pcm /Users/runner/Library/Developer/Xcode/DerivedData/ModuleCache.noindex/os_object-E4IBKKHD0T0YBYBJLG4YXIM1L.pcm /Users/runner/Library/Developer/Xcode/DerivedData/ModuleCache.noindex/_LocationEssentials-4RV1VJZLSCT2RO6Q45E9WTAA8.pcm /Users/runner/Library/Developer/Xcode/DerivedData/ModuleCache.noindex/CoreMIDI-AFW9RQCL2DDOC9NBGR4X2CM3L.pcm /Users/runner/Library/Developer/Xcode/DerivedData/ModuleCache.noindex/Accessibility-ZCOQIL8YWBFQ0TLBXFB2N57I.pcm /Users/runner/Library/Developer/Xcode/DerivedData/ModuleCache.noindex/_Builtin_inttypes-AMA2B4Y7QBKPABLXFSRFWCL9N.pcm /Users/runner/Library/Developer/Xcode/DerivedData/ModuleCache.noindex/CFNetwork-4AKTMCE1W2AF00ZV9XZ8XN8BU.pcm /Users/runner/Library/Developer/Xcode/DerivedData/ModuleCache.noindex/_Builtin_stdarg-AWNHK52NN9LOBSP9B3ES6N4JP.pcm /Users/runner/Library/Developer/Xcode/DerivedData/ModuleCache.noindex/ImageIO-DO2T5X90PE8HDHJGTWQBWNA65.pcm /Users/runner/Library/Developer/Xcode/DerivedData/ModuleCache.noindex/os_workgroup-32Z9ZWHZO4UN3G5VTRHGO9J2G.pcm /Users/runner/Library/Developer/Xcode/DerivedData/ModuleCache.noindex/Spatial-66ZFZVSPF6NR4DI3VRZP5OD1H.pcm /Users/runner/Library/Developer/Xcode/DerivedData/ModuleCache.noindex/ptrcheck-F4E3AJ5OSHOZ9IBB2GP04PWWI.pcm /Users/runner/Library/Developer/Xcode/DerivedData/ModuleCache.noindex/SwiftShims-72SLMYIIT0DF0R4G8CULVMIGB.pcm /Users/runner/Library/Developer/Xcode/DerivedData/ModuleCache.noindex/PhotosUI-4V828NPONWSDNB1UYVWL21ZH1.pcm /Users/runner/Library/Developer/Xcode/DerivedData/ModuleCache.noindex/Intents-EUWYFZWUGCD2Y4MBTFV5MDXQ6.pcm /Users/runner/Library/Developer/Xcode/DerivedData/ModuleCache.noindex/MachO-B6RJ1U22Q2HMP7YR9Z0P7VQ0Z.pcm /Users/runner/Library/Developer/Xcode/DerivedData/ModuleCache.noindex/SwiftUICore-9DIEMH4Z9T64AGJB2R6KD3EOR.pcm /Users/runner/Library/Developer/Xcode/DerivedData/ModuleCache.noindex/ExtensionFoundation-1KMDNDD0YNMPZE4A6P2BXA1R0.pcm /Users/runner/Library/Developer/Xcode/DerivedData/ModuleCache.noindex/CoreTransferable-AAQIWS8UG8MGA4ZNEWBZ2W2IY.pcm /Users/runner/Library/Developer/Xcode/DerivedData/ModuleCache.noindex/CoreGraphics-1G5052L8UUCYJ9W6QLENAXY9U.pcm /Users/runner/Library/Developer/Xcode/DerivedData/ModuleCache.noindex/_SwiftConcurrencyShims-11WQO0U6NUPEG5KX0XIBPK7HV.pcm /Users/runner/Library/Developer/Xcode/DerivedData/ModuleCache.noindex/dnssd-AB1MJ0IHS4AY4FMB9VINDZFNL.pcm /Users/runner/Library/Developer/Xcode/DerivedData/ModuleCache.noindex/NaturalLanguage-BHYH18KR826VFBYJV8DSML0TC.pcm /Users/runner/Library/Developer/Xcode/DerivedData/ModuleCache.noindex/_Builtin_stdbool-F2JDNPQEX6SQ9OSYLY30YZQUK.pcm /Users/runner/Library/Developer/Xcode/DerivedData/ModuleCache.noindex/_Builtin_float-2YO6PSBAHJ04WO49MXMPSPE2E.pcm /Users/runner/Library/Developer/Xcode/DerivedData/ModuleCache.noindex/OSLog-DKEX056QW3YCNCO6DBH0EAM0E.pcm /Users/runner/Library/Developer/Xcode/DerivedData/ModuleCache.noindex/_CoreData_CloudKit-B3BSHAH89QT8U9W53VJ06SEKA.pcm /Users/runner/Library/Developer/Xcode/DerivedData/ModuleCache.noindex/CoreSpotlight-AQ8FI7YGFXR0FA9Z0RQJ1VEB9.pcm /Users/runner/Library/Developer/Xcode/DerivedData/ModuleCache.noindex/CoreFoundation-AJVBJNWJLXSNXAG6CFR83HFOF.pcm /Users/runner/Library/Developer/Xcode/DerivedData/ModuleCache.noindex/WidgetKit-3PNX395VZ1Q3WY59FHBDZC6OT.pcm /Users/runner/Library/Developer/Xcode/DerivedData/ModuleCache.noindex/_Builtin_intrinsics-99O65VBQ24FR6L5LL9JW9AR1W.pcm /Users/runner/Library/Developer/Xcode/DerivedData/ModuleCache.noindex/AppIntents-BYA3XKAIQ0EW6N9FPWTUIZA1N.pcm /Users/runner/Library/Developer/Xcode/DerivedData/Familienplaner-dmcrrzfthkjbwogvslwbznxtcpok/Build/Intermediates.noindex/ArchiveIntermediates/Familienplaner/IntermediateBuildFilesPath/Familienplaner.build/Release-iphoneos/Familienplaner.build/Objects-normal/arm64/Familienplaner-dependencies-1.json (in target 'Familienplaner' from project 'Familienplaner')

CompileSwift normal arm64 (in target 'Familienplaner' from project 'Familienplaner')
    cd /Users/runner/work/familienplaner/familienplaner
    

SwiftDriverJobDiscovery normal arm64 Compiling AllDayStrip.swift, BackgroundSync.swift, CalendarExportService.swift, CalendarImportService.swift, CalendarSourcesScreen.swift, CameraPicker.swift, ClaimActions.swift, CurrentMember.swift, DayTimelineView.swift, DeviceRegistrationService.swift, Domain.swift, EventDetailSheet.swift, EventEditorSheet.swift, EventPresentation.swift, EventService.swift, FamilienplanerApp.swift, FreeTimeFinder.swift, FreeTimeScreen.swift, GermanDateParser.swift, HouseholdRemoval.swift, HouseholdService.swift, ICSExporter.swift, MemberFilterBar.swift, MembersScreen.swift, MonthGridView.swift, OnboardingScreen.swift, PersistenceController.swift, ReminderService.swift, ReminderSettingsScreen.swift, ResponsibilitiesSheet.swift, SampleData.swift, SearchScreen.swift, SeriesService.swift, SetupScreen.swift, ShareAcceptance.swift, SharedInbox.swift, SharingService.swift, SuggestionExtractor.swift, SuggestionReviewScreen.swift, SuggestionService.swift, SyncStatus.swift, TestMode.swift, Theme.swift, TodayScreen.swift, WatchSnapshot.swift, WatchSyncService.swift, WeekTimelineView.swift, WidgetBridge.swift, CDHousehold+CoreDataClass.swift, CDHousehold+CoreDataProperties.swift, CDMember+CoreDataClass.swift, CDMember+CoreDataProperties.swift, CDEvent+CoreDataClass.swift, CDEvent+CoreDataProperties.swift, CDEventParticipation+CoreDataClass.swift, CDEventParticipation+CoreDataProperties.swift, CDTag+CoreDataClass.swift, CDTag+CoreDataProperties.swift, CDSuggestionDraft+CoreDataClass.swift, CDSuggestionDraft+CoreDataProperties.swift, CDCalendarSource+CoreDataClass.swift, CDCalendarSource+CoreDataProperties.swift, CDLocalEventMirror+CoreDataClass.swift, CDLocalEventMirror+CoreDataProperties.swift, CDDeviceRegistration+CoreDataClass.swift, CDDeviceRegistration+CoreDataProperties.swift, Familienplaner+CoreDataModel.swift, GeneratedAssetSymbols.swift (in target 'Familienplaner' from project 'Familienplaner')

SwiftDriver\ Compilation\ Requirements Familienplaner normal arm64 com.apple.xcode.tools.swift.compiler (in target 'Familienplaner' from project 'Familienplaner')
    cd /Users/runner/work/familienplaner/familienplaner
    builtin-Swift-Compilation-Requirements -- /Applications/Xcode_26.6.app/Contents/Developer/Toolchains/XcodeDefault.xctoolchain/usr/bin/swiftc -module-name Familienplaner -O -whole-module-optimization @/Users/runner/Library/Developer/Xcode/DerivedData/Familienplaner-dmcrrzfthkjbwogvslwbznxtcpok/Build/Intermediates.noindex/ArchiveIntermediates/Familienplaner/IntermediateBuildFilesPath/Familienplaner.build/Release-iphoneos/Familienplaner.build/Objects-normal/arm64/Familienplaner.SwiftFileList -enable-bare-slash-regex -enable-experimental-feature DebugDescriptionMacro -sdk /Applications/Xcode_26.6.app/Contents/Developer/Platforms/iPhoneOS.platform/Developer/SDKs/iPhoneOS26.5.sdk -target arm64-apple-ios26.0 -g -module-cache-path /Users/runner/Library/Developer/Xcode/DerivedData/ModuleCache.noindex -Xfrontend -serialize-debugging-options -swift-version 5 -I /Users/runner/Library/Developer/Xcode/DerivedData/Familienplaner-dmcrrzfthkjbwogvslwbznxtcpok/Build/Intermediates.noindex/ArchiveIntermediates/Familienplaner/BuildProductsPath/Release-iphoneos -F /Users/runner/Library/Developer/Xcode/DerivedData/Familienplaner-dmcrrzfthkjbwogvslwbznxtcpok/Build/Intermediates.noindex/ArchiveIntermediates/Familienplaner/BuildProductsPath/Release-iphoneos -c -num-threads 3 -Xcc -ivfsstatcache -Xcc /Users/runner/Library/Developer/Xcode/DerivedData/SDKStatCaches.noindex/iphoneos26.5-23F81a-688ef53f1462e2c8f657fdc38a81448fee66e23052a0157c865c76b268046726.sdkstatcache -output-file-map /Users/runner/Library/Developer/Xcode/DerivedData/Familienplaner-dmcrrzfthkjbwogvslwbznxtcpok/Build/Intermediates.noindex/ArchiveIntermediates/Familienplaner/IntermediateBuildFilesPath/Familienplaner.build/Release-iphoneos/Familienplaner.build/Objects-normal/arm64/Familienplaner-OutputFileMap.json -use-frontend-parseable-output -save-temps -no-color-diagnostics -explicit-module-build -module-cache-path /Users/runner/Library/Developer/Xcode/DerivedData/Familienplaner-dmcrrzfthkjbwogvslwbznxtcpok/Build/Intermediates.noindex/ArchiveIntermediates/Familienplaner/IntermediateBuildFilesPath/SwiftExplicitPrecompiledModules -clang-scanner-module-cache-path /Users/runner/Library/Developer/Xcode/DerivedData/ModuleCache.noindex -sdk-module-cache-path /Users/runner/Library/Developer/Xcode/DerivedData/ModuleCache.noindex -serialize-diagnostics -emit-dependencies -emit-module -emit-module-path /Users/runner/Library/Developer/Xcode/DerivedData/Familienplaner-dmcrrzfthkjbwogvslwbznxtcpok/Build/Intermediates.noindex/ArchiveIntermediates/Familienplaner/IntermediateBuildFilesPath/Familienplaner.build/Release-iphoneos/Familienplaner.build/Objects-normal/arm64/Familienplaner.swiftmodule -validate-clang-modules-once -clang-build-session-file /Users/runner/Library/Developer/Xcode/DerivedData/ModuleCache.noindex/Session.modulevalidation -Xcc -I/Users/runner/Library/Developer/Xcode/DerivedData/Familienplaner-dmcrrzfthkjbwogvslwbznxtcpok/Build/Intermediates.noindex/ArchiveIntermediates/Familienplaner/IntermediateBuildFilesPath/Familienplaner.build/Release-iphoneos/Familienplaner.build/swift-overrides.hmap -emit-const-values -Xfrontend -const-gather-protocols-file -Xfrontend /Users/runner/Library/Developer/Xcode/DerivedData/Familienplaner-dmcrrzfthkjbwogvslwbznxtcpok/Build/Intermediates.noindex/ArchiveIntermediates/Familienplaner/IntermediateBuildFilesPath/Familienplaner.build/Release-iphoneos/Familienplaner.build/Objects-normal/arm64/Familienplaner_const_extract_protocols.json -Xcc -iquote -Xcc /Users/runner/Library/Developer/Xcode/DerivedData/Familienplaner-dmcrrzfthkjbwogvslwbznxtcpok/Build/Intermediates.noindex/ArchiveIntermediates/Familienplaner/IntermediateBuildFilesPath/Familienplaner.build/Release-iphoneos/Familienplaner.build/Familienplaner-generated-files.hmap -Xcc -I/Users/runner/Library/Developer/Xcode/DerivedData/Familienplaner-dmcrrzfthkjbwogvslwbznxtcpok/Build/Intermediates.noindex/ArchiveIntermediates/Familienplaner/IntermediateBuildFilesPath/Familienplaner.build/Release-iphoneos/Familienplaner.build/Familienplaner-own-target-headers.hmap -Xcc -I/Users/runner/Library/Developer/Xcode/DerivedData/Familienplaner-dmcrrzfthkjbwogvslwbznxtcpok/Build/Intermediates.noindex/ArchiveIntermediates/Familienplaner/IntermediateBuildFilesPath/Familienplaner.build/Release-iphoneos/Familienplaner.build/Familienplaner-all-target-headers.hmap -Xcc -iquote -Xcc /Users/runner/Library/Developer/Xcode/DerivedData/Familienplaner-dmcrrzfthkjbwogvslwbznxtcpok/Build/Intermediates.noindex/ArchiveIntermediates/Familienplaner/IntermediateBuildFilesPath/Familienplaner.build/Release-iphoneos/Familienplaner.build/Familienplaner-project-headers.hmap -Xcc -I/Users/runner/Library/Developer/Xcode/DerivedData/Familienplaner-dmcrrzfthkjbwogvslwbznxtcpok/Build/Intermediates.noindex/ArchiveIntermediates/Familienplaner/BuildProductsPath/Release-iphoneos/include -Xcc -I/Users/runner/Library/Developer/Xcode/DerivedData/Familienplaner-dmcrrzfthkjbwogvslwbznxtcpok/Build/Intermediates.noindex/ArchiveIntermediates/Familienplaner/IntermediateBuildFilesPath/Familienplaner.build/Release-iphoneos/Familienplaner.build/DerivedSources-normal/arm64 -Xcc -I/Users/runner/Library/Developer/Xcode/DerivedData/Familienplaner-dmcrrzfthkjbwogvslwbznxtcpok/Build/Intermediates.noindex/ArchiveIntermediates/Familienplaner/IntermediateBuildFilesPath/Familienplaner.build/Release-iphoneos/Familienplaner.build/DerivedSources/arm64 -Xcc -I/Users/runner/Library/Developer/Xcode/DerivedData/Familienplaner-dmcrrzfthkjbwogvslwbznxtcpok/Build/Intermediates.noindex/ArchiveIntermediates/Familienplaner/IntermediateBuildFilesPath/Familienplaner.build/Release-iphoneos/Familienplaner.build/DerivedSources -emit-objc-header -emit-objc-header-path /Users/runner/Library/Developer/Xcode/DerivedData/Familienplaner-dmcrrzfthkjbwogvslwbznxtcpok/Build/Intermediates.noindex/ArchiveIntermediates/Familienplaner/IntermediateBuildFilesPath/Familienplaner.build/Release-iphoneos/Familienplaner.build/Objects-normal/arm64/Familienplaner-Swift.h -working-directory /Users/runner/work/familienplaner/familienplaner -no-emit-module-separately-wmo

SwiftMergeGeneratedHeaders /Users/runner/Library/Developer/Xcode/DerivedData/Familienplaner-dmcrrzfthkjbwogvslwbznxtcpok/Build/Intermediates.noindex/ArchiveIntermediates/Familienplaner/IntermediateBuildFilesPath/Familienplaner.build/Release-iphoneos/Familienplaner.build/DerivedSources/Familienplaner-Swift.h /Users/runner/Library/Developer/Xcode/DerivedData/Familienplaner-dmcrrzfthkjbwogvslwbznxtcpok/Build/Intermediates.noindex/ArchiveIntermediates/Familienplaner/IntermediateBuildFilesPath/Familienplaner.build/Release-iphoneos/Familienplaner.build/Objects-normal/arm64/Familienplaner-Swift.h (in target 'Familienplaner' from project 'Familienplaner')
    cd /Users/runner/work/familienplaner/familienplaner
    builtin-swiftHeaderTool -arch arm64 /Users/runner/Library/Developer/Xcode/DerivedData/Familienplaner-dmcrrzfthkjbwogvslwbznxtcpok/Build/Intermediates.noindex/ArchiveIntermediates/Familienplaner/IntermediateBuildFilesPath/Familienplaner.build/Release-iphoneos/Familienplaner.build/Objects-normal/arm64/Familienplaner-Swift.h -o /Users/runner/Library/Developer/Xcode/DerivedData/Familienplaner-dmcrrzfthkjbwogvslwbznxtcpok/Build/Intermediates.noindex/ArchiveIntermediates/Familienplaner/IntermediateBuildFilesPath/Familienplaner.build/Release-iphoneos/Familienplaner.build/DerivedSources/Familienplaner-Swift.h

Copy /Users/runner/Library/Developer/Xcode/DerivedData/Familienplaner-dmcrrzfthkjbwogvslwbznxtcpok/Build/Intermediates.noindex/ArchiveIntermediates/Familienplaner/BuildProductsPath/Release-iphoneos/Familienplaner.swiftmodule/arm64-apple-ios.swiftmodule /Users/runner/Library/Developer/Xcode/DerivedData/Familienplaner-dmcrrzfthkjbwogvslwbznxtcpok/Build/Intermediates.noindex/ArchiveIntermediates/Familienplaner/IntermediateBuildFilesPath/Familienplaner.build/Release-iphoneos/Familienplaner.build/Objects-normal/arm64/Familienplaner.swiftmodule (in target 'Familienplaner' from project 'Familienplaner')
    cd /Users/runner/work/familienplaner/familienplaner
    builtin-copy -exclude .DS_Store -exclude CVS -exclude .svn -exclude .git -exclude .hg -resolve-src-symlinks -rename /Users/runner/Library/Developer/Xcode/DerivedData/Familienplaner-dmcrrzfthkjbwogvslwbznxtcpok/Build/Intermediates.noindex/ArchiveIntermediates/Familienplaner/IntermediateBuildFilesPath/Familienplaner.build/Release-iphoneos/Familienplaner.build/Objects-normal/arm64/Familienplaner.swiftmodule /Users/runner/Library/Developer/Xcode/DerivedData/Familienplaner-dmcrrzfthkjbwogvslwbznxtcpok/Build/Intermediates.noindex/ArchiveIntermediates/Familienplaner/BuildProductsPath/Release-iphoneos/Familienplaner.swiftmodule/arm64-apple-ios.swiftmodule

Copy /Users/runner/Library/Developer/Xcode/DerivedData/Familienplaner-dmcrrzfthkjbwogvslwbznxtcpok/Build/Intermediates.noindex/ArchiveIntermediates/Familienplaner/BuildProductsPath/Release-iphoneos/Familienplaner.swiftmodule/arm64-apple-ios.swiftdoc /Users/runner/Library/Developer/Xcode/DerivedData/Familienplaner-dmcrrzfthkjbwogvslwbznxtcpok/Build/Intermediates.noindex/ArchiveIntermediates/Familienplaner/IntermediateBuildFilesPath/Familienplaner.build/Release-iphoneos/Familienplaner.build/Objects-normal/arm64/Familienplaner.swiftdoc (in target 'Familienplaner' from project 'Familienplaner')
    cd /Users/runner/work/familienplaner/familienplaner
    builtin-copy -exclude .DS_Store -exclude CVS -exclude .svn -exclude .git -exclude .hg -resolve-src-symlinks -rename /Users/runner/Library/Developer/Xcode/DerivedData/Familienplaner-dmcrrzfthkjbwogvslwbznxtcpok/Build/Intermediates.noindex/ArchiveIntermediates/Familienplaner/IntermediateBuildFilesPath/Familienplaner.build/Release-iphoneos/Familienplaner.build/Objects-normal/arm64/Familienplaner.swiftdoc /Users/runner/Library/Developer/Xcode/DerivedData/Familienplaner-dmcrrzfthkjbwogvslwbznxtcpok/Build/Intermediates.noindex/ArchiveIntermediates/Familienplaner/BuildProductsPath/Release-iphoneos/Familienplaner.swiftmodule/arm64-apple-ios.swiftdoc

Copy /Users/runner/Library/Developer/Xcode/DerivedData/Familienplaner-dmcrrzfthkjbwogvslwbznxtcpok/Build/Intermediates.noindex/ArchiveIntermediates/Familienplaner/BuildProductsPath/Release-iphoneos/Familienplaner.swiftmodule/arm64-apple-ios.abi.json /Users/runner/Library/Developer/Xcode/DerivedData/Familienplaner-dmcrrzfthkjbwogvslwbznxtcpok/Build/Intermediates.noindex/ArchiveIntermediates/Familienplaner/IntermediateBuildFilesPath/Familienplaner.build/Release-iphoneos/Familienplaner.build/Objects-normal/arm64/Familienplaner.abi.json (in target 'Familienplaner' from project 'Familienplaner')
    cd /Users/runner/work/familienplaner/familienplaner
    builtin-copy -exclude .DS_Store -exclude CVS -exclude .svn -exclude .git -exclude .hg -resolve-src-symlinks -rename /Users/runner/Library/Developer/Xcode/DerivedData/Familienplaner-dmcrrzfthkjbwogvslwbznxtcpok/Build/Intermediates.noindex/ArchiveIntermediates/Familienplaner/IntermediateBuildFilesPath/Familienplaner.build/Release-iphoneos/Familienplaner.build/Objects-normal/arm64/Familienplaner.abi.json /Users/runner/Library/Developer/Xcode/DerivedData/Familienplaner-dmcrrzfthkjbwogvslwbznxtcpok/Build/Intermediates.noindex/ArchiveIntermediates/Familienplaner/BuildProductsPath/Release-iphoneos/Familienplaner.swiftmodule/arm64-apple-ios.abi.json

Ld /Users/runner/Library/Developer/Xcode/DerivedData/Familienplaner-dmcrrzfthkjbwogvslwbznxtcpok/Build/Intermediates.noindex/ArchiveIntermediates/Familienplaner/InstallationBuildProductsLocation/Applications/Familienplaner.app/Familienplaner normal (in target 'Familienplaner' from project 'Familienplaner')
    cd /Users/runner/work/familienplaner/familienplaner
    /Applications/Xcode_26.6.app/Contents/Developer/Toolchains/XcodeDefault.xctoolchain/usr/bin/clang -Xlinker -reproducible -target arm64-apple-ios26.0 -isysroot /Applications/Xcode_26.6.app/Contents/Developer/Platforms/iPhoneOS.platform/Developer/SDKs/iPhoneOS26.5.sdk -Os -L/Users/runner/Library/Developer/Xcode/DerivedData/Familienplaner-dmcrrzfthkjbwogvslwbznxtcpok/Build/Intermediates.noindex/ArchiveIntermediates/Familienplaner/IntermediateBuildFilesPath/EagerLinkingTBDs/Release-iphoneos -L/Users/runner/Library/Developer/Xcode/DerivedData/Familienplaner-dmcrrzfthkjbwogvslwbznxtcpok/Build/Intermediates.noindex/ArchiveIntermediates/Familienplaner/BuildProductsPath/Release-iphoneos -F/Users/runner/Library/Developer/Xcode/DerivedData/Familienplaner-dmcrrzfthkjbwogvslwbznxtcpok/Build/Intermediates.noindex/ArchiveIntermediates/Familienplaner/IntermediateBuildFilesPath/EagerLinkingTBDs/Release-iphoneos -F/Users/runner/Library/Developer/Xcode/DerivedData/Familienplaner-dmcrrzfthkjbwogvslwbznxtcpok/Build/Intermediates.noindex/ArchiveIntermediates/Familienplaner/BuildProductsPath/Release-iphoneos -filelist /Users/runner/Library/Developer/Xcode/DerivedData/Familienplaner-dmcrrzfthkjbwogvslwbznxtcpok/Build/Intermediates.noindex/ArchiveIntermediates/Familienplaner/IntermediateBuildFilesPath/Familienplaner.build/Release-iphoneos/Familienplaner.build/Objects-normal/arm64/Familienplaner.LinkFileList -Xlinker -rpath -Xlinker @executable_path/Frameworks -Xlinker -dead_strip -Xlinker -object_path_lto -Xlinker /Users/runner/Library/Developer/Xcode/DerivedData/Familienplaner-dmcrrzfthkjbwogvslwbznxtcpok/Build/Intermediates.noindex/ArchiveIntermediates/Familienplaner/IntermediateBuildFilesPath/Familienplaner.build/Release-iphoneos/Familienplaner.build/Objects-normal/arm64/Familienplaner_lto.o -Xlinker -final_output -Xlinker /Applications/Familienplaner.app/Familienplaner -Xlinker -dependency_info -Xlinker /Users/runner/Library/Developer/Xcode/DerivedData/Familienplaner-dmcrrzfthkjbwogvslwbznxtcpok/Build/Intermediates.noindex/ArchiveIntermediates/Familienplaner/IntermediateBuildFilesPath/Familienplaner.build/Release-iphoneos/Familienplaner.build/Objects-normal/arm64/Familienplaner_dependency_info.dat -fobjc-link-runtime -L/Applications/Xcode_26.6.app/Contents/Developer/Toolchains/XcodeDefault.xctoolchain/usr/lib/swift/iphoneos -L/usr/lib/swift -Xlinker -add_ast_path -Xlinker /Users/runner/Library/Developer/Xcode/DerivedData/Familienplaner-dmcrrzfthkjbwogvslwbznxtcpok/Build/Intermediates.noindex/ArchiveIntermediates/Familienplaner/IntermediateBuildFilesPath/Familienplaner.build/Release-iphoneos/Familienplaner.build/Objects-normal/arm64/Familienplaner.swiftmodule @/Users/runner/Library/Developer/Xcode/DerivedData/Familienplaner-dmcrrzfthkjbwogvslwbznxtcpok/Build/Intermediates.noindex/ArchiveIntermediates/Familienplaner/IntermediateBuildFilesPath/Familienplaner.build/Release-iphoneos/Familienplaner.build/Objects-normal/arm64/Familienplaner-linker-args.resp -Xlinker -no_adhoc_codesign -o /Users/runner/Library/Developer/Xcode/DerivedData/Familienplaner-dmcrrzfthkjbwogvslwbznxtcpok/Build/Intermediates.noindex/ArchiveIntermediates/Familienplaner/InstallationBuildProductsLocation/Applications/Familienplaner.app/Familienplaner

Copy /Users/runner/Library/Developer/Xcode/DerivedData/Familienplaner-dmcrrzfthkjbwogvslwbznxtcpok/Build/Intermediates.noindex/ArchiveIntermediates/Familienplaner/InstallationBuildProductsLocation/Applications/Familienplaner.app/PlugIns/FamilienplanerWidgets.appex /Users/runner/Library/Developer/Xcode/DerivedData/Familienplaner-dmcrrzfthkjbwogvslwbznxtcpok/Build/Intermediates.noindex/ArchiveIntermediates/Familienplaner/BuildProductsPath/Release-iphoneos/FamilienplanerWidgets.appex (in target 'Familienplaner' from project 'Familienplaner')
    cd /Users/runner/work/familienplaner/familienplaner
    builtin-copy -exclude .DS_Store -exclude CVS -exclude .svn -exclude .git -exclude .hg -exclude Headers -exclude PrivateHeaders -exclude Modules -exclude \*.tbd -resolve-src-symlinks -remove-static-executable /Users/runner/Library/Developer/Xcode/DerivedData/Familienplaner-dmcrrzfthkjbwogvslwbznxtcpok/Build/Intermediates.noindex/ArchiveIntermediates/Familienplaner/BuildProductsPath/Release-iphoneos/FamilienplanerWidgets.appex /Users/runner/Library/Developer/Xcode/DerivedData/Familienplaner-dmcrrzfthkjbwogvslwbznxtcpok/Build/Intermediates.noindex/ArchiveIntermediates/Familienplaner/InstallationBuildProductsLocation/Applications/Familienplaner.app/PlugIns

Copy /Users/runner/Library/Developer/Xcode/DerivedData/Familienplaner-dmcrrzfthkjbwogvslwbznxtcpok/Build/Intermediates.noindex/ArchiveIntermediates/Familienplaner/InstallationBuildProductsLocation/Applications/Familienplaner.app/PlugIns/FamilienplanerShare.appex /Users/runner/Library/Developer/Xcode/DerivedData/Familienplaner-dmcrrzfthkjbwogvslwbznxtcpok/Build/Intermediates.noindex/ArchiveIntermediates/Familienplaner/BuildProductsPath/Release-iphoneos/FamilienplanerShare.appex (in target 'Familienplaner' from project 'Familienplaner')
    cd /Users/runner/work/familienplaner/familienplaner
    builtin-copy -exclude .DS_Store -exclude CVS -exclude .svn -exclude .git -exclude .hg -exclude Headers -exclude PrivateHeaders -exclude Modules -exclude \*.tbd -resolve-src-symlinks -remove-static-executable /Users/runner/Library/Developer/Xcode/DerivedData/Familienplaner-dmcrrzfthkjbwogvslwbznxtcpok/Build/Intermediates.noindex/ArchiveIntermediates/Familienplaner/BuildProductsPath/Release-iphoneos/FamilienplanerShare.appex /Users/runner/Library/Developer/Xcode/DerivedData/Familienplaner-dmcrrzfthkjbwogvslwbznxtcpok/Build/Intermediates.noindex/ArchiveIntermediates/Familienplaner/InstallationBuildProductsLocation/Applications/Familienplaner.app/PlugIns

ProcessInfoPlistFile /Users/runner/Library/Developer/Xcode/DerivedData/Familienplaner-dmcrrzfthkjbwogvslwbznxtcpok/Build/Intermediates.noindex/ArchiveIntermediates/Familienplaner/InstallationBuildProductsLocation/Applications/Familienplaner.app/Info.plist /Users/runner/work/familienplaner/familienplaner/Resources/Info.plist (in target 'Familienplaner' from project 'Familienplaner')
    cd /Users/runner/work/familienplaner/familienplaner
    builtin-infoPlistUtility /Users/runner/work/familienplaner/familienplaner/Resources/Info.plist -producttype com.apple.product-type.application -genpkginfo /Users/runner/Library/Developer/Xcode/DerivedData/Familienplaner-dmcrrzfthkjbwogvslwbznxtcpok/Build/Intermediates.noindex/ArchiveIntermediates/Familienplaner/InstallationBuildProductsLocation/Applications/Familienplaner.app/PkgInfo -expandbuildsettings -format binary -platform iphoneos -additionalcontentfile /Users/runner/Library/Developer/Xcode/DerivedData/Familienplaner-dmcrrzfthkjbwogvslwbznxtcpok/Build/Intermediates.noindex/ArchiveIntermediates/Familienplaner/IntermediateBuildFilesPath/Familienplaner.build/Release-iphoneos/Familienplaner.build/assetcatalog_generated_info.plist -scanforprivacyfile /Users/runner/Library/Developer/Xcode/DerivedData/Familienplaner-dmcrrzfthkjbwogvslwbznxtcpok/Build/Intermediates.noindex/ArchiveIntermediates/Familienplaner/InstallationBuildProductsLocation/Applications/Familienplaner.app/PlugIns/FamilienplanerShare.appex -scanforprivacyfile /Users/runner/Library/Developer/Xcode/DerivedData/Familienplaner-dmcrrzfthkjbwogvslwbznxtcpok/Build/Intermediates.noindex/ArchiveIntermediates/Familienplaner/InstallationBuildProductsLocation/Applications/Familienplaner.app/PlugIns/FamilienplanerWidgets.appex -requiredArchitecture arm64 -o /Users/runner/Library/Developer/Xcode/DerivedData/Familienplaner-dmcrrzfthkjbwogvslwbznxtcpok/Build/Intermediates.noindex/ArchiveIntermediates/Familienplaner/InstallationBuildProductsLocation/Applications/Familienplaner.app/Info.plist

CopySwiftLibs /Users/runner/Library/Developer/Xcode/DerivedData/Familienplaner-dmcrrzfthkjbwogvslwbznxtcpok/Build/Intermediates.noindex/ArchiveIntermediates/Familienplaner/InstallationBuildProductsLocation/Applications/Familienplaner.app (in target 'Familienplaner' from project 'Familienplaner')
    cd /Users/runner/work/familienplaner/familienplaner
    builtin-swiftStdLibTool --copy --verbose --sign - --scan-executable /Users/runner/Library/Developer/Xcode/DerivedData/Familienplaner-dmcrrzfthkjbwogvslwbznxtcpok/Build/Intermediates.noindex/ArchiveIntermediates/Familienplaner/InstallationBuildProductsLocation/Applications/Familienplaner.app/Familienplaner --scan-folder /Users/runner/Library/Developer/Xcode/DerivedData/Familienplaner-dmcrrzfthkjbwogvslwbznxtcpok/Build/Intermediates.noindex/ArchiveIntermediates/Familienplaner/InstallationBuildProductsLocation/Applications/Familienplaner.app/Frameworks --scan-folder /Users/runner/Library/Developer/Xcode/DerivedData/Familienplaner-dmcrrzfthkjbwogvslwbznxtcpok/Build/Intermediates.noindex/ArchiveIntermediates/Familienplaner/InstallationBuildProductsLocation/Applications/Familienplaner.app/PlugIns --scan-folder /Users/runner/Library/Developer/Xcode/DerivedData/Familienplaner-dmcrrzfthkjbwogvslwbznxtcpok/Build/Intermediates.noindex/ArchiveIntermediates/Familienplaner/InstallationBuildProductsLocation/Applications/Familienplaner.app/SystemExtensions --scan-folder /Users/runner/Library/Developer/Xcode/DerivedData/Familienplaner-dmcrrzfthkjbwogvslwbznxtcpok/Build/Intermediates.noindex/ArchiveIntermediates/Familienplaner/InstallationBuildProductsLocation/Applications/Familienplaner.app/Extensions --platform iphoneos --toolchain /var/run/com.apple.security.cryptexd/mnt/com.apple.MobileAsset.MetalToolchain-v17.6.109.0.RQhHG6/Metal.xctoolchain --toolchain /Applications/Xcode_26.6.app/Contents/Developer/Toolchains/XcodeDefault.xctoolchain --destination /Users/runner/Library/Developer/Xcode/DerivedData/Familienplaner-dmcrrzfthkjbwogvslwbznxtcpok/Build/Intermediates.noindex/ArchiveIntermediates/Familienplaner/InstallationBuildProductsLocation/Applications/Familienplaner.app/Frameworks --unsigned-destination /Users/runner/Library/Developer/Xcode/DerivedData/Familienplaner-dmcrrzfthkjbwogvslwbznxtcpok/Build/Intermediates.noindex/ArchiveIntermediates/Familienplaner/BuildProductsPath/SwiftSupport --strip-bitcode --strip-bitcode-tool /Applications/Xcode_26.6.app/Contents/Developer/Toolchains/XcodeDefault.xctoolchain/usr/bin/bitcode_strip --emit-dependency-info /Users/runner/Library/Developer/Xcode/DerivedData/Familienplaner-dmcrrzfthkjbwogvslwbznxtcpok/Build/Intermediates.noindex/ArchiveIntermediates/Familienplaner/IntermediateBuildFilesPath/Familienplaner.build/Release-iphoneos/Familienplaner.build/SwiftStdLibToolInputDependencies.dep --filter-for-swift-os

ExtractAppIntentsMetadata (in target 'Familienplaner' from project 'Familienplaner')
    cd /Users/runner/work/familienplaner/familienplaner
    /Applications/Xcode_26.6.app/Contents/Developer/Toolchains/XcodeDefault.xctoolchain/usr/bin/appintentsmetadataprocessor --toolchain-dir /var/run/com.apple.security.cryptexd/mnt/com.apple.MobileAsset.MetalToolchain-v17.6.109.0.RQhHG6/Metal.xctoolchain --module-name Familienplaner --sdk-root /Applications/Xcode_26.6.app/Contents/Developer/Platforms/iPhoneOS.platform/Developer/SDKs/iPhoneOS26.5.sdk --xcode-version 17F113 --platform-family iOS --deployment-target 26.0 --bundle-identifier de.barg.familienplaner --output /Users/runner/Library/Developer/Xcode/DerivedData/Familienplaner-dmcrrzfthkjbwogvslwbznxtcpok/Build/Intermediates.noindex/ArchiveIntermediates/Familienplaner/InstallationBuildProductsLocation/Applications/Familienplaner.app --target-triple arm64-apple-ios26.0 --binary-file /Users/runner/Library/Developer/Xcode/DerivedData/Familienplaner-dmcrrzfthkjbwogvslwbznxtcpok/Build/Intermediates.noindex/ArchiveIntermediates/Familienplaner/InstallationBuildProductsLocation/Applications/Familienplaner.app/Familienplaner --dependency-file /Users/runner/Library/Developer/Xcode/DerivedData/Familienplaner-dmcrrzfthkjbwogvslwbznxtcpok/Build/Intermediates.noindex/ArchiveIntermediates/Familienplaner/IntermediateBuildFilesPath/Familienplaner.build/Release-iphoneos/Familienplaner.build/Objects-normal/arm64/Familienplaner_dependency_info.dat --stringsdata-file /Users/runner/Library/Developer/Xcode/DerivedData/Familienplaner-dmcrrzfthkjbwogvslwbznxtcpok/Build/Intermediates.noindex/ArchiveIntermediates/Familienplaner/IntermediateBuildFilesPath/Familienplaner.build/Release-iphoneos/Familienplaner.build/Objects-normal/arm64/ExtractedAppShortcutsMetadata.stringsdata --source-file-list /Users/runner/Library/Developer/Xcode/DerivedData/Familienplaner-dmcrrzfthkjbwogvslwbznxtcpok/Build/Intermediates.noindex/ArchiveIntermediates/Familienplaner/IntermediateBuildFilesPath/Familienplaner.build/Release-iphoneos/Familienplaner.build/Objects-normal/arm64/Familienplaner.SwiftFileList --metadata-file-list /Users/runner/Library/Developer/Xcode/DerivedData/Familienplaner-dmcrrzfthkjbwogvslwbznxtcpok/Build/Intermediates.noindex/ArchiveIntermediates/Familienplaner/IntermediateBuildFilesPath/Familienplaner.build/Release-iphoneos/Familienplaner.build/Familienplaner.DependencyMetadataFileList --static-metadata-file-list /Users/runner/Library/Developer/Xcode/DerivedData/Familienplaner-dmcrrzfthkjbwogvslwbznxtcpok/Build/Intermediates.noindex/ArchiveIntermediates/Familienplaner/IntermediateBuildFilesPath/Familienplaner.build/Release-iphoneos/Familienplaner.build/Familienplaner.DependencyStaticMetadataFileList --swift-const-vals-list /Users/runner/Library/Developer/Xcode/DerivedData/Familienplaner-dmcrrzfthkjbwogvslwbznxtcpok/Build/Intermediates.noindex/ArchiveIntermediates/Familienplaner/IntermediateBuildFilesPath/Familienplaner.build/Release-iphoneos/Familienplaner.build/Objects-normal/arm64/Familienplaner.SwiftConstValuesFileList --compile-time-extraction --deployment-aware-processing --validate-assistant-intents --no-app-shortcuts-localization
2026-10-08 20:16:09.296 appintentsmetadataprocessor[6016:21706] Starting appintentsmetadataprocessor export
2026-10-08 20:16:09.351 appintentsmetadataprocessor[6016:21706] Extracted no relevant App Intents symbols, skipping writing output

GenerateDSYMFile /Users/runner/Library/Developer/Xcode/DerivedData/Familienplaner-dmcrrzfthkjbwogvslwbznxtcpok/Build/Intermediates.noindex/ArchiveIntermediates/Familienplaner/BuildProductsPath/Release-iphoneos/Familienplaner.app.dSYM /Users/runner/Library/Developer/Xcode/DerivedData/Familienplaner-dmcrrzfthkjbwogvslwbznxtcpok/Build/Intermediates.noindex/ArchiveIntermediates/Familienplaner/InstallationBuildProductsLocation/Applications/Familienplaner.app/Familienplaner (in target 'Familienplaner' from project 'Familienplaner')
    cd /Users/runner/work/familienplaner/familienplaner
    /Applications/Xcode_26.6.app/Contents/Developer/Toolchains/XcodeDefault.xctoolchain/usr/bin/dsymutil /Users/runner/Library/Developer/Xcode/DerivedData/Familienplaner-dmcrrzfthkjbwogvslwbznxtcpok/Build/Intermediates.noindex/ArchiveIntermediates/Familienplaner/InstallationBuildProductsLocation/Applications/Familienplaner.app/Familienplaner -o /Users/runner/Library/Developer/Xcode/DerivedData/Familienplaner-dmcrrzfthkjbwogvslwbznxtcpok/Build/Intermediates.noindex/ArchiveIntermediates/Familienplaner/BuildProductsPath/Release-iphoneos/Familienplaner.app.dSYM

AppIntentsSSUTraining (in target 'Familienplaner' from project 'Familienplaner')
    cd /Users/runner/work/familienplaner/familienplaner
    /Applications/Xcode_26.6.app/Contents/Developer/Toolchains/XcodeDefault.xctoolchain/usr/bin/appintentsnltrainingprocessor --infoplist-path /Users/runner/Library/Developer/Xcode/DerivedData/Familienplaner-dmcrrzfthkjbwogvslwbznxtcpok/Build/Intermediates.noindex/ArchiveIntermediates/Familienplaner/InstallationBuildProductsLocation/Applications/Familienplaner.app/Info.plist --temp-dir-path /Users/runner/Library/Developer/Xcode/DerivedData/Familienplaner-dmcrrzfthkjbwogvslwbznxtcpok/Build/Intermediates.noindex/ArchiveIntermediates/Familienplaner/IntermediateBuildFilesPath/Familienplaner.build/Release-iphoneos/Familienplaner.build/ssu --bundle-id de.barg.familienplaner --product-path /Users/runner/Library/Developer/Xcode/DerivedData/Familienplaner-dmcrrzfthkjbwogvslwbznxtcpok/Build/Intermediates.noindex/ArchiveIntermediates/Familienplaner/InstallationBuildProductsLocation/Applications/Familienplaner.app --extracted-metadata-path /Users/runner/Library/Developer/Xcode/DerivedData/Familienplaner-dmcrrzfthkjbwogvslwbznxtcpok/Build/Intermediates.noindex/ArchiveIntermediates/Familienplaner/InstallationBuildProductsLocation/Applications/Familienplaner.app/Metadata.appintents --deployment-postprocessing --metadata-file-list /Users/runner/Library/Developer/Xcode/DerivedData/Familienplaner-dmcrrzfthkjbwogvslwbznxtcpok/Build/Intermediates.noindex/ArchiveIntermediates/Familienplaner/IntermediateBuildFilesPath/Familienplaner.build/Release-iphoneos/Familienplaner.build/Familienplaner.DependencyMetadataFileList --source-file /Users/runner/Library/Developer/Xcode/DerivedData/Familienplaner-dmcrrzfthkjbwogvslwbznxtcpok/Build/Intermediates.noindex/ArchiveIntermediates/Familienplaner/InstallationBuildProductsLocation/Applications/Familienplaner.app/Info.plist --archive-ssu-assets
2026-10-08 20:16:09.424 appintentsnltrainingprocessor[6020:21719] Parsing options for appintentsnltrainingprocessor
2026-10-08 20:16:09.425 appintentsnltrainingprocessor[6020:21719] Starting AppIntents SSU YAML Generation
2026-10-08 20:16:09.425 appintentsnltrainingprocessor[6020:21719] No AppShortcuts found - Skipping.

Strip /Users/runner/Library/Developer/Xcode/DerivedData/Familienplaner-dmcrrzfthkjbwogvslwbznxtcpok/Build/Intermediates.noindex/ArchiveIntermediates/Familienplaner/InstallationBuildProductsLocation/Applications/Familienplaner.app/Familienplaner (in target 'Familienplaner' from project 'Familienplaner')
    cd /Users/runner/work/familienplaner/familienplaner
    /Applications/Xcode_26.6.app/Contents/Developer/Toolchains/XcodeDefault.xctoolchain/usr/bin/strip -D /Users/runner/Library/Developer/Xcode/DerivedData/Familienplaner-dmcrrzfthkjbwogvslwbznxtcpok/Build/Intermediates.noindex/ArchiveIntermediates/Familienplaner/InstallationBuildProductsLocation/Applications/Familienplaner.app/Familienplaner

SetOwnerAndGroup runner:staff /Users/runner/Library/Developer/Xcode/DerivedData/Familienplaner-dmcrrzfthkjbwogvslwbznxtcpok/Build/Intermediates.noindex/ArchiveIntermediates/Familienplaner/InstallationBuildProductsLocation/Applications/Familienplaner.app (in target 'Familienplaner' from project 'Familienplaner')
    cd /Users/runner/work/familienplaner/familienplaner
    /usr/sbin/chown -RH runner:staff /Users/runner/Library/Developer/Xcode/DerivedData/Familienplaner-dmcrrzfthkjbwogvslwbznxtcpok/Build/Intermediates.noindex/ArchiveIntermediates/Familienplaner/InstallationBuildProductsLocation/Applications/Familienplaner.app

SetMode u+w,go-w,a+rX /Users/runner/Library/Developer/Xcode/DerivedData/Familienplaner-dmcrrzfthkjbwogvslwbznxtcpok/Build/Intermediates.noindex/ArchiveIntermediates/Familienplaner/InstallationBuildProductsLocation/Applications/Familienplaner.app (in target 'Familienplaner' from project 'Familienplaner')
    cd /Users/runner/work/familienplaner/familienplaner
    /bin/chmod -RH u+w,go-w,a+rX /Users/runner/Library/Developer/Xcode/DerivedData/Familienplaner-dmcrrzfthkjbwogvslwbznxtcpok/Build/Intermediates.noindex/ArchiveIntermediates/Familienplaner/InstallationBuildProductsLocation/Applications/Familienplaner.app

CodeSign /Users/runner/Library/Developer/Xcode/DerivedData/Familienplaner-dmcrrzfthkjbwogvslwbznxtcpok/Build/Intermediates.noindex/ArchiveIntermediates/Familienplaner/InstallationBuildProductsLocation/Applications/Familienplaner.app (in target 'Familienplaner' from project 'Familienplaner')
    cd /Users/runner/work/familienplaner/familienplaner
    
    Signing Identity:     "Sign to Run Locally"
    
    /usr/bin/codesign --force --sign - --entitlements /Users/runner/Library/Developer/Xcode/DerivedData/Familienplaner-dmcrrzfthkjbwogvslwbznxtcpok/Build/Intermediates.noindex/ArchiveIntermediates/Familienplaner/IntermediateBuildFilesPath/Familienplaner.build/Release-iphoneos/Familienplaner.build/Familienplaner.app.xcent --generate-entitlement-der /Users/runner/Library/Developer/Xcode/DerivedData/Familienplaner-dmcrrzfthkjbwogvslwbznxtcpok/Build/Intermediates.noindex/ArchiveIntermediates/Familienplaner/InstallationBuildProductsLocation/Applications/Familienplaner.app

ValidateEmbeddedBinary /Users/runner/Library/Developer/Xcode/DerivedData/Familienplaner-dmcrrzfthkjbwogvslwbznxtcpok/Build/Intermediates.noindex/ArchiveIntermediates/Familienplaner/InstallationBuildProductsLocation/Applications/Familienplaner.app/PlugIns/FamilienplanerWidgets.appex (in target 'Familienplaner' from project 'Familienplaner')
    cd /Users/runner/work/familienplaner/familienplaner
    /Applications/Xcode_26.6.app/Contents/Developer/usr/bin/embeddedBinaryValidationUtility /Users/runner/Library/Developer/Xcode/DerivedData/Familienplaner-dmcrrzfthkjbwogvslwbznxtcpok/Build/Intermediates.noindex/ArchiveIntermediates/Familienplaner/InstallationBuildProductsLocation/Applications/Familienplaner.app/PlugIns/FamilienplanerWidgets.appex -signing-cert - -info-plist-path /Users/runner/Library/Developer/Xcode/DerivedData/Familienplaner-dmcrrzfthkjbwogvslwbznxtcpok/Build/Intermediates.noindex/ArchiveIntermediates/Familienplaner/InstallationBuildProductsLocation/Applications/Familienplaner.app/Info.plist

ValidateEmbeddedBinary /Users/runner/Library/Developer/Xcode/DerivedData/Familienplaner-dmcrrzfthkjbwogvslwbznxtcpok/Build/Intermediates.noindex/ArchiveIntermediates/Familienplaner/InstallationBuildProductsLocation/Applications/Familienplaner.app/PlugIns/FamilienplanerShare.appex (in target 'Familienplaner' from project 'Familienplaner')
    cd /Users/runner/work/familienplaner/familienplaner
    /Applications/Xcode_26.6.app/Contents/Developer/usr/bin/embeddedBinaryValidationUtility /Users/runner/Library/Developer/Xcode/DerivedData/Familienplaner-dmcrrzfthkjbwogvslwbznxtcpok/Build/Intermediates.noindex/ArchiveIntermediates/Familienplaner/InstallationBuildProductsLocation/Applications/Familienplaner.app/PlugIns/FamilienplanerShare.appex -signing-cert - -info-plist-path /Users/runner/Library/Developer/Xcode/DerivedData/Familienplaner-dmcrrzfthkjbwogvslwbznxtcpok/Build/Intermediates.noindex/ArchiveIntermediates/Familienplaner/InstallationBuildProductsLocation/Applications/Familienplaner.app/Info.plist

RegisterExecutionPolicyException /Users/runner/Library/Developer/Xcode/DerivedData/Familienplaner-dmcrrzfthkjbwogvslwbznxtcpok/Build/Intermediates.noindex/ArchiveIntermediates/Familienplaner/InstallationBuildProductsLocation/Applications/Familienplaner.app (in target 'Familienplaner' from project 'Familienplaner')
    cd /Users/runner/work/familienplaner/familienplaner
    builtin-RegisterExecutionPolicyException /Users/runner/Library/Developer/Xcode/DerivedData/Familienplaner-dmcrrzfthkjbwogvslwbznxtcpok/Build/Intermediates.noindex/ArchiveIntermediates/Familienplaner/InstallationBuildProductsLocation/Applications/Familienplaner.app

Validate /Users/runner/Library/Developer/Xcode/DerivedData/Familienplaner-dmcrrzfthkjbwogvslwbznxtcpok/Build/Intermediates.noindex/ArchiveIntermediates/Familienplaner/InstallationBuildProductsLocation/Applications/Familienplaner.app (in target 'Familienplaner' from project 'Familienplaner')
    cd /Users/runner/work/familienplaner/familienplaner
    builtin-validationUtility /Users/runner/Library/Developer/Xcode/DerivedData/Familienplaner-dmcrrzfthkjbwogvslwbznxtcpok/Build/Intermediates.noindex/ArchiveIntermediates/Familienplaner/InstallationBuildProductsLocation/Applications/Familienplaner.app -shallow-bundle -infoplist-subpath Info.plist

Touch /Users/runner/Library/Developer/Xcode/DerivedData/Familienplaner-dmcrrzfthkjbwogvslwbznxtcpok/Build/Intermediates.noindex/ArchiveIntermediates/Familienplaner/InstallationBuildProductsLocation/Applications/Familienplaner.app (in target 'Familienplaner' from project 'Familienplaner')
    cd /Users/runner/work/familienplaner/familienplaner
    /usr/bin/touch -c /Users/runner/Library/Developer/Xcode/DerivedData/Familienplaner-dmcrrzfthkjbwogvslwbznxtcpok/Build/Intermediates.noindex/ArchiveIntermediates/Familienplaner/InstallationBuildProductsLocation/Applications/Familienplaner.app

** ARCHIVE SUCCEEDED **

