Command line invocation:
    /Applications/Xcode_26.6.app/Contents/Developer/usr/bin/xcodebuild test -project Familienplaner.xcodeproj -scheme Familienplaner -destination id=841190F6-F927-4F0D-B152-62A06B4040CA "-only-testing:FamilienplanerUITests/ScreenshotTests" -resultBundlePath Shots.xcresult CODE_SIGNING_ALLOWED=NO

Build settings from command line:
    CODE_SIGNING_ALLOWED = NO

Writing result bundle at path:
	/Users/runner/work/familienplaner/familienplaner/Shots.xcresult

--- xcodebuild: WARNING: Using the first of multiple matching destinations:
{ platform:iOS Simulator, arch:arm64, id:841190F6-F927-4F0D-B152-62A06B4040CA, OS:26.5, name:iPhone 17 Pro Max }
{ platform:iOS Simulator, arch:x86_64, id:841190F6-F927-4F0D-B152-62A06B4040CA, OS:26.5, name:iPhone 17 Pro Max }
ComputePackagePrebuildTargetDependencyGraph

Prepare packages

CreateBuildRequest

SendProjectDescription

CreateBuildOperation

ComputeTargetDependencyGraph
note: Building targets in dependency order
note: Target dependency graph (7 targets)
    Target 'FamilienplanerUITests' in project 'Familienplaner'
        ➜ Explicit dependency on target 'Familienplaner' in project 'Familienplaner'
    Target 'FamilienplanerTests' in project 'Familienplaner'
        ➜ Explicit dependency on target 'Familienplaner' in project 'Familienplaner'
    Target 'Familienplaner' in project 'Familienplaner'
        ➜ Explicit dependency on target 'FamilienplanerWatch' in project 'Familienplaner'
        ➜ Explicit dependency on target 'FamilienplanerWidgets' in project 'Familienplaner'
        ➜ Explicit dependency on target 'FamilienplanerShare' in project 'Familienplaner'
    Target 'FamilienplanerShare' in project 'Familienplaner' (no dependencies)
    Target 'FamilienplanerWidgets' in project 'Familienplaner' (no dependencies)
    Target 'FamilienplanerWatch' in project 'Familienplaner'
        ➜ Explicit dependency on target 'FamilienplanerWatchWidgets' in project 'Familienplaner'
    Target 'FamilienplanerWatchWidgets' in project 'Familienplaner' (no dependencies)

GatherProvisioningInputs

CreateBuildDescription

ExecuteExternalTool /Applications/Xcode_26.6.app/Contents/Developer/Toolchains/XcodeDefault.xctoolchain/usr/bin/swiftc --version

ExecuteExternalTool /Applications/Xcode_26.6.app/Contents/Developer/usr/bin/actool --print-asset-tag-combinations --output-format xml1 /Users/runner/work/familienplaner/familienplaner/Watch/Assets.xcassets

ExecuteExternalTool /Applications/Xcode_26.6.app/Contents/Developer/usr/bin/momc --dry-run --action generate --swift-version 5.0 --sdkroot /Applications/Xcode_26.6.app/Contents/Developer/Platforms/iPhoneSimulator.platform/Developer/SDKs/iPhoneSimulator26.5.sdk --iphonesimulator-deployment-target 26.0 --module Familienplaner /Users/runner/work/familienplaner/familienplaner/Sources/Persistence/Familienplaner.xcdatamodeld /Users/runner/Library/Developer/Xcode/DerivedData/Familienplaner-dmcrrzfthkjbwogvslwbznxtcpok/Build/Intermediates.noindex/Familienplaner.build/Debug-iphonesimulator/Familienplaner.build/DerivedSources/CoreDataGenerated/Familienplaner

ExecuteExternalTool /Applications/Xcode_26.6.app/Contents/Developer/Toolchains/XcodeDefault.xctoolchain/usr/bin/clang -v -E -dM -isysroot /Applications/Xcode_26.6.app/Contents/Developer/Platforms/WatchSimulator.platform/Developer/SDKs/WatchSimulator26.5.sdk -x c -c /dev/null

ExecuteExternalTool /Applications/Xcode_26.6.app/Contents/Developer/usr/bin/actool --print-asset-tag-combinations --output-format xml1 /Users/runner/work/familienplaner/familienplaner/Assets/Assets.xcassets

ExecuteExternalTool /Applications/Xcode_26.6.app/Contents/Developer/Toolchains/XcodeDefault.xctoolchain/usr/bin/clang -v -E -dM -isysroot /Applications/Xcode_26.6.app/Contents/Developer/Platforms/iPhoneSimulator.platform/Developer/SDKs/iPhoneSimulator26.5.sdk -x c -c /dev/null

ExecuteExternalTool /Applications/Xcode_26.6.app/Contents/Developer/Toolchains/XcodeDefault.xctoolchain/usr/bin/ld -version_details

ExecuteExternalTool /Applications/Xcode_26.6.app/Contents/Developer/usr/bin/actool --version --output-format xml1

Build description signature: 1ab2b28ca15f539d1ccb425456b2dd24
Build description path: /Users/runner/Library/Developer/Xcode/DerivedData/Familienplaner-dmcrrzfthkjbwogvslwbznxtcpok/Build/Intermediates.noindex/XCBuildData/1ab2b28ca15f539d1ccb425456b2dd24.xcbuilddata
CreateBuildDirectory /Users/runner/Library/Developer/Xcode/DerivedData/Familienplaner-dmcrrzfthkjbwogvslwbznxtcpok/Build/Products
    cd /Users/runner/work/familienplaner/familienplaner/Familienplaner.xcodeproj
    builtin-create-build-directory /Users/runner/Library/Developer/Xcode/DerivedData/Familienplaner-dmcrrzfthkjbwogvslwbznxtcpok/Build/Products

CreateBuildDirectory /Users/runner/Library/Developer/Xcode/DerivedData/Familienplaner-dmcrrzfthkjbwogvslwbznxtcpok/Build/Intermediates.noindex
    cd /Users/runner/work/familienplaner/familienplaner/Familienplaner.xcodeproj
    builtin-create-build-directory /Users/runner/Library/Developer/Xcode/DerivedData/Familienplaner-dmcrrzfthkjbwogvslwbznxtcpok/Build/Intermediates.noindex

ClangStatCache /Applications/Xcode_26.6.app/Contents/Developer/Toolchains/XcodeDefault.xctoolchain/usr/bin/clang-stat-cache /Applications/Xcode_26.6.app/Contents/Developer/Platforms/iPhoneSimulator.platform/Developer/SDKs/iPhoneSimulator26.5.sdk /Users/runner/Library/Developer/Xcode/DerivedData/SDKStatCaches.noindex/iphonesimulator26.5-23F81a-688ef53f1462e2c8f657fdc38a81448ff45c64a1807a658693f2a61704f17a36.sdkstatcache
    cd /Users/runner/work/familienplaner/familienplaner/Familienplaner.xcodeproj
    /Applications/Xcode_26.6.app/Contents/Developer/Toolchains/XcodeDefault.xctoolchain/usr/bin/clang-stat-cache /Applications/Xcode_26.6.app/Contents/Developer/Platforms/iPhoneSimulator.platform/Developer/SDKs/iPhoneSimulator26.5.sdk -o /Users/runner/Library/Developer/Xcode/DerivedData/SDKStatCaches.noindex/iphonesimulator26.5-23F81a-688ef53f1462e2c8f657fdc38a81448ff45c64a1807a658693f2a61704f17a36.sdkstatcache

ClangStatCache /Applications/Xcode_26.6.app/Contents/Developer/Toolchains/XcodeDefault.xctoolchain/usr/bin/clang-stat-cache /Applications/Xcode_26.6.app/Contents/Developer/Platforms/WatchSimulator.platform/Developer/SDKs/WatchSimulator26.5.sdk /Users/runner/Library/Developer/Xcode/DerivedData/SDKStatCaches.noindex/watchsimulator26.5-23T570-688ef53f1462e2c8f657fdc38a81448f4ff5b3021fd2b02f145790f94936b2db.sdkstatcache
    cd /Users/runner/work/familienplaner/familienplaner/Familienplaner.xcodeproj
    /Applications/Xcode_26.6.app/Contents/Developer/Toolchains/XcodeDefault.xctoolchain/usr/bin/clang-stat-cache /Applications/Xcode_26.6.app/Contents/Developer/Platforms/WatchSimulator.platform/Developer/SDKs/WatchSimulator26.5.sdk -o /Users/runner/Library/Developer/Xcode/DerivedData/SDKStatCaches.noindex/watchsimulator26.5-23T570-688ef53f1462e2c8f657fdc38a81448f4ff5b3021fd2b02f145790f94936b2db.sdkstatcache

CreateBuildDirectory /Users/runner/Library/Developer/Xcode/DerivedData/Familienplaner-dmcrrzfthkjbwogvslwbznxtcpok/Build/Products/Debug-watchsimulator
    cd /Users/runner/work/familienplaner/familienplaner/Familienplaner.xcodeproj
    builtin-create-build-directory /Users/runner/Library/Developer/Xcode/DerivedData/Familienplaner-dmcrrzfthkjbwogvslwbznxtcpok/Build/Products/Debug-watchsimulator

CreateBuildDirectory /Users/runner/Library/Developer/Xcode/DerivedData/Familienplaner-dmcrrzfthkjbwogvslwbznxtcpok/Build/Products/Debug-iphonesimulator
    cd /Users/runner/work/familienplaner/familienplaner/Familienplaner.xcodeproj
    builtin-create-build-directory /Users/runner/Library/Developer/Xcode/DerivedData/Familienplaner-dmcrrzfthkjbwogvslwbznxtcpok/Build/Products/Debug-iphonesimulator

WriteAuxiliaryFile /Users/runner/Library/Developer/Xcode/DerivedData/Familienplaner-dmcrrzfthkjbwogvslwbznxtcpok/Build/Intermediates.noindex/Familienplaner.build/Debug-watchsimulator/Familienplaner-b8fda7acccebca4cd45f8325569eae6f-VFS-watchsimulator/all-product-headers.yaml
    cd /Users/runner/work/familienplaner/familienplaner/Familienplaner.xcodeproj
    write-file /Users/runner/Library/Developer/Xcode/DerivedData/Familienplaner-dmcrrzfthkjbwogvslwbznxtcpok/Build/Intermediates.noindex/Familienplaner.build/Debug-watchsimulator/Familienplaner-b8fda7acccebca4cd45f8325569eae6f-VFS-watchsimulator/all-product-headers.yaml

WriteAuxiliaryFile /Users/runner/Library/Developer/Xcode/DerivedData/Familienplaner-dmcrrzfthkjbwogvslwbznxtcpok/Build/Intermediates.noindex/Familienplaner.build/Debug-iphonesimulator/Familienplaner-b8fda7acccebca4cd45f8325569eae6f-VFS-iphonesimulator/all-product-headers.yaml
    cd /Users/runner/work/familienplaner/familienplaner/Familienplaner.xcodeproj
    write-file /Users/runner/Library/Developer/Xcode/DerivedData/Familienplaner-dmcrrzfthkjbwogvslwbznxtcpok/Build/Intermediates.noindex/Familienplaner.build/Debug-iphonesimulator/Familienplaner-b8fda7acccebca4cd45f8325569eae6f-VFS-iphonesimulator/all-product-headers.yaml

CreateBuildDirectory /Users/runner/Library/Developer/Xcode/DerivedData/Familienplaner-dmcrrzfthkjbwogvslwbznxtcpok/Build/Intermediates.noindex/SwiftExplicitPrecompiledModules
    cd /Users/runner/work/familienplaner/familienplaner/Familienplaner.xcodeproj
    builtin-create-build-directory /Users/runner/Library/Developer/Xcode/DerivedData/Familienplaner-dmcrrzfthkjbwogvslwbznxtcpok/Build/Intermediates.noindex/SwiftExplicitPrecompiledModules

CreateBuildDirectory /Users/runner/Library/Developer/Xcode/DerivedData/Familienplaner-dmcrrzfthkjbwogvslwbznxtcpok/Build/Intermediates.noindex/ExplicitPrecompiledModules
    cd /Users/runner/work/familienplaner/familienplaner/Familienplaner.xcodeproj
    builtin-create-build-directory /Users/runner/Library/Developer/Xcode/DerivedData/Familienplaner-dmcrrzfthkjbwogvslwbznxtcpok/Build/Intermediates.noindex/ExplicitPrecompiledModules

CreateBuildDirectory /Users/runner/Library/Developer/Xcode/DerivedData/Familienplaner-dmcrrzfthkjbwogvslwbznxtcpok/Build/Intermediates.noindex/EagerLinkingTBDs/Debug-watchsimulator
    cd /Users/runner/work/familienplaner/familienplaner/Familienplaner.xcodeproj
    builtin-create-build-directory /Users/runner/Library/Developer/Xcode/DerivedData/Familienplaner-dmcrrzfthkjbwogvslwbznxtcpok/Build/Intermediates.noindex/EagerLinkingTBDs/Debug-watchsimulator

CreateBuildDirectory /Users/runner/Library/Developer/Xcode/DerivedData/Familienplaner-dmcrrzfthkjbwogvslwbznxtcpok/Build/Intermediates.noindex/EagerLinkingTBDs/Debug-iphonesimulator
    cd /Users/runner/work/familienplaner/familienplaner/Familienplaner.xcodeproj
    builtin-create-build-directory /Users/runner/Library/Developer/Xcode/DerivedData/Familienplaner-dmcrrzfthkjbwogvslwbznxtcpok/Build/Intermediates.noindex/EagerLinkingTBDs/Debug-iphonesimulator

WriteAuxiliaryFile /Users/runner/Library/Developer/Xcode/DerivedData/Familienplaner-dmcrrzfthkjbwogvslwbznxtcpok/Build/Intermediates.noindex/Familienplaner.build/Debug-watchsimulator/FamilienplanerWatchWidgets.build/Objects-normal/x86_64/FamilienplanerWatchWidgets_const_extract_protocols.json (in target 'FamilienplanerWatchWidgets' from project 'Familienplaner')
    cd /Users/runner/work/familienplaner/familienplaner
    write-file /Users/runner/Library/Developer/Xcode/DerivedData/Familienplaner-dmcrrzfthkjbwogvslwbznxtcpok/Build/Intermediates.noindex/Familienplaner.build/Debug-watchsimulator/FamilienplanerWatchWidgets.build/Objects-normal/x86_64/FamilienplanerWatchWidgets_const_extract_protocols.json

WriteAuxiliaryFile /Users/runner/Library/Developer/Xcode/DerivedData/Familienplaner-dmcrrzfthkjbwogvslwbznxtcpok/Build/Intermediates.noindex/Familienplaner.build/Debug-iphonesimulator/FamilienplanerWidgets.build/Objects-normal/arm64/FamilienplanerWidgets_const_extract_protocols.json (in target 'FamilienplanerWidgets' from project 'Familienplaner')
    cd /Users/runner/work/familienplaner/familienplaner
    write-file /Users/runner/Library/Developer/Xcode/DerivedData/Familienplaner-dmcrrzfthkjbwogvslwbznxtcpok/Build/Intermediates.noindex/Familienplaner.build/Debug-iphonesimulator/FamilienplanerWidgets.build/Objects-normal/arm64/FamilienplanerWidgets_const_extract_protocols.json

WriteAuxiliaryFile /Users/runner/Library/Developer/Xcode/DerivedData/Familienplaner-dmcrrzfthkjbwogvslwbznxtcpok/Build/Intermediates.noindex/Familienplaner.build/Debug-iphonesimulator/FamilienplanerWidgets.build/Objects-normal/arm64/FamilienplanerWidgets.SwiftFileList (in target 'FamilienplanerWidgets' from project 'Familienplaner')
    cd /Users/runner/work/familienplaner/familienplaner
    write-file /Users/runner/Library/Developer/Xcode/DerivedData/Familienplaner-dmcrrzfthkjbwogvslwbznxtcpok/Build/Intermediates.noindex/Familienplaner.build/Debug-iphonesimulator/FamilienplanerWidgets.build/Objects-normal/arm64/FamilienplanerWidgets.SwiftFileList

WriteAuxiliaryFile /Users/runner/Library/Developer/Xcode/DerivedData/Familienplaner-dmcrrzfthkjbwogvslwbznxtcpok/Build/Intermediates.noindex/Familienplaner.build/Debug-iphonesimulator/FamilienplanerWidgets.build/Objects-normal/arm64/FamilienplanerWidgets.SwiftConstValuesFileList (in target 'FamilienplanerWidgets' from project 'Familienplaner')
    cd /Users/runner/work/familienplaner/familienplaner
    write-file /Users/runner/Library/Developer/Xcode/DerivedData/Familienplaner-dmcrrzfthkjbwogvslwbznxtcpok/Build/Intermediates.noindex/Familienplaner.build/Debug-iphonesimulator/FamilienplanerWidgets.build/Objects-normal/arm64/FamilienplanerWidgets.SwiftConstValuesFileList

WriteAuxiliaryFile /Users/runner/Library/Developer/Xcode/DerivedData/Familienplaner-dmcrrzfthkjbwogvslwbznxtcpok/Build/Intermediates.noindex/Familienplaner.build/Debug-iphonesimulator/FamilienplanerWidgets.build/Objects-normal/arm64/FamilienplanerWidgets.LinkFileList (in target 'FamilienplanerWidgets' from project 'Familienplaner')
    cd /Users/runner/work/familienplaner/familienplaner
    write-file /Users/runner/Library/Developer/Xcode/DerivedData/Familienplaner-dmcrrzfthkjbwogvslwbznxtcpok/Build/Intermediates.noindex/Familienplaner.build/Debug-iphonesimulator/FamilienplanerWidgets.build/Objects-normal/arm64/FamilienplanerWidgets.LinkFileList

WriteAuxiliaryFile /Users/runner/Library/Developer/Xcode/DerivedData/Familienplaner-dmcrrzfthkjbwogvslwbznxtcpok/Build/Intermediates.noindex/Familienplaner.build/Debug-iphonesimulator/FamilienplanerWidgets.build/Objects-normal/arm64/FamilienplanerWidgets-OutputFileMap.json (in target 'FamilienplanerWidgets' from project 'Familienplaner')
    cd /Users/runner/work/familienplaner/familienplaner
    write-file /Users/runner/Library/Developer/Xcode/DerivedData/Familienplaner-dmcrrzfthkjbwogvslwbznxtcpok/Build/Intermediates.noindex/Familienplaner.build/Debug-iphonesimulator/FamilienplanerWidgets.build/Objects-normal/arm64/FamilienplanerWidgets-OutputFileMap.json

WriteAuxiliaryFile /Users/runner/Library/Developer/Xcode/DerivedData/Familienplaner-dmcrrzfthkjbwogvslwbznxtcpok/Build/Intermediates.noindex/Familienplaner.build/Debug-iphonesimulator/FamilienplanerWidgets.build/FamilienplanerWidgets.hmap (in target 'FamilienplanerWidgets' from project 'Familienplaner')
    cd /Users/runner/work/familienplaner/familienplaner
    write-file /Users/runner/Library/Developer/Xcode/DerivedData/Familienplaner-dmcrrzfthkjbwogvslwbznxtcpok/Build/Intermediates.noindex/Familienplaner.build/Debug-iphonesimulator/FamilienplanerWidgets.build/FamilienplanerWidgets.hmap

WriteAuxiliaryFile /Users/runner/Library/Developer/Xcode/DerivedData/Familienplaner-dmcrrzfthkjbwogvslwbznxtcpok/Build/Intermediates.noindex/Familienplaner.build/Debug-iphonesimulator/FamilienplanerWidgets.build/FamilienplanerWidgets.DependencyStaticMetadataFileList (in target 'FamilienplanerWidgets' from project 'Familienplaner')
    cd /Users/runner/work/familienplaner/familienplaner
    write-file /Users/runner/Library/Developer/Xcode/DerivedData/Familienplaner-dmcrrzfthkjbwogvslwbznxtcpok/Build/Intermediates.noindex/Familienplaner.build/Debug-iphonesimulator/FamilienplanerWidgets.build/FamilienplanerWidgets.DependencyStaticMetadataFileList

WriteAuxiliaryFile /Users/runner/Library/Developer/Xcode/DerivedData/Familienplaner-dmcrrzfthkjbwogvslwbznxtcpok/Build/Intermediates.noindex/Familienplaner.build/Debug-iphonesimulator/FamilienplanerWidgets.build/FamilienplanerWidgets.DependencyMetadataFileList (in target 'FamilienplanerWidgets' from project 'Familienplaner')
    cd /Users/runner/work/familienplaner/familienplaner
    write-file /Users/runner/Library/Developer/Xcode/DerivedData/Familienplaner-dmcrrzfthkjbwogvslwbznxtcpok/Build/Intermediates.noindex/Familienplaner.build/Debug-iphonesimulator/FamilienplanerWidgets.build/FamilienplanerWidgets.DependencyMetadataFileList

WriteAuxiliaryFile /Users/runner/Library/Developer/Xcode/DerivedData/Familienplaner-dmcrrzfthkjbwogvslwbznxtcpok/Build/Intermediates.noindex/Familienplaner.build/Debug-iphonesimulator/FamilienplanerWidgets.build/FamilienplanerWidgets-project-headers.hmap (in target 'FamilienplanerWidgets' from project 'Familienplaner')
    cd /Users/runner/work/familienplaner/familienplaner
    write-file /Users/runner/Library/Developer/Xcode/DerivedData/Familienplaner-dmcrrzfthkjbwogvslwbznxtcpok/Build/Intermediates.noindex/Familienplaner.build/Debug-iphonesimulator/FamilienplanerWidgets.build/FamilienplanerWidgets-project-headers.hmap

WriteAuxiliaryFile /Users/runner/Library/Developer/Xcode/DerivedData/Familienplaner-dmcrrzfthkjbwogvslwbznxtcpok/Build/Intermediates.noindex/Familienplaner.build/Debug-iphonesimulator/FamilienplanerWidgets.build/FamilienplanerWidgets-own-target-headers.hmap (in target 'FamilienplanerWidgets' from project 'Familienplaner')
    cd /Users/runner/work/familienplaner/familienplaner
    write-file /Users/runner/Library/Developer/Xcode/DerivedData/Familienplaner-dmcrrzfthkjbwogvslwbznxtcpok/Build/Intermediates.noindex/Familienplaner.build/Debug-iphonesimulator/FamilienplanerWidgets.build/FamilienplanerWidgets-own-target-headers.hmap

WriteAuxiliaryFile /Users/runner/Library/Developer/Xcode/DerivedData/Familienplaner-dmcrrzfthkjbwogvslwbznxtcpok/Build/Intermediates.noindex/Familienplaner.build/Debug-iphonesimulator/FamilienplanerWidgets.build/FamilienplanerWidgets-generated-files.hmap (in target 'FamilienplanerWidgets' from project 'Familienplaner')
    cd /Users/runner/work/familienplaner/familienplaner
    write-file /Users/runner/Library/Developer/Xcode/DerivedData/Familienplaner-dmcrrzfthkjbwogvslwbznxtcpok/Build/Intermediates.noindex/Familienplaner.build/Debug-iphonesimulator/FamilienplanerWidgets.build/FamilienplanerWidgets-generated-files.hmap

WriteAuxiliaryFile /Users/runner/Library/Developer/Xcode/DerivedData/Familienplaner-dmcrrzfthkjbwogvslwbznxtcpok/Build/Intermediates.noindex/Familienplaner.build/Debug-iphonesimulator/FamilienplanerWidgets.build/FamilienplanerWidgets-all-target-headers.hmap (in target 'FamilienplanerWidgets' from project 'Familienplaner')
    cd /Users/runner/work/familienplaner/familienplaner
    write-file /Users/runner/Library/Developer/Xcode/DerivedData/Familienplaner-dmcrrzfthkjbwogvslwbznxtcpok/Build/Intermediates.noindex/Familienplaner.build/Debug-iphonesimulator/FamilienplanerWidgets.build/FamilienplanerWidgets-all-target-headers.hmap

WriteAuxiliaryFile /Users/runner/Library/Developer/Xcode/DerivedData/Familienplaner-dmcrrzfthkjbwogvslwbznxtcpok/Build/Intermediates.noindex/Familienplaner.build/Debug-iphonesimulator/FamilienplanerWidgets.build/FamilienplanerWidgets-all-non-framework-target-headers.hmap (in target 'FamilienplanerWidgets' from project 'Familienplaner')
    cd /Users/runner/work/familienplaner/familienplaner
    write-file /Users/runner/Library/Developer/Xcode/DerivedData/Familienplaner-dmcrrzfthkjbwogvslwbznxtcpok/Build/Intermediates.noindex/Familienplaner.build/Debug-iphonesimulator/FamilienplanerWidgets.build/FamilienplanerWidgets-all-non-framework-target-headers.hmap

WriteAuxiliaryFile /Users/runner/Library/Developer/Xcode/DerivedData/Familienplaner-dmcrrzfthkjbwogvslwbznxtcpok/Build/Intermediates.noindex/Familienplaner.build/Debug-iphonesimulator/FamilienplanerWidgets.build/FamilienplanerWidgets-DebugEntryPoint-normal-arm64.txt (in target 'FamilienplanerWidgets' from project 'Familienplaner')
    cd /Users/runner/work/familienplaner/familienplaner
    write-file /Users/runner/Library/Developer/Xcode/DerivedData/Familienplaner-dmcrrzfthkjbwogvslwbznxtcpok/Build/Intermediates.noindex/Familienplaner.build/Debug-iphonesimulator/FamilienplanerWidgets.build/FamilienplanerWidgets-DebugEntryPoint-normal-arm64.txt

WriteAuxiliaryFile /Users/runner/Library/Developer/Xcode/DerivedData/Familienplaner-dmcrrzfthkjbwogvslwbznxtcpok/Build/Intermediates.noindex/Familienplaner.build/Debug-iphonesimulator/FamilienplanerWidgets.build/FamilienplanerWidgets-DebugDylibPath-normal-arm64.txt (in target 'FamilienplanerWidgets' from project 'Familienplaner')
    cd /Users/runner/work/familienplaner/familienplaner
    write-file /Users/runner/Library/Developer/Xcode/DerivedData/Familienplaner-dmcrrzfthkjbwogvslwbznxtcpok/Build/Intermediates.noindex/Familienplaner.build/Debug-iphonesimulator/FamilienplanerWidgets.build/FamilienplanerWidgets-DebugDylibPath-normal-arm64.txt

WriteAuxiliaryFile /Users/runner/Library/Developer/Xcode/DerivedData/Familienplaner-dmcrrzfthkjbwogvslwbznxtcpok/Build/Intermediates.noindex/Familienplaner.build/Debug-iphonesimulator/FamilienplanerWidgets.build/FamilienplanerWidgets-DebugDylibInstallName-normal-arm64.txt (in target 'FamilienplanerWidgets' from project 'Familienplaner')
    cd /Users/runner/work/familienplaner/familienplaner
    write-file /Users/runner/Library/Developer/Xcode/DerivedData/Familienplaner-dmcrrzfthkjbwogvslwbznxtcpok/Build/Intermediates.noindex/Familienplaner.build/Debug-iphonesimulator/FamilienplanerWidgets.build/FamilienplanerWidgets-DebugDylibInstallName-normal-arm64.txt

WriteAuxiliaryFile /Users/runner/Library/Developer/Xcode/DerivedData/Familienplaner-dmcrrzfthkjbwogvslwbznxtcpok/Build/Intermediates.noindex/Familienplaner.build/Debug-watchsimulator/FamilienplanerWatchWidgets.build/Objects-normal/x86_64/FamilienplanerWatchWidgets.SwiftFileList (in target 'FamilienplanerWatchWidgets' from project 'Familienplaner')
    cd /Users/runner/work/familienplaner/familienplaner
    write-file /Users/runner/Library/Developer/Xcode/DerivedData/Familienplaner-dmcrrzfthkjbwogvslwbznxtcpok/Build/Intermediates.noindex/Familienplaner.build/Debug-watchsimulator/FamilienplanerWatchWidgets.build/Objects-normal/x86_64/FamilienplanerWatchWidgets.SwiftFileList

WriteAuxiliaryFile /Users/runner/Library/Developer/Xcode/DerivedData/Familienplaner-dmcrrzfthkjbwogvslwbznxtcpok/Build/Intermediates.noindex/Familienplaner.build/Debug-watchsimulator/FamilienplanerWatchWidgets.build/Objects-normal/x86_64/FamilienplanerWatchWidgets.SwiftConstValuesFileList (in target 'FamilienplanerWatchWidgets' from project 'Familienplaner')
    cd /Users/runner/work/familienplaner/familienplaner
    write-file /Users/runner/Library/Developer/Xcode/DerivedData/Familienplaner-dmcrrzfthkjbwogvslwbznxtcpok/Build/Intermediates.noindex/Familienplaner.build/Debug-watchsimulator/FamilienplanerWatchWidgets.build/Objects-normal/x86_64/FamilienplanerWatchWidgets.SwiftConstValuesFileList

WriteAuxiliaryFile /Users/runner/Library/Developer/Xcode/DerivedData/Familienplaner-dmcrrzfthkjbwogvslwbznxtcpok/Build/Intermediates.noindex/Familienplaner.build/Debug-watchsimulator/FamilienplanerWatchWidgets.build/Objects-normal/x86_64/FamilienplanerWatchWidgets.LinkFileList (in target 'FamilienplanerWatchWidgets' from project 'Familienplaner')
    cd /Users/runner/work/familienplaner/familienplaner
    write-file /Users/runner/Library/Developer/Xcode/DerivedData/Familienplaner-dmcrrzfthkjbwogvslwbznxtcpok/Build/Intermediates.noindex/Familienplaner.build/Debug-watchsimulator/FamilienplanerWatchWidgets.build/Objects-normal/x86_64/FamilienplanerWatchWidgets.LinkFileList

WriteAuxiliaryFile /Users/runner/Library/Developer/Xcode/DerivedData/Familienplaner-dmcrrzfthkjbwogvslwbznxtcpok/Build/Intermediates.noindex/Familienplaner.build/Debug-watchsimulator/FamilienplanerWatchWidgets.build/Objects-normal/x86_64/FamilienplanerWatchWidgets-OutputFileMap.json (in target 'FamilienplanerWatchWidgets' from project 'Familienplaner')
    cd /Users/runner/work/familienplaner/familienplaner
    write-file /Users/runner/Library/Developer/Xcode/DerivedData/Familienplaner-dmcrrzfthkjbwogvslwbznxtcpok/Build/Intermediates.noindex/Familienplaner.build/Debug-watchsimulator/FamilienplanerWatchWidgets.build/Objects-normal/x86_64/FamilienplanerWatchWidgets-OutputFileMap.json

WriteAuxiliaryFile /Users/runner/Library/Developer/Xcode/DerivedData/Familienplaner-dmcrrzfthkjbwogvslwbznxtcpok/Build/Intermediates.noindex/Familienplaner.build/Debug-watchsimulator/FamilienplanerWatchWidgets.build/Objects-normal/arm64/FamilienplanerWatchWidgets_const_extract_protocols.json (in target 'FamilienplanerWatchWidgets' from project 'Familienplaner')
    cd /Users/runner/work/familienplaner/familienplaner
    write-file /Users/runner/Library/Developer/Xcode/DerivedData/Familienplaner-dmcrrzfthkjbwogvslwbznxtcpok/Build/Intermediates.noindex/Familienplaner.build/Debug-watchsimulator/FamilienplanerWatchWidgets.build/Objects-normal/arm64/FamilienplanerWatchWidgets_const_extract_protocols.json

WriteAuxiliaryFile /Users/runner/Library/Developer/Xcode/DerivedData/Familienplaner-dmcrrzfthkjbwogvslwbznxtcpok/Build/Intermediates.noindex/Familienplaner.build/Debug-watchsimulator/FamilienplanerWatchWidgets.build/Objects-normal/arm64/FamilienplanerWatchWidgets.SwiftFileList (in target 'FamilienplanerWatchWidgets' from project 'Familienplaner')
    cd /Users/runner/work/familienplaner/familienplaner
    write-file /Users/runner/Library/Developer/Xcode/DerivedData/Familienplaner-dmcrrzfthkjbwogvslwbznxtcpok/Build/Intermediates.noindex/Familienplaner.build/Debug-watchsimulator/FamilienplanerWatchWidgets.build/Objects-normal/arm64/FamilienplanerWatchWidgets.SwiftFileList

WriteAuxiliaryFile /Users/runner/Library/Developer/Xcode/DerivedData/Familienplaner-dmcrrzfthkjbwogvslwbznxtcpok/Build/Intermediates.noindex/Familienplaner.build/Debug-watchsimulator/FamilienplanerWatchWidgets.build/Objects-normal/arm64/FamilienplanerWatchWidgets.SwiftConstValuesFileList (in target 'FamilienplanerWatchWidgets' from project 'Familienplaner')
    cd /Users/runner/work/familienplaner/familienplaner
    write-file /Users/runner/Library/Developer/Xcode/DerivedData/Familienplaner-dmcrrzfthkjbwogvslwbznxtcpok/Build/Intermediates.noindex/Familienplaner.build/Debug-watchsimulator/FamilienplanerWatchWidgets.build/Objects-normal/arm64/FamilienplanerWatchWidgets.SwiftConstValuesFileList

WriteAuxiliaryFile /Users/runner/Library/Developer/Xcode/DerivedData/Familienplaner-dmcrrzfthkjbwogvslwbznxtcpok/Build/Intermediates.noindex/Familienplaner.build/Debug-watchsimulator/FamilienplanerWatchWidgets.build/Objects-normal/arm64/FamilienplanerWatchWidgets.LinkFileList (in target 'FamilienplanerWatchWidgets' from project 'Familienplaner')
    cd /Users/runner/work/familienplaner/familienplaner
    write-file /Users/runner/Library/Developer/Xcode/DerivedData/Familienplaner-dmcrrzfthkjbwogvslwbznxtcpok/Build/Intermediates.noindex/Familienplaner.build/Debug-watchsimulator/FamilienplanerWatchWidgets.build/Objects-normal/arm64/FamilienplanerWatchWidgets.LinkFileList

WriteAuxiliaryFile /Users/runner/Library/Developer/Xcode/DerivedData/Familienplaner-dmcrrzfthkjbwogvslwbznxtcpok/Build/Intermediates.noindex/Familienplaner.build/Debug-watchsimulator/FamilienplanerWatchWidgets.build/Objects-normal/arm64/FamilienplanerWatchWidgets-OutputFileMap.json (in target 'FamilienplanerWatchWidgets' from project 'Familienplaner')
    cd /Users/runner/work/familienplaner/familienplaner
    write-file /Users/runner/Library/Developer/Xcode/DerivedData/Familienplaner-dmcrrzfthkjbwogvslwbznxtcpok/Build/Intermediates.noindex/Familienplaner.build/Debug-watchsimulator/FamilienplanerWatchWidgets.build/Objects-normal/arm64/FamilienplanerWatchWidgets-OutputFileMap.json

WriteAuxiliaryFile /Users/runner/Library/Developer/Xcode/DerivedData/Familienplaner-dmcrrzfthkjbwogvslwbznxtcpok/Build/Intermediates.noindex/Familienplaner.build/Debug-watchsimulator/FamilienplanerWatchWidgets.build/FamilienplanerWatchWidgets.hmap (in target 'FamilienplanerWatchWidgets' from project 'Familienplaner')
    cd /Users/runner/work/familienplaner/familienplaner
    write-file /Users/runner/Library/Developer/Xcode/DerivedData/Familienplaner-dmcrrzfthkjbwogvslwbznxtcpok/Build/Intermediates.noindex/Familienplaner.build/Debug-watchsimulator/FamilienplanerWatchWidgets.build/FamilienplanerWatchWidgets.hmap

WriteAuxiliaryFile /Users/runner/Library/Developer/Xcode/DerivedData/Familienplaner-dmcrrzfthkjbwogvslwbznxtcpok/Build/Intermediates.noindex/Familienplaner.build/Debug-watchsimulator/FamilienplanerWatchWidgets.build/FamilienplanerWatchWidgets.DependencyStaticMetadataFileList (in target 'FamilienplanerWatchWidgets' from project 'Familienplaner')
    cd /Users/runner/work/familienplaner/familienplaner
    write-file /Users/runner/Library/Developer/Xcode/DerivedData/Familienplaner-dmcrrzfthkjbwogvslwbznxtcpok/Build/Intermediates.noindex/Familienplaner.build/Debug-watchsimulator/FamilienplanerWatchWidgets.build/FamilienplanerWatchWidgets.DependencyStaticMetadataFileList

WriteAuxiliaryFile /Users/runner/Library/Developer/Xcode/DerivedData/Familienplaner-dmcrrzfthkjbwogvslwbznxtcpok/Build/Intermediates.noindex/Familienplaner.build/Debug-watchsimulator/FamilienplanerWatchWidgets.build/FamilienplanerWatchWidgets.DependencyMetadataFileList (in target 'FamilienplanerWatchWidgets' from project 'Familienplaner')
    cd /Users/runner/work/familienplaner/familienplaner
    write-file /Users/runner/Library/Developer/Xcode/DerivedData/Familienplaner-dmcrrzfthkjbwogvslwbznxtcpok/Build/Intermediates.noindex/Familienplaner.build/Debug-watchsimulator/FamilienplanerWatchWidgets.build/FamilienplanerWatchWidgets.DependencyMetadataFileList

WriteAuxiliaryFile /Users/runner/Library/Developer/Xcode/DerivedData/Familienplaner-dmcrrzfthkjbwogvslwbznxtcpok/Build/Intermediates.noindex/Familienplaner.build/Debug-watchsimulator/FamilienplanerWatchWidgets.build/FamilienplanerWatchWidgets-project-headers.hmap (in target 'FamilienplanerWatchWidgets' from project 'Familienplaner')
    cd /Users/runner/work/familienplaner/familienplaner
    write-file /Users/runner/Library/Developer/Xcode/DerivedData/Familienplaner-dmcrrzfthkjbwogvslwbznxtcpok/Build/Intermediates.noindex/Familienplaner.build/Debug-watchsimulator/FamilienplanerWatchWidgets.build/FamilienplanerWatchWidgets-project-headers.hmap

WriteAuxiliaryFile /Users/runner/Library/Developer/Xcode/DerivedData/Familienplaner-dmcrrzfthkjbwogvslwbznxtcpok/Build/Intermediates.noindex/Familienplaner.build/Debug-watchsimulator/FamilienplanerWatchWidgets.build/FamilienplanerWatchWidgets-own-target-headers.hmap (in target 'FamilienplanerWatchWidgets' from project 'Familienplaner')
    cd /Users/runner/work/familienplaner/familienplaner
    write-file /Users/runner/Library/Developer/Xcode/DerivedData/Familienplaner-dmcrrzfthkjbwogvslwbznxtcpok/Build/Intermediates.noindex/Familienplaner.build/Debug-watchsimulator/FamilienplanerWatchWidgets.build/FamilienplanerWatchWidgets-own-target-headers.hmap

WriteAuxiliaryFile /Users/runner/Library/Developer/Xcode/DerivedData/Familienplaner-dmcrrzfthkjbwogvslwbznxtcpok/Build/Intermediates.noindex/Familienplaner.build/Debug-watchsimulator/FamilienplanerWatchWidgets.build/FamilienplanerWatchWidgets-generated-files.hmap (in target 'FamilienplanerWatchWidgets' from project 'Familienplaner')
    cd /Users/runner/work/familienplaner/familienplaner
    write-file /Users/runner/Library/Developer/Xcode/DerivedData/Familienplaner-dmcrrzfthkjbwogvslwbznxtcpok/Build/Intermediates.noindex/Familienplaner.build/Debug-watchsimulator/FamilienplanerWatchWidgets.build/FamilienplanerWatchWidgets-generated-files.hmap

WriteAuxiliaryFile /Users/runner/Library/Developer/Xcode/DerivedData/Familienplaner-dmcrrzfthkjbwogvslwbznxtcpok/Build/Intermediates.noindex/Familienplaner.build/Debug-watchsimulator/FamilienplanerWatchWidgets.build/FamilienplanerWatchWidgets-all-target-headers.hmap (in target 'FamilienplanerWatchWidgets' from project 'Familienplaner')
    cd /Users/runner/work/familienplaner/familienplaner
    write-file /Users/runner/Library/Developer/Xcode/DerivedData/Familienplaner-dmcrrzfthkjbwogvslwbznxtcpok/Build/Intermediates.noindex/Familienplaner.build/Debug-watchsimulator/FamilienplanerWatchWidgets.build/FamilienplanerWatchWidgets-all-target-headers.hmap

WriteAuxiliaryFile /Users/runner/Library/Developer/Xcode/DerivedData/Familienplaner-dmcrrzfthkjbwogvslwbznxtcpok/Build/Intermediates.noindex/Familienplaner.build/Debug-watchsimulator/FamilienplanerWatchWidgets.build/FamilienplanerWatchWidgets-all-non-framework-target-headers.hmap (in target 'FamilienplanerWatchWidgets' from project 'Familienplaner')
    cd /Users/runner/work/familienplaner/familienplaner
    write-file /Users/runner/Library/Developer/Xcode/DerivedData/Familienplaner-dmcrrzfthkjbwogvslwbznxtcpok/Build/Intermediates.noindex/Familienplaner.build/Debug-watchsimulator/FamilienplanerWatchWidgets.build/FamilienplanerWatchWidgets-all-non-framework-target-headers.hmap

WriteAuxiliaryFile /Users/runner/Library/Developer/Xcode/DerivedData/Familienplaner-dmcrrzfthkjbwogvslwbznxtcpok/Build/Intermediates.noindex/Familienplaner.build/Debug-watchsimulator/FamilienplanerWatchWidgets.build/FamilienplanerWatchWidgets-DebugEntryPoint-normal-x86_64.txt (in target 'FamilienplanerWatchWidgets' from project 'Familienplaner')
    cd /Users/runner/work/familienplaner/familienplaner
    write-file /Users/runner/Library/Developer/Xcode/DerivedData/Familienplaner-dmcrrzfthkjbwogvslwbznxtcpok/Build/Intermediates.noindex/Familienplaner.build/Debug-watchsimulator/FamilienplanerWatchWidgets.build/FamilienplanerWatchWidgets-DebugEntryPoint-normal-x86_64.txt

WriteAuxiliaryFile /Users/runner/Library/Developer/Xcode/DerivedData/Familienplaner-dmcrrzfthkjbwogvslwbznxtcpok/Build/Intermediates.noindex/Familienplaner.build/Debug-watchsimulator/FamilienplanerWatchWidgets.build/FamilienplanerWatchWidgets-DebugEntryPoint-normal-arm64.txt (in target 'FamilienplanerWatchWidgets' from project 'Familienplaner')
    cd /Users/runner/work/familienplaner/familienplaner
    write-file /Users/runner/Library/Developer/Xcode/DerivedData/Familienplaner-dmcrrzfthkjbwogvslwbznxtcpok/Build/Intermediates.noindex/Familienplaner.build/Debug-watchsimulator/FamilienplanerWatchWidgets.build/FamilienplanerWatchWidgets-DebugEntryPoint-normal-arm64.txt

WriteAuxiliaryFile /Users/runner/Library/Developer/Xcode/DerivedData/Familienplaner-dmcrrzfthkjbwogvslwbznxtcpok/Build/Intermediates.noindex/Familienplaner.build/Debug-watchsimulator/FamilienplanerWatchWidgets.build/FamilienplanerWatchWidgets-DebugDylibPath-normal-x86_64.txt (in target 'FamilienplanerWatchWidgets' from project 'Familienplaner')
    cd /Users/runner/work/familienplaner/familienplaner
    write-file /Users/runner/Library/Developer/Xcode/DerivedData/Familienplaner-dmcrrzfthkjbwogvslwbznxtcpok/Build/Intermediates.noindex/Familienplaner.build/Debug-watchsimulator/FamilienplanerWatchWidgets.build/FamilienplanerWatchWidgets-DebugDylibPath-normal-x86_64.txt

WriteAuxiliaryFile /Users/runner/Library/Developer/Xcode/DerivedData/Familienplaner-dmcrrzfthkjbwogvslwbznxtcpok/Build/Intermediates.noindex/Familienplaner.build/Debug-watchsimulator/FamilienplanerWatchWidgets.build/FamilienplanerWatchWidgets-DebugDylibPath-normal-arm64.txt (in target 'FamilienplanerWatchWidgets' from project 'Familienplaner')
    cd /Users/runner/work/familienplaner/familienplaner
    write-file /Users/runner/Library/Developer/Xcode/DerivedData/Familienplaner-dmcrrzfthkjbwogvslwbznxtcpok/Build/Intermediates.noindex/Familienplaner.build/Debug-watchsimulator/FamilienplanerWatchWidgets.build/FamilienplanerWatchWidgets-DebugDylibPath-normal-arm64.txt

WriteAuxiliaryFile /Users/runner/Library/Developer/Xcode/DerivedData/Familienplaner-dmcrrzfthkjbwogvslwbznxtcpok/Build/Intermediates.noindex/Familienplaner.build/Debug-watchsimulator/FamilienplanerWatchWidgets.build/FamilienplanerWatchWidgets-DebugDylibInstallName-normal-x86_64.txt (in target 'FamilienplanerWatchWidgets' from project 'Familienplaner')
    cd /Users/runner/work/familienplaner/familienplaner
    write-file /Users/runner/Library/Developer/Xcode/DerivedData/Familienplaner-dmcrrzfthkjbwogvslwbznxtcpok/Build/Intermediates.noindex/Familienplaner.build/Debug-watchsimulator/FamilienplanerWatchWidgets.build/FamilienplanerWatchWidgets-DebugDylibInstallName-normal-x86_64.txt

WriteAuxiliaryFile /Users/runner/Library/Developer/Xcode/DerivedData/Familienplaner-dmcrrzfthkjbwogvslwbznxtcpok/Build/Intermediates.noindex/Familienplaner.build/Debug-watchsimulator/FamilienplanerWatchWidgets.build/FamilienplanerWatchWidgets-DebugDylibInstallName-normal-arm64.txt (in target 'FamilienplanerWatchWidgets' from project 'Familienplaner')
    cd /Users/runner/work/familienplaner/familienplaner
    write-file /Users/runner/Library/Developer/Xcode/DerivedData/Familienplaner-dmcrrzfthkjbwogvslwbznxtcpok/Build/Intermediates.noindex/Familienplaner.build/Debug-watchsimulator/FamilienplanerWatchWidgets.build/FamilienplanerWatchWidgets-DebugDylibInstallName-normal-arm64.txt

MkDir /Users/runner/Library/Developer/Xcode/DerivedData/Familienplaner-dmcrrzfthkjbwogvslwbznxtcpok/Build/Products/Debug-iphonesimulator/FamilienplanerWidgets.appex (in target 'FamilienplanerWidgets' from project 'Familienplaner')
    cd /Users/runner/work/familienplaner/familienplaner
    /bin/mkdir -p /Users/runner/Library/Developer/Xcode/DerivedData/Familienplaner-dmcrrzfthkjbwogvslwbznxtcpok/Build/Products/Debug-iphonesimulator/FamilienplanerWidgets.appex

MkDir /Users/runner/Library/Developer/Xcode/DerivedData/Familienplaner-dmcrrzfthkjbwogvslwbznxtcpok/Build/Products/Debug-watchsimulator/FamilienplanerWatchWidgets.appex (in target 'FamilienplanerWatchWidgets' from project 'Familienplaner')
    cd /Users/runner/work/familienplaner/familienplaner
    /bin/mkdir -p /Users/runner/Library/Developer/Xcode/DerivedData/Familienplaner-dmcrrzfthkjbwogvslwbznxtcpok/Build/Products/Debug-watchsimulator/FamilienplanerWatchWidgets.appex

WriteAuxiliaryFile /Users/runner/Library/Developer/Xcode/DerivedData/Familienplaner-dmcrrzfthkjbwogvslwbznxtcpok/Build/Intermediates.noindex/Familienplaner.build/Debug-watchsimulator/FamilienplanerWatch.build/Objects-normal/x86_64/FamilienplanerWatch_const_extract_protocols.json (in target 'FamilienplanerWatch' from project 'Familienplaner')
    cd /Users/runner/work/familienplaner/familienplaner
    write-file /Users/runner/Library/Developer/Xcode/DerivedData/Familienplaner-dmcrrzfthkjbwogvslwbznxtcpok/Build/Intermediates.noindex/Familienplaner.build/Debug-watchsimulator/FamilienplanerWatch.build/Objects-normal/x86_64/FamilienplanerWatch_const_extract_protocols.json

WriteAuxiliaryFile /Users/runner/Library/Developer/Xcode/DerivedData/Familienplaner-dmcrrzfthkjbwogvslwbznxtcpok/Build/Intermediates.noindex/Familienplaner.build/Debug-watchsimulator/FamilienplanerWatch.build/Objects-normal/x86_64/FamilienplanerWatch.SwiftFileList (in target 'FamilienplanerWatch' from project 'Familienplaner')
    cd /Users/runner/work/familienplaner/familienplaner
    write-file /Users/runner/Library/Developer/Xcode/DerivedData/Familienplaner-dmcrrzfthkjbwogvslwbznxtcpok/Build/Intermediates.noindex/Familienplaner.build/Debug-watchsimulator/FamilienplanerWatch.build/Objects-normal/x86_64/FamilienplanerWatch.SwiftFileList

WriteAuxiliaryFile /Users/runner/Library/Developer/Xcode/DerivedData/Familienplaner-dmcrrzfthkjbwogvslwbznxtcpok/Build/Intermediates.noindex/Familienplaner.build/Debug-watchsimulator/FamilienplanerWatch.build/Objects-normal/x86_64/FamilienplanerWatch.SwiftConstValuesFileList (in target 'FamilienplanerWatch' from project 'Familienplaner')
    cd /Users/runner/work/familienplaner/familienplaner
    write-file /Users/runner/Library/Developer/Xcode/DerivedData/Familienplaner-dmcrrzfthkjbwogvslwbznxtcpok/Build/Intermediates.noindex/Familienplaner.build/Debug-watchsimulator/FamilienplanerWatch.build/Objects-normal/x86_64/FamilienplanerWatch.SwiftConstValuesFileList

WriteAuxiliaryFile /Users/runner/Library/Developer/Xcode/DerivedData/Familienplaner-dmcrrzfthkjbwogvslwbznxtcpok/Build/Intermediates.noindex/Familienplaner.build/Debug-watchsimulator/FamilienplanerWatch.build/Objects-normal/x86_64/FamilienplanerWatch.LinkFileList (in target 'FamilienplanerWatch' from project 'Familienplaner')
    cd /Users/runner/work/familienplaner/familienplaner
    write-file /Users/runner/Library/Developer/Xcode/DerivedData/Familienplaner-dmcrrzfthkjbwogvslwbznxtcpok/Build/Intermediates.noindex/Familienplaner.build/Debug-watchsimulator/FamilienplanerWatch.build/Objects-normal/x86_64/FamilienplanerWatch.LinkFileList

WriteAuxiliaryFile /Users/runner/Library/Developer/Xcode/DerivedData/Familienplaner-dmcrrzfthkjbwogvslwbznxtcpok/Build/Intermediates.noindex/Familienplaner.build/Debug-watchsimulator/FamilienplanerWatch.build/Objects-normal/x86_64/FamilienplanerWatch-OutputFileMap.json (in target 'FamilienplanerWatch' from project 'Familienplaner')
    cd /Users/runner/work/familienplaner/familienplaner
    write-file /Users/runner/Library/Developer/Xcode/DerivedData/Familienplaner-dmcrrzfthkjbwogvslwbznxtcpok/Build/Intermediates.noindex/Familienplaner.build/Debug-watchsimulator/FamilienplanerWatch.build/Objects-normal/x86_64/FamilienplanerWatch-OutputFileMap.json

WriteAuxiliaryFile /Users/runner/Library/Developer/Xcode/DerivedData/Familienplaner-dmcrrzfthkjbwogvslwbznxtcpok/Build/Intermediates.noindex/Familienplaner.build/Debug-watchsimulator/FamilienplanerWatch.build/Objects-normal/arm64/FamilienplanerWatch_const_extract_protocols.json (in target 'FamilienplanerWatch' from project 'Familienplaner')
    cd /Users/runner/work/familienplaner/familienplaner
    write-file /Users/runner/Library/Developer/Xcode/DerivedData/Familienplaner-dmcrrzfthkjbwogvslwbznxtcpok/Build/Intermediates.noindex/Familienplaner.build/Debug-watchsimulator/FamilienplanerWatch.build/Objects-normal/arm64/FamilienplanerWatch_const_extract_protocols.json

WriteAuxiliaryFile /Users/runner/Library/Developer/Xcode/DerivedData/Familienplaner-dmcrrzfthkjbwogvslwbznxtcpok/Build/Intermediates.noindex/Familienplaner.build/Debug-watchsimulator/FamilienplanerWatch.build/Objects-normal/arm64/FamilienplanerWatch.SwiftFileList (in target 'FamilienplanerWatch' from project 'Familienplaner')
    cd /Users/runner/work/familienplaner/familienplaner
    write-file /Users/runner/Library/Developer/Xcode/DerivedData/Familienplaner-dmcrrzfthkjbwogvslwbznxtcpok/Build/Intermediates.noindex/Familienplaner.build/Debug-watchsimulator/FamilienplanerWatch.build/Objects-normal/arm64/FamilienplanerWatch.SwiftFileList

WriteAuxiliaryFile /Users/runner/Library/Developer/Xcode/DerivedData/Familienplaner-dmcrrzfthkjbwogvslwbznxtcpok/Build/Intermediates.noindex/Familienplaner.build/Debug-watchsimulator/FamilienplanerWatch.build/Objects-normal/arm64/FamilienplanerWatch.SwiftConstValuesFileList (in target 'FamilienplanerWatch' from project 'Familienplaner')
    cd /Users/runner/work/familienplaner/familienplaner
    write-file /Users/runner/Library/Developer/Xcode/DerivedData/Familienplaner-dmcrrzfthkjbwogvslwbznxtcpok/Build/Intermediates.noindex/Familienplaner.build/Debug-watchsimulator/FamilienplanerWatch.build/Objects-normal/arm64/FamilienplanerWatch.SwiftConstValuesFileList

WriteAuxiliaryFile /Users/runner/Library/Developer/Xcode/DerivedData/Familienplaner-dmcrrzfthkjbwogvslwbznxtcpok/Build/Intermediates.noindex/Familienplaner.build/Debug-watchsimulator/FamilienplanerWatch.build/Objects-normal/arm64/FamilienplanerWatch.LinkFileList (in target 'FamilienplanerWatch' from project 'Familienplaner')
    cd /Users/runner/work/familienplaner/familienplaner
    write-file /Users/runner/Library/Developer/Xcode/DerivedData/Familienplaner-dmcrrzfthkjbwogvslwbznxtcpok/Build/Intermediates.noindex/Familienplaner.build/Debug-watchsimulator/FamilienplanerWatch.build/Objects-normal/arm64/FamilienplanerWatch.LinkFileList

WriteAuxiliaryFile /Users/runner/Library/Developer/Xcode/DerivedData/Familienplaner-dmcrrzfthkjbwogvslwbznxtcpok/Build/Intermediates.noindex/Familienplaner.build/Debug-watchsimulator/FamilienplanerWatch.build/Objects-normal/arm64/FamilienplanerWatch-OutputFileMap.json (in target 'FamilienplanerWatch' from project 'Familienplaner')
    cd /Users/runner/work/familienplaner/familienplaner
    write-file /Users/runner/Library/Developer/Xcode/DerivedData/Familienplaner-dmcrrzfthkjbwogvslwbznxtcpok/Build/Intermediates.noindex/Familienplaner.build/Debug-watchsimulator/FamilienplanerWatch.build/Objects-normal/arm64/FamilienplanerWatch-OutputFileMap.json

WriteAuxiliaryFile /Users/runner/Library/Developer/Xcode/DerivedData/Familienplaner-dmcrrzfthkjbwogvslwbznxtcpok/Build/Intermediates.noindex/Familienplaner.build/Debug-watchsimulator/FamilienplanerWatch.build/FamilienplanerWatch.hmap (in target 'FamilienplanerWatch' from project 'Familienplaner')
    cd /Users/runner/work/familienplaner/familienplaner
    write-file /Users/runner/Library/Developer/Xcode/DerivedData/Familienplaner-dmcrrzfthkjbwogvslwbznxtcpok/Build/Intermediates.noindex/Familienplaner.build/Debug-watchsimulator/FamilienplanerWatch.build/FamilienplanerWatch.hmap

WriteAuxiliaryFile /Users/runner/Library/Developer/Xcode/DerivedData/Familienplaner-dmcrrzfthkjbwogvslwbznxtcpok/Build/Intermediates.noindex/Familienplaner.build/Debug-watchsimulator/FamilienplanerWatch.build/FamilienplanerWatch.DependencyStaticMetadataFileList (in target 'FamilienplanerWatch' from project 'Familienplaner')
    cd /Users/runner/work/familienplaner/familienplaner
    write-file /Users/runner/Library/Developer/Xcode/DerivedData/Familienplaner-dmcrrzfthkjbwogvslwbznxtcpok/Build/Intermediates.noindex/Familienplaner.build/Debug-watchsimulator/FamilienplanerWatch.build/FamilienplanerWatch.DependencyStaticMetadataFileList

WriteAuxiliaryFile /Users/runner/Library/Developer/Xcode/DerivedData/Familienplaner-dmcrrzfthkjbwogvslwbznxtcpok/Build/Intermediates.noindex/Familienplaner.build/Debug-watchsimulator/FamilienplanerWatch.build/FamilienplanerWatch.DependencyMetadataFileList (in target 'FamilienplanerWatch' from project 'Familienplaner')
    cd /Users/runner/work/familienplaner/familienplaner
    write-file /Users/runner/Library/Developer/Xcode/DerivedData/Familienplaner-dmcrrzfthkjbwogvslwbznxtcpok/Build/Intermediates.noindex/Familienplaner.build/Debug-watchsimulator/FamilienplanerWatch.build/FamilienplanerWatch.DependencyMetadataFileList

WriteAuxiliaryFile /Users/runner/Library/Developer/Xcode/DerivedData/Familienplaner-dmcrrzfthkjbwogvslwbznxtcpok/Build/Intermediates.noindex/Familienplaner.build/Debug-watchsimulator/FamilienplanerWatch.build/FamilienplanerWatch-project-headers.hmap (in target 'FamilienplanerWatch' from project 'Familienplaner')
    cd /Users/runner/work/familienplaner/familienplaner
    write-file /Users/runner/Library/Developer/Xcode/DerivedData/Familienplaner-dmcrrzfthkjbwogvslwbznxtcpok/Build/Intermediates.noindex/Familienplaner.build/Debug-watchsimulator/FamilienplanerWatch.build/FamilienplanerWatch-project-headers.hmap

WriteAuxiliaryFile /Users/runner/Library/Developer/Xcode/DerivedData/Familienplaner-dmcrrzfthkjbwogvslwbznxtcpok/Build/Intermediates.noindex/Familienplaner.build/Debug-watchsimulator/FamilienplanerWatch.build/FamilienplanerWatch-own-target-headers.hmap (in target 'FamilienplanerWatch' from project 'Familienplaner')
    cd /Users/runner/work/familienplaner/familienplaner
    write-file /Users/runner/Library/Developer/Xcode/DerivedData/Familienplaner-dmcrrzfthkjbwogvslwbznxtcpok/Build/Intermediates.noindex/Familienplaner.build/Debug-watchsimulator/FamilienplanerWatch.build/FamilienplanerWatch-own-target-headers.hmap

WriteAuxiliaryFile /Users/runner/Library/Developer/Xcode/DerivedData/Familienplaner-dmcrrzfthkjbwogvslwbznxtcpok/Build/Intermediates.noindex/Familienplaner.build/Debug-watchsimulator/FamilienplanerWatch.build/FamilienplanerWatch-generated-files.hmap (in target 'FamilienplanerWatch' from project 'Familienplaner')
    cd /Users/runner/work/familienplaner/familienplaner
    write-file /Users/runner/Library/Developer/Xcode/DerivedData/Familienplaner-dmcrrzfthkjbwogvslwbznxtcpok/Build/Intermediates.noindex/Familienplaner.build/Debug-watchsimulator/FamilienplanerWatch.build/FamilienplanerWatch-generated-files.hmap

WriteAuxiliaryFile /Users/runner/Library/Developer/Xcode/DerivedData/Familienplaner-dmcrrzfthkjbwogvslwbznxtcpok/Build/Intermediates.noindex/Familienplaner.build/Debug-watchsimulator/FamilienplanerWatch.build/FamilienplanerWatch-all-target-headers.hmap (in target 'FamilienplanerWatch' from project 'Familienplaner')
    cd /Users/runner/work/familienplaner/familienplaner
    write-file /Users/runner/Library/Developer/Xcode/DerivedData/Familienplaner-dmcrrzfthkjbwogvslwbznxtcpok/Build/Intermediates.noindex/Familienplaner.build/Debug-watchsimulator/FamilienplanerWatch.build/FamilienplanerWatch-all-target-headers.hmap

WriteAuxiliaryFile /Users/runner/Library/Developer/Xcode/DerivedData/Familienplaner-dmcrrzfthkjbwogvslwbznxtcpok/Build/Intermediates.noindex/Familienplaner.build/Debug-watchsimulator/FamilienplanerWatch.build/FamilienplanerWatch-all-non-framework-target-headers.hmap (in target 'FamilienplanerWatch' from project 'Familienplaner')
    cd /Users/runner/work/familienplaner/familienplaner
    write-file /Users/runner/Library/Developer/Xcode/DerivedData/Familienplaner-dmcrrzfthkjbwogvslwbznxtcpok/Build/Intermediates.noindex/Familienplaner.build/Debug-watchsimulator/FamilienplanerWatch.build/FamilienplanerWatch-all-non-framework-target-headers.hmap

WriteAuxiliaryFile /Users/runner/Library/Developer/Xcode/DerivedData/Familienplaner-dmcrrzfthkjbwogvslwbznxtcpok/Build/Intermediates.noindex/Familienplaner.build/Debug-watchsimulator/FamilienplanerWatch.build/FamilienplanerWatch-DebugDylibPath-normal-x86_64.txt (in target 'FamilienplanerWatch' from project 'Familienplaner')
    cd /Users/runner/work/familienplaner/familienplaner
    write-file /Users/runner/Library/Developer/Xcode/DerivedData/Familienplaner-dmcrrzfthkjbwogvslwbznxtcpok/Build/Intermediates.noindex/Familienplaner.build/Debug-watchsimulator/FamilienplanerWatch.build/FamilienplanerWatch-DebugDylibPath-normal-x86_64.txt

WriteAuxiliaryFile /Users/runner/Library/Developer/Xcode/DerivedData/Familienplaner-dmcrrzfthkjbwogvslwbznxtcpok/Build/Intermediates.noindex/Familienplaner.build/Debug-watchsimulator/FamilienplanerWatch.build/FamilienplanerWatch-DebugDylibPath-normal-arm64.txt (in target 'FamilienplanerWatch' from project 'Familienplaner')
    cd /Users/runner/work/familienplaner/familienplaner
    write-file /Users/runner/Library/Developer/Xcode/DerivedData/Familienplaner-dmcrrzfthkjbwogvslwbznxtcpok/Build/Intermediates.noindex/Familienplaner.build/Debug-watchsimulator/FamilienplanerWatch.build/FamilienplanerWatch-DebugDylibPath-normal-arm64.txt

WriteAuxiliaryFile /Users/runner/Library/Developer/Xcode/DerivedData/Familienplaner-dmcrrzfthkjbwogvslwbznxtcpok/Build/Intermediates.noindex/Familienplaner.build/Debug-watchsimulator/FamilienplanerWatch.build/FamilienplanerWatch-DebugDylibInstallName-normal-x86_64.txt (in target 'FamilienplanerWatch' from project 'Familienplaner')
    cd /Users/runner/work/familienplaner/familienplaner
    write-file /Users/runner/Library/Developer/Xcode/DerivedData/Familienplaner-dmcrrzfthkjbwogvslwbznxtcpok/Build/Intermediates.noindex/Familienplaner.build/Debug-watchsimulator/FamilienplanerWatch.build/FamilienplanerWatch-DebugDylibInstallName-normal-x86_64.txt

WriteAuxiliaryFile /Users/runner/Library/Developer/Xcode/DerivedData/Familienplaner-dmcrrzfthkjbwogvslwbznxtcpok/Build/Intermediates.noindex/Familienplaner.build/Debug-watchsimulator/FamilienplanerWatch.build/FamilienplanerWatch-DebugDylibInstallName-normal-arm64.txt (in target 'FamilienplanerWatch' from project 'Familienplaner')
    cd /Users/runner/work/familienplaner/familienplaner
    write-file /Users/runner/Library/Developer/Xcode/DerivedData/Familienplaner-dmcrrzfthkjbwogvslwbznxtcpok/Build/Intermediates.noindex/Familienplaner.build/Debug-watchsimulator/FamilienplanerWatch.build/FamilienplanerWatch-DebugDylibInstallName-normal-arm64.txt

WriteAuxiliaryFile /Users/runner/Library/Developer/Xcode/DerivedData/Familienplaner-dmcrrzfthkjbwogvslwbznxtcpok/Build/Intermediates.noindex/Familienplaner.build/Debug-iphonesimulator/FamilienplanerUITests.build/empty-FamilienplanerUITests.plist (in target 'FamilienplanerUITests' from project 'Familienplaner')
    cd /Users/runner/work/familienplaner/familienplaner
    write-file /Users/runner/Library/Developer/Xcode/DerivedData/Familienplaner-dmcrrzfthkjbwogvslwbznxtcpok/Build/Intermediates.noindex/Familienplaner.build/Debug-iphonesimulator/FamilienplanerUITests.build/empty-FamilienplanerUITests.plist

WriteAuxiliaryFile /Users/runner/Library/Developer/Xcode/DerivedData/Familienplaner-dmcrrzfthkjbwogvslwbznxtcpok/Build/Intermediates.noindex/Familienplaner.build/Debug-iphonesimulator/FamilienplanerUITests.build/ProductTypeInfoPlistAdditions.plist (in target 'FamilienplanerUITests' from project 'Familienplaner')
    cd /Users/runner/work/familienplaner/familienplaner
    write-file /Users/runner/Library/Developer/Xcode/DerivedData/Familienplaner-dmcrrzfthkjbwogvslwbznxtcpok/Build/Intermediates.noindex/Familienplaner.build/Debug-iphonesimulator/FamilienplanerUITests.build/ProductTypeInfoPlistAdditions.plist

WriteAuxiliaryFile /Users/runner/Library/Developer/Xcode/DerivedData/Familienplaner-dmcrrzfthkjbwogvslwbznxtcpok/Build/Intermediates.noindex/Familienplaner.build/Debug-iphonesimulator/FamilienplanerUITests.build/Objects-normal/arm64/FamilienplanerUITests_const_extract_protocols.json (in target 'FamilienplanerUITests' from project 'Familienplaner')
    cd /Users/runner/work/familienplaner/familienplaner
    write-file /Users/runner/Library/Developer/Xcode/DerivedData/Familienplaner-dmcrrzfthkjbwogvslwbznxtcpok/Build/Intermediates.noindex/Familienplaner.build/Debug-iphonesimulator/FamilienplanerUITests.build/Objects-normal/arm64/FamilienplanerUITests_const_extract_protocols.json

WriteAuxiliaryFile /Users/runner/Library/Developer/Xcode/DerivedData/Familienplaner-dmcrrzfthkjbwogvslwbznxtcpok/Build/Intermediates.noindex/Familienplaner.build/Debug-iphonesimulator/FamilienplanerUITests.build/Objects-normal/arm64/FamilienplanerUITests.SwiftFileList (in target 'FamilienplanerUITests' from project 'Familienplaner')
    cd /Users/runner/work/familienplaner/familienplaner
    write-file /Users/runner/Library/Developer/Xcode/DerivedData/Familienplaner-dmcrrzfthkjbwogvslwbznxtcpok/Build/Intermediates.noindex/Familienplaner.build/Debug-iphonesimulator/FamilienplanerUITests.build/Objects-normal/arm64/FamilienplanerUITests.SwiftFileList

WriteAuxiliaryFile /Users/runner/Library/Developer/Xcode/DerivedData/Familienplaner-dmcrrzfthkjbwogvslwbznxtcpok/Build/Intermediates.noindex/Familienplaner.build/Debug-iphonesimulator/FamilienplanerUITests.build/Objects-normal/arm64/FamilienplanerUITests.SwiftConstValuesFileList (in target 'FamilienplanerUITests' from project 'Familienplaner')
    cd /Users/runner/work/familienplaner/familienplaner
    write-file /Users/runner/Library/Developer/Xcode/DerivedData/Familienplaner-dmcrrzfthkjbwogvslwbznxtcpok/Build/Intermediates.noindex/Familienplaner.build/Debug-iphonesimulator/FamilienplanerUITests.build/Objects-normal/arm64/FamilienplanerUITests.SwiftConstValuesFileList

WriteAuxiliaryFile /Users/runner/Library/Developer/Xcode/DerivedData/Familienplaner-dmcrrzfthkjbwogvslwbznxtcpok/Build/Intermediates.noindex/Familienplaner.build/Debug-iphonesimulator/FamilienplanerUITests.build/Objects-normal/arm64/FamilienplanerUITests.LinkFileList (in target 'FamilienplanerUITests' from project 'Familienplaner')
    cd /Users/runner/work/familienplaner/familienplaner
    write-file /Users/runner/Library/Developer/Xcode/DerivedData/Familienplaner-dmcrrzfthkjbwogvslwbznxtcpok/Build/Intermediates.noindex/Familienplaner.build/Debug-iphonesimulator/FamilienplanerUITests.build/Objects-normal/arm64/FamilienplanerUITests.LinkFileList

WriteAuxiliaryFile /Users/runner/Library/Developer/Xcode/DerivedData/Familienplaner-dmcrrzfthkjbwogvslwbznxtcpok/Build/Intermediates.noindex/Familienplaner.build/Debug-iphonesimulator/FamilienplanerUITests.build/Objects-normal/arm64/FamilienplanerUITests-OutputFileMap.json (in target 'FamilienplanerUITests' from project 'Familienplaner')
    cd /Users/runner/work/familienplaner/familienplaner
    write-file /Users/runner/Library/Developer/Xcode/DerivedData/Familienplaner-dmcrrzfthkjbwogvslwbznxtcpok/Build/Intermediates.noindex/Familienplaner.build/Debug-iphonesimulator/FamilienplanerUITests.build/Objects-normal/arm64/FamilienplanerUITests-OutputFileMap.json

WriteAuxiliaryFile /Users/runner/Library/Developer/Xcode/DerivedData/Familienplaner-dmcrrzfthkjbwogvslwbznxtcpok/Build/Intermediates.noindex/Familienplaner.build/Debug-iphonesimulator/FamilienplanerUITests.build/FamilienplanerUITests.hmap (in target 'FamilienplanerUITests' from project 'Familienplaner')
    cd /Users/runner/work/familienplaner/familienplaner
    write-file /Users/runner/Library/Developer/Xcode/DerivedData/Familienplaner-dmcrrzfthkjbwogvslwbznxtcpok/Build/Intermediates.noindex/Familienplaner.build/Debug-iphonesimulator/FamilienplanerUITests.build/FamilienplanerUITests.hmap

WriteAuxiliaryFile /Users/runner/Library/Developer/Xcode/DerivedData/Familienplaner-dmcrrzfthkjbwogvslwbznxtcpok/Build/Intermediates.noindex/Familienplaner.build/Debug-iphonesimulator/FamilienplanerUITests.build/FamilienplanerUITests.DependencyStaticMetadataFileList (in target 'FamilienplanerUITests' from project 'Familienplaner')
    cd /Users/runner/work/familienplaner/familienplaner
    write-file /Users/runner/Library/Developer/Xcode/DerivedData/Familienplaner-dmcrrzfthkjbwogvslwbznxtcpok/Build/Intermediates.noindex/Familienplaner.build/Debug-iphonesimulator/FamilienplanerUITests.build/FamilienplanerUITests.DependencyStaticMetadataFileList

WriteAuxiliaryFile /Users/runner/Library/Developer/Xcode/DerivedData/Familienplaner-dmcrrzfthkjbwogvslwbznxtcpok/Build/Intermediates.noindex/Familienplaner.build/Debug-iphonesimulator/FamilienplanerUITests.build/FamilienplanerUITests.DependencyMetadataFileList (in target 'FamilienplanerUITests' from project 'Familienplaner')
    cd /Users/runner/work/familienplaner/familienplaner
    write-file /Users/runner/Library/Developer/Xcode/DerivedData/Familienplaner-dmcrrzfthkjbwogvslwbznxtcpok/Build/Intermediates.noindex/Familienplaner.build/Debug-iphonesimulator/FamilienplanerUITests.build/FamilienplanerUITests.DependencyMetadataFileList

WriteAuxiliaryFile /Users/runner/Library/Developer/Xcode/DerivedData/Familienplaner-dmcrrzfthkjbwogvslwbznxtcpok/Build/Intermediates.noindex/Familienplaner.build/Debug-iphonesimulator/FamilienplanerUITests.build/FamilienplanerUITests-project-headers.hmap (in target 'FamilienplanerUITests' from project 'Familienplaner')
    cd /Users/runner/work/familienplaner/familienplaner
    write-file /Users/runner/Library/Developer/Xcode/DerivedData/Familienplaner-dmcrrzfthkjbwogvslwbznxtcpok/Build/Intermediates.noindex/Familienplaner.build/Debug-iphonesimulator/FamilienplanerUITests.build/FamilienplanerUITests-project-headers.hmap

WriteAuxiliaryFile /Users/runner/Library/Developer/Xcode/DerivedData/Familienplaner-dmcrrzfthkjbwogvslwbznxtcpok/Build/Intermediates.noindex/Familienplaner.build/Debug-iphonesimulator/FamilienplanerUITests.build/FamilienplanerUITests-own-target-headers.hmap (in target 'FamilienplanerUITests' from project 'Familienplaner')
    cd /Users/runner/work/familienplaner/familienplaner
    write-file /Users/runner/Library/Developer/Xcode/DerivedData/Familienplaner-dmcrrzfthkjbwogvslwbznxtcpok/Build/Intermediates.noindex/Familienplaner.build/Debug-iphonesimulator/FamilienplanerUITests.build/FamilienplanerUITests-own-target-headers.hmap

WriteAuxiliaryFile /Users/runner/Library/Developer/Xcode/DerivedData/Familienplaner-dmcrrzfthkjbwogvslwbznxtcpok/Build/Intermediates.noindex/Familienplaner.build/Debug-iphonesimulator/FamilienplanerUITests.build/FamilienplanerUITests-generated-files.hmap (in target 'FamilienplanerUITests' from project 'Familienplaner')
    cd /Users/runner/work/familienplaner/familienplaner
    write-file /Users/runner/Library/Developer/Xcode/DerivedData/Familienplaner-dmcrrzfthkjbwogvslwbznxtcpok/Build/Intermediates.noindex/Familienplaner.build/Debug-iphonesimulator/FamilienplanerUITests.build/FamilienplanerUITests-generated-files.hmap

WriteAuxiliaryFile /Users/runner/Library/Developer/Xcode/DerivedData/Familienplaner-dmcrrzfthkjbwogvslwbznxtcpok/Build/Intermediates.noindex/Familienplaner.build/Debug-iphonesimulator/FamilienplanerUITests.build/FamilienplanerUITests-all-target-headers.hmap (in target 'FamilienplanerUITests' from project 'Familienplaner')
    cd /Users/runner/work/familienplaner/familienplaner
    write-file /Users/runner/Library/Developer/Xcode/DerivedData/Familienplaner-dmcrrzfthkjbwogvslwbznxtcpok/Build/Intermediates.noindex/Familienplaner.build/Debug-iphonesimulator/FamilienplanerUITests.build/FamilienplanerUITests-all-target-headers.hmap

WriteAuxiliaryFile /Users/runner/Library/Developer/Xcode/DerivedData/Familienplaner-dmcrrzfthkjbwogvslwbznxtcpok/Build/Intermediates.noindex/Familienplaner.build/Debug-iphonesimulator/FamilienplanerUITests.build/FamilienplanerUITests-all-non-framework-target-headers.hmap (in target 'FamilienplanerUITests' from project 'Familienplaner')
    cd /Users/runner/work/familienplaner/familienplaner
    write-file /Users/runner/Library/Developer/Xcode/DerivedData/Familienplaner-dmcrrzfthkjbwogvslwbznxtcpok/Build/Intermediates.noindex/Familienplaner.build/Debug-iphonesimulator/FamilienplanerUITests.build/FamilienplanerUITests-all-non-framework-target-headers.hmap

WriteAuxiliaryFile /Users/runner/Library/Developer/Xcode/DerivedData/Familienplaner-dmcrrzfthkjbwogvslwbznxtcpok/Build/Intermediates.noindex/Familienplaner.build/Debug-iphonesimulator/FamilienplanerTests.build/empty-FamilienplanerTests.plist (in target 'FamilienplanerTests' from project 'Familienplaner')
    cd /Users/runner/work/familienplaner/familienplaner
    write-file /Users/runner/Library/Developer/Xcode/DerivedData/Familienplaner-dmcrrzfthkjbwogvslwbznxtcpok/Build/Intermediates.noindex/Familienplaner.build/Debug-iphonesimulator/FamilienplanerTests.build/empty-FamilienplanerTests.plist

WriteAuxiliaryFile /Users/runner/Library/Developer/Xcode/DerivedData/Familienplaner-dmcrrzfthkjbwogvslwbznxtcpok/Build/Intermediates.noindex/Familienplaner.build/Debug-iphonesimulator/FamilienplanerTests.build/Objects-normal/arm64/FamilienplanerTests_const_extract_protocols.json (in target 'FamilienplanerTests' from project 'Familienplaner')
    cd /Users/runner/work/familienplaner/familienplaner
    write-file /Users/runner/Library/Developer/Xcode/DerivedData/Familienplaner-dmcrrzfthkjbwogvslwbznxtcpok/Build/Intermediates.noindex/Familienplaner.build/Debug-iphonesimulator/FamilienplanerTests.build/Objects-normal/arm64/FamilienplanerTests_const_extract_protocols.json

WriteAuxiliaryFile /Users/runner/Library/Developer/Xcode/DerivedData/Familienplaner-dmcrrzfthkjbwogvslwbznxtcpok/Build/Intermediates.noindex/Familienplaner.build/Debug-iphonesimulator/FamilienplanerTests.build/Objects-normal/arm64/FamilienplanerTests.SwiftFileList (in target 'FamilienplanerTests' from project 'Familienplaner')
    cd /Users/runner/work/familienplaner/familienplaner
    write-file /Users/runner/Library/Developer/Xcode/DerivedData/Familienplaner-dmcrrzfthkjbwogvslwbznxtcpok/Build/Intermediates.noindex/Familienplaner.build/Debug-iphonesimulator/FamilienplanerTests.build/Objects-normal/arm64/FamilienplanerTests.SwiftFileList

WriteAuxiliaryFile /Users/runner/Library/Developer/Xcode/DerivedData/Familienplaner-dmcrrzfthkjbwogvslwbznxtcpok/Build/Intermediates.noindex/Familienplaner.build/Debug-iphonesimulator/FamilienplanerTests.build/Objects-normal/arm64/FamilienplanerTests.SwiftConstValuesFileList (in target 'FamilienplanerTests' from project 'Familienplaner')
    cd /Users/runner/work/familienplaner/familienplaner
    write-file /Users/runner/Library/Developer/Xcode/DerivedData/Familienplaner-dmcrrzfthkjbwogvslwbznxtcpok/Build/Intermediates.noindex/Familienplaner.build/Debug-iphonesimulator/FamilienplanerTests.build/Objects-normal/arm64/FamilienplanerTests.SwiftConstValuesFileList

WriteAuxiliaryFile /Users/runner/Library/Developer/Xcode/DerivedData/Familienplaner-dmcrrzfthkjbwogvslwbznxtcpok/Build/Intermediates.noindex/Familienplaner.build/Debug-iphonesimulator/FamilienplanerTests.build/Objects-normal/arm64/FamilienplanerTests.LinkFileList (in target 'FamilienplanerTests' from project 'Familienplaner')
    cd /Users/runner/work/familienplaner/familienplaner
    write-file /Users/runner/Library/Developer/Xcode/DerivedData/Familienplaner-dmcrrzfthkjbwogvslwbznxtcpok/Build/Intermediates.noindex/Familienplaner.build/Debug-iphonesimulator/FamilienplanerTests.build/Objects-normal/arm64/FamilienplanerTests.LinkFileList

WriteAuxiliaryFile /Users/runner/Library/Developer/Xcode/DerivedData/Familienplaner-dmcrrzfthkjbwogvslwbznxtcpok/Build/Intermediates.noindex/Familienplaner.build/Debug-iphonesimulator/FamilienplanerTests.build/Objects-normal/arm64/FamilienplanerTests-OutputFileMap.json (in target 'FamilienplanerTests' from project 'Familienplaner')
    cd /Users/runner/work/familienplaner/familienplaner
    write-file /Users/runner/Library/Developer/Xcode/DerivedData/Familienplaner-dmcrrzfthkjbwogvslwbznxtcpok/Build/Intermediates.noindex/Familienplaner.build/Debug-iphonesimulator/FamilienplanerTests.build/Objects-normal/arm64/FamilienplanerTests-OutputFileMap.json

WriteAuxiliaryFile /Users/runner/Library/Developer/Xcode/DerivedData/Familienplaner-dmcrrzfthkjbwogvslwbznxtcpok/Build/Intermediates.noindex/Familienplaner.build/Debug-iphonesimulator/FamilienplanerTests.build/FamilienplanerTests.hmap (in target 'FamilienplanerTests' from project 'Familienplaner')
    cd /Users/runner/work/familienplaner/familienplaner
    write-file /Users/runner/Library/Developer/Xcode/DerivedData/Familienplaner-dmcrrzfthkjbwogvslwbznxtcpok/Build/Intermediates.noindex/Familienplaner.build/Debug-iphonesimulator/FamilienplanerTests.build/FamilienplanerTests.hmap

WriteAuxiliaryFile /Users/runner/Library/Developer/Xcode/DerivedData/Familienplaner-dmcrrzfthkjbwogvslwbznxtcpok/Build/Intermediates.noindex/Familienplaner.build/Debug-iphonesimulator/FamilienplanerTests.build/FamilienplanerTests.DependencyStaticMetadataFileList (in target 'FamilienplanerTests' from project 'Familienplaner')
    cd /Users/runner/work/familienplaner/familienplaner
    write-file /Users/runner/Library/Developer/Xcode/DerivedData/Familienplaner-dmcrrzfthkjbwogvslwbznxtcpok/Build/Intermediates.noindex/Familienplaner.build/Debug-iphonesimulator/FamilienplanerTests.build/FamilienplanerTests.DependencyStaticMetadataFileList

WriteAuxiliaryFile /Users/runner/Library/Developer/Xcode/DerivedData/Familienplaner-dmcrrzfthkjbwogvslwbznxtcpok/Build/Intermediates.noindex/Familienplaner.build/Debug-iphonesimulator/FamilienplanerTests.build/FamilienplanerTests.DependencyMetadataFileList (in target 'FamilienplanerTests' from project 'Familienplaner')
    cd /Users/runner/work/familienplaner/familienplaner
    write-file /Users/runner/Library/Developer/Xcode/DerivedData/Familienplaner-dmcrrzfthkjbwogvslwbznxtcpok/Build/Intermediates.noindex/Familienplaner.build/Debug-iphonesimulator/FamilienplanerTests.build/FamilienplanerTests.DependencyMetadataFileList

WriteAuxiliaryFile /Users/runner/Library/Developer/Xcode/DerivedData/Familienplaner-dmcrrzfthkjbwogvslwbznxtcpok/Build/Intermediates.noindex/Familienplaner.build/Debug-iphonesimulator/FamilienplanerTests.build/FamilienplanerTests-project-headers.hmap (in target 'FamilienplanerTests' from project 'Familienplaner')
    cd /Users/runner/work/familienplaner/familienplaner
    write-file /Users/runner/Library/Developer/Xcode/DerivedData/Familienplaner-dmcrrzfthkjbwogvslwbznxtcpok/Build/Intermediates.noindex/Familienplaner.build/Debug-iphonesimulator/FamilienplanerTests.build/FamilienplanerTests-project-headers.hmap

WriteAuxiliaryFile /Users/runner/Library/Developer/Xcode/DerivedData/Familienplaner-dmcrrzfthkjbwogvslwbznxtcpok/Build/Intermediates.noindex/Familienplaner.build/Debug-iphonesimulator/FamilienplanerTests.build/FamilienplanerTests-own-target-headers.hmap (in target 'FamilienplanerTests' from project 'Familienplaner')
    cd /Users/runner/work/familienplaner/familienplaner
    write-file /Users/runner/Library/Developer/Xcode/DerivedData/Familienplaner-dmcrrzfthkjbwogvslwbznxtcpok/Build/Intermediates.noindex/Familienplaner.build/Debug-iphonesimulator/FamilienplanerTests.build/FamilienplanerTests-own-target-headers.hmap

WriteAuxiliaryFile /Users/runner/Library/Developer/Xcode/DerivedData/Familienplaner-dmcrrzfthkjbwogvslwbznxtcpok/Build/Intermediates.noindex/Familienplaner.build/Debug-iphonesimulator/FamilienplanerTests.build/FamilienplanerTests-generated-files.hmap (in target 'FamilienplanerTests' from project 'Familienplaner')
    cd /Users/runner/work/familienplaner/familienplaner
    write-file /Users/runner/Library/Developer/Xcode/DerivedData/Familienplaner-dmcrrzfthkjbwogvslwbznxtcpok/Build/Intermediates.noindex/Familienplaner.build/Debug-iphonesimulator/FamilienplanerTests.build/FamilienplanerTests-generated-files.hmap

WriteAuxiliaryFile /Users/runner/Library/Developer/Xcode/DerivedData/Familienplaner-dmcrrzfthkjbwogvslwbznxtcpok/Build/Intermediates.noindex/Familienplaner.build/Debug-iphonesimulator/FamilienplanerTests.build/FamilienplanerTests-all-target-headers.hmap (in target 'FamilienplanerTests' from project 'Familienplaner')
    cd /Users/runner/work/familienplaner/familienplaner
    write-file /Users/runner/Library/Developer/Xcode/DerivedData/Familienplaner-dmcrrzfthkjbwogvslwbznxtcpok/Build/Intermediates.noindex/Familienplaner.build/Debug-iphonesimulator/FamilienplanerTests.build/FamilienplanerTests-all-target-headers.hmap

WriteAuxiliaryFile /Users/runner/Library/Developer/Xcode/DerivedData/Familienplaner-dmcrrzfthkjbwogvslwbznxtcpok/Build/Intermediates.noindex/Familienplaner.build/Debug-iphonesimulator/FamilienplanerTests.build/FamilienplanerTests-all-non-framework-target-headers.hmap (in target 'FamilienplanerTests' from project 'Familienplaner')
    cd /Users/runner/work/familienplaner/familienplaner
    write-file /Users/runner/Library/Developer/Xcode/DerivedData/Familienplaner-dmcrrzfthkjbwogvslwbznxtcpok/Build/Intermediates.noindex/Familienplaner.build/Debug-iphonesimulator/FamilienplanerTests.build/FamilienplanerTests-all-non-framework-target-headers.hmap

MkDir /Users/runner/Library/Developer/Xcode/DerivedData/Familienplaner-dmcrrzfthkjbwogvslwbznxtcpok/Build/Products/Debug-watchsimulator/FamilienplanerWatch.app/PlugIns (in target 'FamilienplanerWatch' from project 'Familienplaner')
    cd /Users/runner/work/familienplaner/familienplaner
    /bin/mkdir -p /Users/runner/Library/Developer/Xcode/DerivedData/Familienplaner-dmcrrzfthkjbwogvslwbznxtcpok/Build/Products/Debug-watchsimulator/FamilienplanerWatch.app/PlugIns

MkDir /Users/runner/Library/Developer/Xcode/DerivedData/Familienplaner-dmcrrzfthkjbwogvslwbznxtcpok/Build/Products/Debug-watchsimulator/FamilienplanerWatch.app (in target 'FamilienplanerWatch' from project 'Familienplaner')
    cd /Users/runner/work/familienplaner/familienplaner
    /bin/mkdir -p /Users/runner/Library/Developer/Xcode/DerivedData/Familienplaner-dmcrrzfthkjbwogvslwbznxtcpok/Build/Products/Debug-watchsimulator/FamilienplanerWatch.app

MkDir /Users/runner/Library/Developer/Xcode/DerivedData/Familienplaner-dmcrrzfthkjbwogvslwbznxtcpok/Build/Products/Debug-iphonesimulator/FamilienplanerUITests-Runner.app/PlugIns/FamilienplanerUITests.xctest (in target 'FamilienplanerUITests' from project 'Familienplaner')
    cd /Users/runner/work/familienplaner/familienplaner
    /bin/mkdir -p /Users/runner/Library/Developer/Xcode/DerivedData/Familienplaner-dmcrrzfthkjbwogvslwbznxtcpok/Build/Products/Debug-iphonesimulator/FamilienplanerUITests-Runner.app/PlugIns/FamilienplanerUITests.xctest

MkDir /Users/runner/Library/Developer/Xcode/DerivedData/Familienplaner-dmcrrzfthkjbwogvslwbznxtcpok/Build/Products/Debug-iphonesimulator/Familienplaner.app/PlugIns/FamilienplanerTests.xctest (in target 'FamilienplanerTests' from project 'Familienplaner')
    cd /Users/runner/work/familienplaner/familienplaner
    /bin/mkdir -p /Users/runner/Library/Developer/Xcode/DerivedData/Familienplaner-dmcrrzfthkjbwogvslwbznxtcpok/Build/Products/Debug-iphonesimulator/Familienplaner.app/PlugIns/FamilienplanerTests.xctest

WriteAuxiliaryFile /Users/runner/Library/Developer/Xcode/DerivedData/Familienplaner-dmcrrzfthkjbwogvslwbznxtcpok/Build/Intermediates.noindex/Familienplaner.build/Debug-iphonesimulator/FamilienplanerShare.build/Objects-normal/arm64/FamilienplanerShare_const_extract_protocols.json (in target 'FamilienplanerShare' from project 'Familienplaner')
    cd /Users/runner/work/familienplaner/familienplaner
    write-file /Users/runner/Library/Developer/Xcode/DerivedData/Familienplaner-dmcrrzfthkjbwogvslwbznxtcpok/Build/Intermediates.noindex/Familienplaner.build/Debug-iphonesimulator/FamilienplanerShare.build/Objects-normal/arm64/FamilienplanerShare_const_extract_protocols.json

WriteAuxiliaryFile /Users/runner/Library/Developer/Xcode/DerivedData/Familienplaner-dmcrrzfthkjbwogvslwbznxtcpok/Build/Intermediates.noindex/Familienplaner.build/Debug-iphonesimulator/FamilienplanerShare.build/Objects-normal/arm64/FamilienplanerShare.SwiftFileList (in target 'FamilienplanerShare' from project 'Familienplaner')
    cd /Users/runner/work/familienplaner/familienplaner
    write-file /Users/runner/Library/Developer/Xcode/DerivedData/Familienplaner-dmcrrzfthkjbwogvslwbznxtcpok/Build/Intermediates.noindex/Familienplaner.build/Debug-iphonesimulator/FamilienplanerShare.build/Objects-normal/arm64/FamilienplanerShare.SwiftFileList

WriteAuxiliaryFile /Users/runner/Library/Developer/Xcode/DerivedData/Familienplaner-dmcrrzfthkjbwogvslwbznxtcpok/Build/Intermediates.noindex/Familienplaner.build/Debug-iphonesimulator/FamilienplanerShare.build/Objects-normal/arm64/FamilienplanerShare.SwiftConstValuesFileList (in target 'FamilienplanerShare' from project 'Familienplaner')
    cd /Users/runner/work/familienplaner/familienplaner
    write-file /Users/runner/Library/Developer/Xcode/DerivedData/Familienplaner-dmcrrzfthkjbwogvslwbznxtcpok/Build/Intermediates.noindex/Familienplaner.build/Debug-iphonesimulator/FamilienplanerShare.build/Objects-normal/arm64/FamilienplanerShare.SwiftConstValuesFileList

WriteAuxiliaryFile /Users/runner/Library/Developer/Xcode/DerivedData/Familienplaner-dmcrrzfthkjbwogvslwbznxtcpok/Build/Intermediates.noindex/Familienplaner.build/Debug-iphonesimulator/FamilienplanerShare.build/Objects-normal/arm64/FamilienplanerShare.LinkFileList (in target 'FamilienplanerShare' from project 'Familienplaner')
    cd /Users/runner/work/familienplaner/familienplaner
    write-file /Users/runner/Library/Developer/Xcode/DerivedData/Familienplaner-dmcrrzfthkjbwogvslwbznxtcpok/Build/Intermediates.noindex/Familienplaner.build/Debug-iphonesimulator/FamilienplanerShare.build/Objects-normal/arm64/FamilienplanerShare.LinkFileList

WriteAuxiliaryFile /Users/runner/Library/Developer/Xcode/DerivedData/Familienplaner-dmcrrzfthkjbwogvslwbznxtcpok/Build/Intermediates.noindex/Familienplaner.build/Debug-iphonesimulator/FamilienplanerShare.build/Objects-normal/arm64/FamilienplanerShare-OutputFileMap.json (in target 'FamilienplanerShare' from project 'Familienplaner')
    cd /Users/runner/work/familienplaner/familienplaner
    write-file /Users/runner/Library/Developer/Xcode/DerivedData/Familienplaner-dmcrrzfthkjbwogvslwbznxtcpok/Build/Intermediates.noindex/Familienplaner.build/Debug-iphonesimulator/FamilienplanerShare.build/Objects-normal/arm64/FamilienplanerShare-OutputFileMap.json

WriteAuxiliaryFile /Users/runner/Library/Developer/Xcode/DerivedData/Familienplaner-dmcrrzfthkjbwogvslwbznxtcpok/Build/Intermediates.noindex/Familienplaner.build/Debug-iphonesimulator/FamilienplanerShare.build/FamilienplanerShare.hmap (in target 'FamilienplanerShare' from project 'Familienplaner')
    cd /Users/runner/work/familienplaner/familienplaner
    write-file /Users/runner/Library/Developer/Xcode/DerivedData/Familienplaner-dmcrrzfthkjbwogvslwbznxtcpok/Build/Intermediates.noindex/Familienplaner.build/Debug-iphonesimulator/FamilienplanerShare.build/FamilienplanerShare.hmap

WriteAuxiliaryFile /Users/runner/Library/Developer/Xcode/DerivedData/Familienplaner-dmcrrzfthkjbwogvslwbznxtcpok/Build/Intermediates.noindex/Familienplaner.build/Debug-iphonesimulator/FamilienplanerShare.build/FamilienplanerShare.DependencyStaticMetadataFileList (in target 'FamilienplanerShare' from project 'Familienplaner')
    cd /Users/runner/work/familienplaner/familienplaner
    write-file /Users/runner/Library/Developer/Xcode/DerivedData/Familienplaner-dmcrrzfthkjbwogvslwbznxtcpok/Build/Intermediates.noindex/Familienplaner.build/Debug-iphonesimulator/FamilienplanerShare.build/FamilienplanerShare.DependencyStaticMetadataFileList

WriteAuxiliaryFile /Users/runner/Library/Developer/Xcode/DerivedData/Familienplaner-dmcrrzfthkjbwogvslwbznxtcpok/Build/Intermediates.noindex/Familienplaner.build/Debug-iphonesimulator/FamilienplanerShare.build/FamilienplanerShare.DependencyMetadataFileList (in target 'FamilienplanerShare' from project 'Familienplaner')
    cd /Users/runner/work/familienplaner/familienplaner
    write-file /Users/runner/Library/Developer/Xcode/DerivedData/Familienplaner-dmcrrzfthkjbwogvslwbznxtcpok/Build/Intermediates.noindex/Familienplaner.build/Debug-iphonesimulator/FamilienplanerShare.build/FamilienplanerShare.DependencyMetadataFileList

WriteAuxiliaryFile /Users/runner/Library/Developer/Xcode/DerivedData/Familienplaner-dmcrrzfthkjbwogvslwbznxtcpok/Build/Intermediates.noindex/Familienplaner.build/Debug-iphonesimulator/FamilienplanerShare.build/FamilienplanerShare-project-headers.hmap (in target 'FamilienplanerShare' from project 'Familienplaner')
    cd /Users/runner/work/familienplaner/familienplaner
    write-file /Users/runner/Library/Developer/Xcode/DerivedData/Familienplaner-dmcrrzfthkjbwogvslwbznxtcpok/Build/Intermediates.noindex/Familienplaner.build/Debug-iphonesimulator/FamilienplanerShare.build/FamilienplanerShare-project-headers.hmap

WriteAuxiliaryFile /Users/runner/Library/Developer/Xcode/DerivedData/Familienplaner-dmcrrzfthkjbwogvslwbznxtcpok/Build/Intermediates.noindex/Familienplaner.build/Debug-iphonesimulator/FamilienplanerShare.build/FamilienplanerShare-own-target-headers.hmap (in target 'FamilienplanerShare' from project 'Familienplaner')
    cd /Users/runner/work/familienplaner/familienplaner
    write-file /Users/runner/Library/Developer/Xcode/DerivedData/Familienplaner-dmcrrzfthkjbwogvslwbznxtcpok/Build/Intermediates.noindex/Familienplaner.build/Debug-iphonesimulator/FamilienplanerShare.build/FamilienplanerShare-own-target-headers.hmap

WriteAuxiliaryFile /Users/runner/Library/Developer/Xcode/DerivedData/Familienplaner-dmcrrzfthkjbwogvslwbznxtcpok/Build/Intermediates.noindex/Familienplaner.build/Debug-iphonesimulator/FamilienplanerShare.build/FamilienplanerShare-generated-files.hmap (in target 'FamilienplanerShare' from project 'Familienplaner')
    cd /Users/runner/work/familienplaner/familienplaner
    write-file /Users/runner/Library/Developer/Xcode/DerivedData/Familienplaner-dmcrrzfthkjbwogvslwbznxtcpok/Build/Intermediates.noindex/Familienplaner.build/Debug-iphonesimulator/FamilienplanerShare.build/FamilienplanerShare-generated-files.hmap

WriteAuxiliaryFile /Users/runner/Library/Developer/Xcode/DerivedData/Familienplaner-dmcrrzfthkjbwogvslwbznxtcpok/Build/Intermediates.noindex/Familienplaner.build/Debug-iphonesimulator/FamilienplanerShare.build/FamilienplanerShare-all-target-headers.hmap (in target 'FamilienplanerShare' from project 'Familienplaner')
    cd /Users/runner/work/familienplaner/familienplaner
    write-file /Users/runner/Library/Developer/Xcode/DerivedData/Familienplaner-dmcrrzfthkjbwogvslwbznxtcpok/Build/Intermediates.noindex/Familienplaner.build/Debug-iphonesimulator/FamilienplanerShare.build/FamilienplanerShare-all-target-headers.hmap

WriteAuxiliaryFile /Users/runner/Library/Developer/Xcode/DerivedData/Familienplaner-dmcrrzfthkjbwogvslwbznxtcpok/Build/Intermediates.noindex/Familienplaner.build/Debug-iphonesimulator/FamilienplanerShare.build/FamilienplanerShare-all-non-framework-target-headers.hmap (in target 'FamilienplanerShare' from project 'Familienplaner')
    cd /Users/runner/work/familienplaner/familienplaner
    write-file /Users/runner/Library/Developer/Xcode/DerivedData/Familienplaner-dmcrrzfthkjbwogvslwbznxtcpok/Build/Intermediates.noindex/Familienplaner.build/Debug-iphonesimulator/FamilienplanerShare.build/FamilienplanerShare-all-non-framework-target-headers.hmap

WriteAuxiliaryFile /Users/runner/Library/Developer/Xcode/DerivedData/Familienplaner-dmcrrzfthkjbwogvslwbznxtcpok/Build/Intermediates.noindex/Familienplaner.build/Debug-iphonesimulator/FamilienplanerShare.build/FamilienplanerShare-DebugEntryPoint-normal-arm64.txt (in target 'FamilienplanerShare' from project 'Familienplaner')
    cd /Users/runner/work/familienplaner/familienplaner
    write-file /Users/runner/Library/Developer/Xcode/DerivedData/Familienplaner-dmcrrzfthkjbwogvslwbznxtcpok/Build/Intermediates.noindex/Familienplaner.build/Debug-iphonesimulator/FamilienplanerShare.build/FamilienplanerShare-DebugEntryPoint-normal-arm64.txt

WriteAuxiliaryFile /Users/runner/Library/Developer/Xcode/DerivedData/Familienplaner-dmcrrzfthkjbwogvslwbznxtcpok/Build/Intermediates.noindex/Familienplaner.build/Debug-iphonesimulator/FamilienplanerShare.build/FamilienplanerShare-DebugDylibPath-normal-arm64.txt (in target 'FamilienplanerShare' from project 'Familienplaner')
    cd /Users/runner/work/familienplaner/familienplaner
    write-file /Users/runner/Library/Developer/Xcode/DerivedData/Familienplaner-dmcrrzfthkjbwogvslwbznxtcpok/Build/Intermediates.noindex/Familienplaner.build/Debug-iphonesimulator/FamilienplanerShare.build/FamilienplanerShare-DebugDylibPath-normal-arm64.txt

WriteAuxiliaryFile /Users/runner/Library/Developer/Xcode/DerivedData/Familienplaner-dmcrrzfthkjbwogvslwbznxtcpok/Build/Intermediates.noindex/Familienplaner.build/Debug-iphonesimulator/FamilienplanerShare.build/FamilienplanerShare-DebugDylibInstallName-normal-arm64.txt (in target 'FamilienplanerShare' from project 'Familienplaner')
    cd /Users/runner/work/familienplaner/familienplaner
    write-file /Users/runner/Library/Developer/Xcode/DerivedData/Familienplaner-dmcrrzfthkjbwogvslwbznxtcpok/Build/Intermediates.noindex/Familienplaner.build/Debug-iphonesimulator/FamilienplanerShare.build/FamilienplanerShare-DebugDylibInstallName-normal-arm64.txt

MkDir /Users/runner/Library/Developer/Xcode/DerivedData/Familienplaner-dmcrrzfthkjbwogvslwbznxtcpok/Build/Products/Debug-iphonesimulator/FamilienplanerShare.appex (in target 'FamilienplanerShare' from project 'Familienplaner')
    cd /Users/runner/work/familienplaner/familienplaner
    /bin/mkdir -p /Users/runner/Library/Developer/Xcode/DerivedData/Familienplaner-dmcrrzfthkjbwogvslwbznxtcpok/Build/Products/Debug-iphonesimulator/FamilienplanerShare.appex

WriteAuxiliaryFile /Users/runner/Library/Developer/Xcode/DerivedData/Familienplaner-dmcrrzfthkjbwogvslwbznxtcpok/Build/Intermediates.noindex/Familienplaner.build/Debug-iphonesimulator/Familienplaner.build/Objects-normal/arm64/Familienplaner_const_extract_protocols.json (in target 'Familienplaner' from project 'Familienplaner')
    cd /Users/runner/work/familienplaner/familienplaner
    write-file /Users/runner/Library/Developer/Xcode/DerivedData/Familienplaner-dmcrrzfthkjbwogvslwbznxtcpok/Build/Intermediates.noindex/Familienplaner.build/Debug-iphonesimulator/Familienplaner.build/Objects-normal/arm64/Familienplaner_const_extract_protocols.json

WriteAuxiliaryFile /Users/runner/Library/Developer/Xcode/DerivedData/Familienplaner-dmcrrzfthkjbwogvslwbznxtcpok/Build/Intermediates.noindex/Familienplaner.build/Debug-iphonesimulator/Familienplaner.build/Objects-normal/arm64/Familienplaner.SwiftFileList (in target 'Familienplaner' from project 'Familienplaner')
    cd /Users/runner/work/familienplaner/familienplaner
    write-file /Users/runner/Library/Developer/Xcode/DerivedData/Familienplaner-dmcrrzfthkjbwogvslwbznxtcpok/Build/Intermediates.noindex/Familienplaner.build/Debug-iphonesimulator/Familienplaner.build/Objects-normal/arm64/Familienplaner.SwiftFileList

WriteAuxiliaryFile /Users/runner/Library/Developer/Xcode/DerivedData/Familienplaner-dmcrrzfthkjbwogvslwbznxtcpok/Build/Intermediates.noindex/Familienplaner.build/Debug-iphonesimulator/Familienplaner.build/Objects-normal/arm64/Familienplaner.SwiftConstValuesFileList (in target 'Familienplaner' from project 'Familienplaner')
    cd /Users/runner/work/familienplaner/familienplaner
    write-file /Users/runner/Library/Developer/Xcode/DerivedData/Familienplaner-dmcrrzfthkjbwogvslwbznxtcpok/Build/Intermediates.noindex/Familienplaner.build/Debug-iphonesimulator/Familienplaner.build/Objects-normal/arm64/Familienplaner.SwiftConstValuesFileList

WriteAuxiliaryFile /Users/runner/Library/Developer/Xcode/DerivedData/Familienplaner-dmcrrzfthkjbwogvslwbznxtcpok/Build/Intermediates.noindex/Familienplaner.build/Debug-iphonesimulator/Familienplaner.build/Objects-normal/arm64/Familienplaner.LinkFileList (in target 'Familienplaner' from project 'Familienplaner')
    cd /Users/runner/work/familienplaner/familienplaner
    write-file /Users/runner/Library/Developer/Xcode/DerivedData/Familienplaner-dmcrrzfthkjbwogvslwbznxtcpok/Build/Intermediates.noindex/Familienplaner.build/Debug-iphonesimulator/Familienplaner.build/Objects-normal/arm64/Familienplaner.LinkFileList

WriteAuxiliaryFile /Users/runner/Library/Developer/Xcode/DerivedData/Familienplaner-dmcrrzfthkjbwogvslwbznxtcpok/Build/Intermediates.noindex/Familienplaner.build/Debug-iphonesimulator/Familienplaner.build/Objects-normal/arm64/Familienplaner-OutputFileMap.json (in target 'Familienplaner' from project 'Familienplaner')
    cd /Users/runner/work/familienplaner/familienplaner
    write-file /Users/runner/Library/Developer/Xcode/DerivedData/Familienplaner-dmcrrzfthkjbwogvslwbznxtcpok/Build/Intermediates.noindex/Familienplaner.build/Debug-iphonesimulator/Familienplaner.build/Objects-normal/arm64/Familienplaner-OutputFileMap.json

WriteAuxiliaryFile /Users/runner/Library/Developer/Xcode/DerivedData/Familienplaner-dmcrrzfthkjbwogvslwbznxtcpok/Build/Intermediates.noindex/Familienplaner.build/Debug-iphonesimulator/Familienplaner.build/Familienplaner.hmap (in target 'Familienplaner' from project 'Familienplaner')
    cd /Users/runner/work/familienplaner/familienplaner
    write-file /Users/runner/Library/Developer/Xcode/DerivedData/Familienplaner-dmcrrzfthkjbwogvslwbznxtcpok/Build/Intermediates.noindex/Familienplaner.build/Debug-iphonesimulator/Familienplaner.build/Familienplaner.hmap

WriteAuxiliaryFile /Users/runner/Library/Developer/Xcode/DerivedData/Familienplaner-dmcrrzfthkjbwogvslwbznxtcpok/Build/Intermediates.noindex/Familienplaner.build/Debug-iphonesimulator/Familienplaner.build/Familienplaner.DependencyStaticMetadataFileList (in target 'Familienplaner' from project 'Familienplaner')
    cd /Users/runner/work/familienplaner/familienplaner
    write-file /Users/runner/Library/Developer/Xcode/DerivedData/Familienplaner-dmcrrzfthkjbwogvslwbznxtcpok/Build/Intermediates.noindex/Familienplaner.build/Debug-iphonesimulator/Familienplaner.build/Familienplaner.DependencyStaticMetadataFileList

WriteAuxiliaryFile /Users/runner/Library/Developer/Xcode/DerivedData/Familienplaner-dmcrrzfthkjbwogvslwbznxtcpok/Build/Intermediates.noindex/Familienplaner.build/Debug-iphonesimulator/Familienplaner.build/Familienplaner.DependencyMetadataFileList (in target 'Familienplaner' from project 'Familienplaner')
    cd /Users/runner/work/familienplaner/familienplaner
    write-file /Users/runner/Library/Developer/Xcode/DerivedData/Familienplaner-dmcrrzfthkjbwogvslwbznxtcpok/Build/Intermediates.noindex/Familienplaner.build/Debug-iphonesimulator/Familienplaner.build/Familienplaner.DependencyMetadataFileList

WriteAuxiliaryFile /Users/runner/Library/Developer/Xcode/DerivedData/Familienplaner-dmcrrzfthkjbwogvslwbznxtcpok/Build/Intermediates.noindex/Familienplaner.build/Debug-iphonesimulator/Familienplaner.build/Familienplaner-project-headers.hmap (in target 'Familienplaner' from project 'Familienplaner')
    cd /Users/runner/work/familienplaner/familienplaner
    write-file /Users/runner/Library/Developer/Xcode/DerivedData/Familienplaner-dmcrrzfthkjbwogvslwbznxtcpok/Build/Intermediates.noindex/Familienplaner.build/Debug-iphonesimulator/Familienplaner.build/Familienplaner-project-headers.hmap

WriteAuxiliaryFile /Users/runner/Library/Developer/Xcode/DerivedData/Familienplaner-dmcrrzfthkjbwogvslwbznxtcpok/Build/Intermediates.noindex/Familienplaner.build/Debug-iphonesimulator/Familienplaner.build/Familienplaner-own-target-headers.hmap (in target 'Familienplaner' from project 'Familienplaner')
    cd /Users/runner/work/familienplaner/familienplaner
    write-file /Users/runner/Library/Developer/Xcode/DerivedData/Familienplaner-dmcrrzfthkjbwogvslwbznxtcpok/Build/Intermediates.noindex/Familienplaner.build/Debug-iphonesimulator/Familienplaner.build/Familienplaner-own-target-headers.hmap

WriteAuxiliaryFile /Users/runner/Library/Developer/Xcode/DerivedData/Familienplaner-dmcrrzfthkjbwogvslwbznxtcpok/Build/Intermediates.noindex/Familienplaner.build/Debug-iphonesimulator/Familienplaner.build/Familienplaner-generated-files.hmap (in target 'Familienplaner' from project 'Familienplaner')
    cd /Users/runner/work/familienplaner/familienplaner
    write-file /Users/runner/Library/Developer/Xcode/DerivedData/Familienplaner-dmcrrzfthkjbwogvslwbznxtcpok/Build/Intermediates.noindex/Familienplaner.build/Debug-iphonesimulator/Familienplaner.build/Familienplaner-generated-files.hmap

WriteAuxiliaryFile /Users/runner/Library/Developer/Xcode/DerivedData/Familienplaner-dmcrrzfthkjbwogvslwbznxtcpok/Build/Intermediates.noindex/Familienplaner.build/Debug-iphonesimulator/Familienplaner.build/Familienplaner-all-target-headers.hmap (in target 'Familienplaner' from project 'Familienplaner')
    cd /Users/runner/work/familienplaner/familienplaner
    write-file /Users/runner/Library/Developer/Xcode/DerivedData/Familienplaner-dmcrrzfthkjbwogvslwbznxtcpok/Build/Intermediates.noindex/Familienplaner.build/Debug-iphonesimulator/Familienplaner.build/Familienplaner-all-target-headers.hmap

WriteAuxiliaryFile /Users/runner/Library/Developer/Xcode/DerivedData/Familienplaner-dmcrrzfthkjbwogvslwbznxtcpok/Build/Intermediates.noindex/Familienplaner.build/Debug-iphonesimulator/Familienplaner.build/Familienplaner-all-non-framework-target-headers.hmap (in target 'Familienplaner' from project 'Familienplaner')
    cd /Users/runner/work/familienplaner/familienplaner
    write-file /Users/runner/Library/Developer/Xcode/DerivedData/Familienplaner-dmcrrzfthkjbwogvslwbznxtcpok/Build/Intermediates.noindex/Familienplaner.build/Debug-iphonesimulator/Familienplaner.build/Familienplaner-all-non-framework-target-headers.hmap

WriteAuxiliaryFile /Users/runner/Library/Developer/Xcode/DerivedData/Familienplaner-dmcrrzfthkjbwogvslwbznxtcpok/Build/Intermediates.noindex/Familienplaner.build/Debug-iphonesimulator/Familienplaner.build/Familienplaner-DebugDylibPath-normal-arm64.txt (in target 'Familienplaner' from project 'Familienplaner')
    cd /Users/runner/work/familienplaner/familienplaner
    write-file /Users/runner/Library/Developer/Xcode/DerivedData/Familienplaner-dmcrrzfthkjbwogvslwbznxtcpok/Build/Intermediates.noindex/Familienplaner.build/Debug-iphonesimulator/Familienplaner.build/Familienplaner-DebugDylibPath-normal-arm64.txt

WriteAuxiliaryFile /Users/runner/Library/Developer/Xcode/DerivedData/Familienplaner-dmcrrzfthkjbwogvslwbznxtcpok/Build/Intermediates.noindex/Familienplaner.build/Debug-iphonesimulator/Familienplaner.build/Familienplaner-DebugDylibInstallName-normal-arm64.txt (in target 'Familienplaner' from project 'Familienplaner')
    cd /Users/runner/work/familienplaner/familienplaner
    write-file /Users/runner/Library/Developer/Xcode/DerivedData/Familienplaner-dmcrrzfthkjbwogvslwbznxtcpok/Build/Intermediates.noindex/Familienplaner.build/Debug-iphonesimulator/Familienplaner.build/Familienplaner-DebugDylibInstallName-normal-arm64.txt

MkDir /Users/runner/Library/Developer/Xcode/DerivedData/Familienplaner-dmcrrzfthkjbwogvslwbznxtcpok/Build/Products/Debug-iphonesimulator/Familienplaner.app/PlugIns (in target 'Familienplaner' from project 'Familienplaner')
    cd /Users/runner/work/familienplaner/familienplaner
    /bin/mkdir -p /Users/runner/Library/Developer/Xcode/DerivedData/Familienplaner-dmcrrzfthkjbwogvslwbznxtcpok/Build/Products/Debug-iphonesimulator/Familienplaner.app/PlugIns

MkDir /Users/runner/Library/Developer/Xcode/DerivedData/Familienplaner-dmcrrzfthkjbwogvslwbznxtcpok/Build/Products/Debug-iphonesimulator/Familienplaner.app/Frameworks (in target 'Familienplaner' from project 'Familienplaner')
    cd /Users/runner/work/familienplaner/familienplaner
    /bin/mkdir -p /Users/runner/Library/Developer/Xcode/DerivedData/Familienplaner-dmcrrzfthkjbwogvslwbznxtcpok/Build/Products/Debug-iphonesimulator/Familienplaner.app/Frameworks

MkDir /Users/runner/Library/Developer/Xcode/DerivedData/Familienplaner-dmcrrzfthkjbwogvslwbznxtcpok/Build/Products/Debug-iphonesimulator/Familienplaner.app (in target 'Familienplaner' from project 'Familienplaner')
    cd /Users/runner/work/familienplaner/familienplaner
    /bin/mkdir -p /Users/runner/Library/Developer/Xcode/DerivedData/Familienplaner-dmcrrzfthkjbwogvslwbznxtcpok/Build/Products/Debug-iphonesimulator/Familienplaner.app

Ld /Users/runner/Library/Developer/Xcode/DerivedData/Familienplaner-dmcrrzfthkjbwogvslwbznxtcpok/Build/Products/Debug-iphonesimulator/FamilienplanerWidgets.appex/__preview.dylib normal (in target 'FamilienplanerWidgets' from project 'Familienplaner')
    cd /Users/runner/work/familienplaner/familienplaner
    /Applications/Xcode_26.6.app/Contents/Developer/Toolchains/XcodeDefault.xctoolchain/usr/bin/clang -Xlinker -reproducible -target arm64-apple-ios26.0-simulator -dynamiclib -isysroot /Applications/Xcode_26.6.app/Contents/Developer/Platforms/iPhoneSimulator.platform/Developer/SDKs/iPhoneSimulator26.5.sdk -O0 -L/Users/runner/Library/Developer/Xcode/DerivedData/Familienplaner-dmcrrzfthkjbwogvslwbznxtcpok/Build/Products/Debug-iphonesimulator -F/Users/runner/Library/Developer/Xcode/DerivedData/Familienplaner-dmcrrzfthkjbwogvslwbznxtcpok/Build/Products/Debug-iphonesimulator -install_name @rpath/FamilienplanerWidgets.debug.dylib -Xlinker -dead_strip -rdynamic -Xlinker -no_deduplicate -Xlinker -objc_abi_version -Xlinker 2 -Xlinker -debug_variant -Xlinker -dependency_info -Xlinker /Users/runner/Library/Developer/Xcode/DerivedData/Familienplaner-dmcrrzfthkjbwogvslwbznxtcpok/Build/Intermediates.noindex/Familienplaner.build/Debug-iphonesimulator/FamilienplanerWidgets.build/Objects-normal/arm64/FamilienplanerWidgets_dependency_info.dat -o /Users/runner/Library/Developer/Xcode/DerivedData/Familienplaner-dmcrrzfthkjbwogvslwbznxtcpok/Build/Products/Debug-iphonesimulator/FamilienplanerWidgets.appex/__preview.dylib

ProcessInfoPlistFile /Users/runner/Library/Developer/Xcode/DerivedData/Familienplaner-dmcrrzfthkjbwogvslwbznxtcpok/Build/Products/Debug-iphonesimulator/FamilienplanerWidgets.appex/Info.plist /Users/runner/work/familienplaner/familienplaner/Widgets/Info.plist (in target 'FamilienplanerWidgets' from project 'Familienplaner')
    cd /Users/runner/work/familienplaner/familienplaner
    builtin-infoPlistUtility /Users/runner/work/familienplaner/familienplaner/Widgets/Info.plist -producttype com.apple.product-type.app-extension -expandbuildsettings -format binary -platform iphonesimulator -o /Users/runner/Library/Developer/Xcode/DerivedData/Familienplaner-dmcrrzfthkjbwogvslwbznxtcpok/Build/Products/Debug-iphonesimulator/FamilienplanerWidgets.appex/Info.plist

Ld /Users/runner/Library/Developer/Xcode/DerivedData/Familienplaner-dmcrrzfthkjbwogvslwbznxtcpok/Build/Intermediates.noindex/Familienplaner.build/Debug-watchsimulator/FamilienplanerWatchWidgets.build/Objects-normal/x86_64/Binary/__preview.dylib normal x86_64 (in target 'FamilienplanerWatchWidgets' from project 'Familienplaner')
    cd /Users/runner/work/familienplaner/familienplaner
    /Applications/Xcode_26.6.app/Contents/Developer/Toolchains/XcodeDefault.xctoolchain/usr/bin/clang -Xlinker -reproducible -target x86_64-apple-watchos26.0-simulator -dynamiclib -isysroot /Applications/Xcode_26.6.app/Contents/Developer/Platforms/WatchSimulator.platform/Developer/SDKs/WatchSimulator26.5.sdk -O0 -L/Users/runner/Library/Developer/Xcode/DerivedData/Familienplaner-dmcrrzfthkjbwogvslwbznxtcpok/Build/Products/Debug-watchsimulator -F/Users/runner/Library/Developer/Xcode/DerivedData/Familienplaner-dmcrrzfthkjbwogvslwbznxtcpok/Build/Products/Debug-watchsimulator -install_name @rpath/FamilienplanerWatchWidgets.debug.dylib -Xlinker -dead_strip -rdynamic -Xlinker -no_deduplicate -Xlinker -objc_abi_version -Xlinker 2 -Xlinker -debug_variant -Xlinker -dependency_info -Xlinker /Users/runner/Library/Developer/Xcode/DerivedData/Familienplaner-dmcrrzfthkjbwogvslwbznxtcpok/Build/Intermediates.noindex/Familienplaner.build/Debug-watchsimulator/FamilienplanerWatchWidgets.build/Objects-normal/x86_64/FamilienplanerWatchWidgets_dependency_info.dat -o /Users/runner/Library/Developer/Xcode/DerivedData/Familienplaner-dmcrrzfthkjbwogvslwbznxtcpok/Build/Intermediates.noindex/Familienplaner.build/Debug-watchsimulator/FamilienplanerWatchWidgets.build/Objects-normal/x86_64/Binary/__preview.dylib

Ld /Users/runner/Library/Developer/Xcode/DerivedData/Familienplaner-dmcrrzfthkjbwogvslwbznxtcpok/Build/Intermediates.noindex/Familienplaner.build/Debug-watchsimulator/FamilienplanerWatchWidgets.build/Objects-normal/arm64/Binary/__preview.dylib normal arm64 (in target 'FamilienplanerWatchWidgets' from project 'Familienplaner')
    cd /Users/runner/work/familienplaner/familienplaner
    /Applications/Xcode_26.6.app/Contents/Developer/Toolchains/XcodeDefault.xctoolchain/usr/bin/clang -Xlinker -reproducible -target arm64-apple-watchos26.0-simulator -dynamiclib -isysroot /Applications/Xcode_26.6.app/Contents/Developer/Platforms/WatchSimulator.platform/Developer/SDKs/WatchSimulator26.5.sdk -O0 -L/Users/runner/Library/Developer/Xcode/DerivedData/Familienplaner-dmcrrzfthkjbwogvslwbznxtcpok/Build/Products/Debug-watchsimulator -F/Users/runner/Library/Developer/Xcode/DerivedData/Familienplaner-dmcrrzfthkjbwogvslwbznxtcpok/Build/Products/Debug-watchsimulator -install_name @rpath/FamilienplanerWatchWidgets.debug.dylib -Xlinker -dead_strip -rdynamic -Xlinker -no_deduplicate -Xlinker -objc_abi_version -Xlinker 2 -Xlinker -debug_variant -Xlinker -dependency_info -Xlinker /Users/runner/Library/Developer/Xcode/DerivedData/Familienplaner-dmcrrzfthkjbwogvslwbznxtcpok/Build/Intermediates.noindex/Familienplaner.build/Debug-watchsimulator/FamilienplanerWatchWidgets.build/Objects-normal/arm64/FamilienplanerWatchWidgets_dependency_info.dat -o /Users/runner/Library/Developer/Xcode/DerivedData/Familienplaner-dmcrrzfthkjbwogvslwbznxtcpok/Build/Intermediates.noindex/Familienplaner.build/Debug-watchsimulator/FamilienplanerWatchWidgets.build/Objects-normal/arm64/Binary/__preview.dylib

ProcessInfoPlistFile /Users/runner/Library/Developer/Xcode/DerivedData/Familienplaner-dmcrrzfthkjbwogvslwbznxtcpok/Build/Products/Debug-watchsimulator/FamilienplanerWatchWidgets.appex/Info.plist /Users/runner/work/familienplaner/familienplaner/WatchWidgets/Info.plist (in target 'FamilienplanerWatchWidgets' from project 'Familienplaner')
    cd /Users/runner/work/familienplaner/familienplaner
    builtin-infoPlistUtility /Users/runner/work/familienplaner/familienplaner/WatchWidgets/Info.plist -producttype com.apple.product-type.app-extension -expandbuildsettings -format binary -platform watchsimulator -o /Users/runner/Library/Developer/Xcode/DerivedData/Familienplaner-dmcrrzfthkjbwogvslwbznxtcpok/Build/Products/Debug-watchsimulator/FamilienplanerWatchWidgets.appex/Info.plist

CreateUniversalBinary /Users/runner/Library/Developer/Xcode/DerivedData/Familienplaner-dmcrrzfthkjbwogvslwbznxtcpok/Build/Products/Debug-watchsimulator/FamilienplanerWatchWidgets.appex/__preview.dylib normal arm64\ x86_64 (in target 'FamilienplanerWatchWidgets' from project 'Familienplaner')
    cd /Users/runner/work/familienplaner/familienplaner
    /Applications/Xcode_26.6.app/Contents/Developer/Toolchains/XcodeDefault.xctoolchain/usr/bin/lipo -create /Users/runner/Library/Developer/Xcode/DerivedData/Familienplaner-dmcrrzfthkjbwogvslwbznxtcpok/Build/Intermediates.noindex/Familienplaner.build/Debug-watchsimulator/FamilienplanerWatchWidgets.build/Objects-normal/arm64/Binary/__preview.dylib /Users/runner/Library/Developer/Xcode/DerivedData/Familienplaner-dmcrrzfthkjbwogvslwbznxtcpok/Build/Intermediates.noindex/Familienplaner.build/Debug-watchsimulator/FamilienplanerWatchWidgets.build/Objects-normal/x86_64/Binary/__preview.dylib -output /Users/runner/Library/Developer/Xcode/DerivedData/Familienplaner-dmcrrzfthkjbwogvslwbznxtcpok/Build/Products/Debug-watchsimulator/FamilienplanerWatchWidgets.appex/__preview.dylib

Ld /Users/runner/Library/Developer/Xcode/DerivedData/Familienplaner-dmcrrzfthkjbwogvslwbznxtcpok/Build/Products/Debug-iphonesimulator/FamilienplanerShare.appex/__preview.dylib normal (in target 'FamilienplanerShare' from project 'Familienplaner')
    cd /Users/runner/work/familienplaner/familienplaner
    /Applications/Xcode_26.6.app/Contents/Developer/Toolchains/XcodeDefault.xctoolchain/usr/bin/clang -Xlinker -reproducible -target arm64-apple-ios26.0-simulator -dynamiclib -isysroot /Applications/Xcode_26.6.app/Contents/Developer/Platforms/iPhoneSimulator.platform/Developer/SDKs/iPhoneSimulator26.5.sdk -O0 -L/Users/runner/Library/Developer/Xcode/DerivedData/Familienplaner-dmcrrzfthkjbwogvslwbznxtcpok/Build/Products/Debug-iphonesimulator -F/Users/runner/Library/Developer/Xcode/DerivedData/Familienplaner-dmcrrzfthkjbwogvslwbznxtcpok/Build/Products/Debug-iphonesimulator -install_name @rpath/FamilienplanerShare.debug.dylib -Xlinker -dead_strip -rdynamic -Xlinker -no_deduplicate -Xlinker -objc_abi_version -Xlinker 2 -Xlinker -debug_variant -Xlinker -dependency_info -Xlinker /Users/runner/Library/Developer/Xcode/DerivedData/Familienplaner-dmcrrzfthkjbwogvslwbznxtcpok/Build/Intermediates.noindex/Familienplaner.build/Debug-iphonesimulator/FamilienplanerShare.build/Objects-normal/arm64/FamilienplanerShare_dependency_info.dat -o /Users/runner/Library/Developer/Xcode/DerivedData/Familienplaner-dmcrrzfthkjbwogvslwbznxtcpok/Build/Products/Debug-iphonesimulator/FamilienplanerShare.appex/__preview.dylib

ProcessInfoPlistFile /Users/runner/Library/Developer/Xcode/DerivedData/Familienplaner-dmcrrzfthkjbwogvslwbznxtcpok/Build/Products/Debug-iphonesimulator/FamilienplanerShare.appex/Info.plist /Users/runner/work/familienplaner/familienplaner/ShareExtension/Info.plist (in target 'FamilienplanerShare' from project 'Familienplaner')
    cd /Users/runner/work/familienplaner/familienplaner
    builtin-infoPlistUtility /Users/runner/work/familienplaner/familienplaner/ShareExtension/Info.plist -producttype com.apple.product-type.app-extension -expandbuildsettings -format binary -platform iphonesimulator -o /Users/runner/Library/Developer/Xcode/DerivedData/Familienplaner-dmcrrzfthkjbwogvslwbznxtcpok/Build/Products/Debug-iphonesimulator/FamilienplanerShare.appex/Info.plist

SwiftDriver FamilienplanerWatchWidgets normal arm64 com.apple.xcode.tools.swift.compiler (in target 'FamilienplanerWatchWidgets' from project 'Familienplaner')
    cd /Users/runner/work/familienplaner/familienplaner
    builtin-SwiftDriver -- /Applications/Xcode_26.6.app/Contents/Developer/Toolchains/XcodeDefault.xctoolchain/usr/bin/swiftc -module-name FamilienplanerWatchWidgets -Onone @/Users/runner/Library/Developer/Xcode/DerivedData/Familienplaner-dmcrrzfthkjbwogvslwbznxtcpok/Build/Intermediates.noindex/Familienplaner.build/Debug-watchsimulator/FamilienplanerWatchWidgets.build/Objects-normal/arm64/FamilienplanerWatchWidgets.SwiftFileList -DDEBUG -enable-bare-slash-regex -enable-experimental-feature DebugDescriptionMacro -sdk /Applications/Xcode_26.6.app/Contents/Developer/Platforms/WatchSimulator.platform/Developer/SDKs/WatchSimulator26.5.sdk -target arm64-apple-watchos26.0-simulator -g -module-cache-path /Users/runner/Library/Developer/Xcode/DerivedData/ModuleCache.noindex -Xfrontend -serialize-debugging-options -application-extension -profile-coverage-mapping -profile-generate -enable-testing -index-store-path /Users/runner/Library/Developer/Xcode/DerivedData/Familienplaner-dmcrrzfthkjbwogvslwbznxtcpok/Index.noindex/DataStore -Xcc -D_LIBCPP_HARDENING_MODE\=_LIBCPP_HARDENING_MODE_DEBUG -swift-version 5 -I /Users/runner/Library/Developer/Xcode/DerivedData/Familienplaner-dmcrrzfthkjbwogvslwbznxtcpok/Build/Products/Debug-watchsimulator -F /Users/runner/Library/Developer/Xcode/DerivedData/Familienplaner-dmcrrzfthkjbwogvslwbznxtcpok/Build/Products/Debug-watchsimulator -c -j3 -enable-batch-mode -incremental -Xcc -ivfsstatcache -Xcc /Users/runner/Library/Developer/Xcode/DerivedData/SDKStatCaches.noindex/watchsimulator26.5-23T570-688ef53f1462e2c8f657fdc38a81448f4ff5b3021fd2b02f145790f94936b2db.sdkstatcache -output-file-map /Users/runner/Library/Developer/Xcode/DerivedData/Familienplaner-dmcrrzfthkjbwogvslwbznxtcpok/Build/Intermediates.noindex/Familienplaner.build/Debug-watchsimulator/FamilienplanerWatchWidgets.build/Objects-normal/arm64/FamilienplanerWatchWidgets-OutputFileMap.json -use-frontend-parseable-output -save-temps -no-color-diagnostics -explicit-module-build -module-cache-path /Users/runner/Library/Developer/Xcode/DerivedData/Familienplaner-dmcrrzfthkjbwogvslwbznxtcpok/Build/Intermediates.noindex/SwiftExplicitPrecompiledModules -clang-scanner-module-cache-path /Users/runner/Library/Developer/Xcode/DerivedData/ModuleCache.noindex -sdk-module-cache-path /Users/runner/Library/Developer/Xcode/DerivedData/ModuleCache.noindex -serialize-diagnostics -emit-dependencies -emit-module -emit-module-path /Users/runner/Library/Developer/Xcode/DerivedData/Familienplaner-dmcrrzfthkjbwogvslwbznxtcpok/Build/Intermediates.noindex/Familienplaner.build/Debug-watchsimulator/FamilienplanerWatchWidgets.build/Objects-normal/arm64/FamilienplanerWatchWidgets.swiftmodule -validate-clang-modules-once -clang-build-session-file /Users/runner/Library/Developer/Xcode/DerivedData/ModuleCache.noindex/Session.modulevalidation -Xcc -I/Users/runner/Library/Developer/Xcode/DerivedData/Familienplaner-dmcrrzfthkjbwogvslwbznxtcpok/Build/Intermediates.noindex/Familienplaner.build/Debug-watchsimulator/FamilienplanerWatchWidgets.build/swift-overrides.hmap -emit-const-values -Xfrontend -const-gather-protocols-file -Xfrontend /Users/runner/Library/Developer/Xcode/DerivedData/Familienplaner-dmcrrzfthkjbwogvslwbznxtcpok/Build/Intermediates.noindex/Familienplaner.build/Debug-watchsimulator/FamilienplanerWatchWidgets.build/Objects-normal/arm64/FamilienplanerWatchWidgets_const_extract_protocols.json -Xcc -iquote -Xcc /Users/runner/Library/Developer/Xcode/DerivedData/Familienplaner-dmcrrzfthkjbwogvslwbznxtcpok/Build/Intermediates.noindex/Familienplaner.build/Debug-watchsimulator/FamilienplanerWatchWidgets.build/FamilienplanerWatchWidgets-generated-files.hmap -Xcc -I/Users/runner/Library/Developer/Xcode/DerivedData/Familienplaner-dmcrrzfthkjbwogvslwbznxtcpok/Build/Intermediates.noindex/Familienplaner.build/Debug-watchsimulator/FamilienplanerWatchWidgets.build/FamilienplanerWatchWidgets-own-target-headers.hmap -Xcc -I/Users/runner/Library/Developer/Xcode/DerivedData/Familienplaner-dmcrrzfthkjbwogvslwbznxtcpok/Build/Intermediates.noindex/Familienplaner.build/Debug-watchsimulator/FamilienplanerWatchWidgets.build/FamilienplanerWatchWidgets-all-target-headers.hmap -Xcc -iquote -Xcc /Users/runner/Library/Developer/Xcode/DerivedData/Familienplaner-dmcrrzfthkjbwogvslwbznxtcpok/Build/Intermediates.noindex/Familienplaner.build/Debug-watchsimulator/FamilienplanerWatchWidgets.build/FamilienplanerWatchWidgets-project-headers.hmap -Xcc -I/Users/runner/Library/Developer/Xcode/DerivedData/Familienplaner-dmcrrzfthkjbwogvslwbznxtcpok/Build/Products/Debug-watchsimulator/include -Xcc -I/Users/runner/Library/Developer/Xcode/DerivedData/Familienplaner-dmcrrzfthkjbwogvslwbznxtcpok/Build/Intermediates.noindex/Familienplaner.build/Debug-watchsimulator/FamilienplanerWatchWidgets.build/DerivedSources-normal/arm64 -Xcc -I/Users/runner/Library/Developer/Xcode/DerivedData/Familienplaner-dmcrrzfthkjbwogvslwbznxtcpok/Build/Intermediates.noindex/Familienplaner.build/Debug-watchsimulator/FamilienplanerWatchWidgets.build/DerivedSources/arm64 -Xcc -I/Users/runner/Library/Developer/Xcode/DerivedData/Familienplaner-dmcrrzfthkjbwogvslwbznxtcpok/Build/Intermediates.noindex/Familienplaner.build/Debug-watchsimulator/FamilienplanerWatchWidgets.build/DerivedSources -Xcc -DDEBUG\=1 -emit-objc-header -emit-objc-header-path /Users/runner/Library/Developer/Xcode/DerivedData/Familienplaner-dmcrrzfthkjbwogvslwbznxtcpok/Build/Intermediates.noindex/Familienplaner.build/Debug-watchsimulator/FamilienplanerWatchWidgets.build/Objects-normal/arm64/FamilienplanerWatchWidgets-Swift.h -working-directory /Users/runner/work/familienplaner/familienplaner -experimental-emit-module-separately -disable-cmo

SwiftDriver FamilienplanerWatchWidgets normal x86_64 com.apple.xcode.tools.swift.compiler (in target 'FamilienplanerWatchWidgets' from project 'Familienplaner')
    cd /Users/runner/work/familienplaner/familienplaner
    builtin-SwiftDriver -- /Applications/Xcode_26.6.app/Contents/Developer/Toolchains/XcodeDefault.xctoolchain/usr/bin/swiftc -module-name FamilienplanerWatchWidgets -Onone @/Users/runner/Library/Developer/Xcode/DerivedData/Familienplaner-dmcrrzfthkjbwogvslwbznxtcpok/Build/Intermediates.noindex/Familienplaner.build/Debug-watchsimulator/FamilienplanerWatchWidgets.build/Objects-normal/x86_64/FamilienplanerWatchWidgets.SwiftFileList -DDEBUG -enable-bare-slash-regex -enable-experimental-feature DebugDescriptionMacro -sdk /Applications/Xcode_26.6.app/Contents/Developer/Platforms/WatchSimulator.platform/Developer/SDKs/WatchSimulator26.5.sdk -target x86_64-apple-watchos26.0-simulator -g -module-cache-path /Users/runner/Library/Developer/Xcode/DerivedData/ModuleCache.noindex -Xfrontend -serialize-debugging-options -application-extension -profile-coverage-mapping -profile-generate -enable-testing -index-store-path /Users/runner/Library/Developer/Xcode/DerivedData/Familienplaner-dmcrrzfthkjbwogvslwbznxtcpok/Index.noindex/DataStore -Xcc -D_LIBCPP_HARDENING_MODE\=_LIBCPP_HARDENING_MODE_DEBUG -swift-version 5 -I /Users/runner/Library/Developer/Xcode/DerivedData/Familienplaner-dmcrrzfthkjbwogvslwbznxtcpok/Build/Products/Debug-watchsimulator -F /Users/runner/Library/Developer/Xcode/DerivedData/Familienplaner-dmcrrzfthkjbwogvslwbznxtcpok/Build/Products/Debug-watchsimulator -c -j3 -enable-batch-mode -incremental -Xcc -ivfsstatcache -Xcc /Users/runner/Library/Developer/Xcode/DerivedData/SDKStatCaches.noindex/watchsimulator26.5-23T570-688ef53f1462e2c8f657fdc38a81448f4ff5b3021fd2b02f145790f94936b2db.sdkstatcache -output-file-map /Users/runner/Library/Developer/Xcode/DerivedData/Familienplaner-dmcrrzfthkjbwogvslwbznxtcpok/Build/Intermediates.noindex/Familienplaner.build/Debug-watchsimulator/FamilienplanerWatchWidgets.build/Objects-normal/x86_64/FamilienplanerWatchWidgets-OutputFileMap.json -use-frontend-parseable-output -save-temps -no-color-diagnostics -explicit-module-build -module-cache-path /Users/runner/Library/Developer/Xcode/DerivedData/Familienplaner-dmcrrzfthkjbwogvslwbznxtcpok/Build/Intermediates.noindex/SwiftExplicitPrecompiledModules -clang-scanner-module-cache-path /Users/runner/Library/Developer/Xcode/DerivedData/ModuleCache.noindex -sdk-module-cache-path /Users/runner/Library/Developer/Xcode/DerivedData/ModuleCache.noindex -serialize-diagnostics -emit-dependencies -emit-module -emit-module-path /Users/runner/Library/Developer/Xcode/DerivedData/Familienplaner-dmcrrzfthkjbwogvslwbznxtcpok/Build/Intermediates.noindex/Familienplaner.build/Debug-watchsimulator/FamilienplanerWatchWidgets.build/Objects-normal/x86_64/FamilienplanerWatchWidgets.swiftmodule -validate-clang-modules-once -clang-build-session-file /Users/runner/Library/Developer/Xcode/DerivedData/ModuleCache.noindex/Session.modulevalidation -Xcc -I/Users/runner/Library/Developer/Xcode/DerivedData/Familienplaner-dmcrrzfthkjbwogvslwbznxtcpok/Build/Intermediates.noindex/Familienplaner.build/Debug-watchsimulator/FamilienplanerWatchWidgets.build/swift-overrides.hmap -emit-const-values -Xfrontend -const-gather-protocols-file -Xfrontend /Users/runner/Library/Developer/Xcode/DerivedData/Familienplaner-dmcrrzfthkjbwogvslwbznxtcpok/Build/Intermediates.noindex/Familienplaner.build/Debug-watchsimulator/FamilienplanerWatchWidgets.build/Objects-normal/x86_64/FamilienplanerWatchWidgets_const_extract_protocols.json -Xcc -iquote -Xcc /Users/runner/Library/Developer/Xcode/DerivedData/Familienplaner-dmcrrzfthkjbwogvslwbznxtcpok/Build/Intermediates.noindex/Familienplaner.build/Debug-watchsimulator/FamilienplanerWatchWidgets.build/FamilienplanerWatchWidgets-generated-files.hmap -Xcc -I/Users/runner/Library/Developer/Xcode/DerivedData/Familienplaner-dmcrrzfthkjbwogvslwbznxtcpok/Build/Intermediates.noindex/Familienplaner.build/Debug-watchsimulator/FamilienplanerWatchWidgets.build/FamilienplanerWatchWidgets-own-target-headers.hmap -Xcc -I/Users/runner/Library/Developer/Xcode/DerivedData/Familienplaner-dmcrrzfthkjbwogvslwbznxtcpok/Build/Intermediates.noindex/Familienplaner.build/Debug-watchsimulator/FamilienplanerWatchWidgets.build/FamilienplanerWatchWidgets-all-target-headers.hmap -Xcc -iquote -Xcc /Users/runner/Library/Developer/Xcode/DerivedData/Familienplaner-dmcrrzfthkjbwogvslwbznxtcpok/Build/Intermediates.noindex/Familienplaner.build/Debug-watchsimulator/FamilienplanerWatchWidgets.build/FamilienplanerWatchWidgets-project-headers.hmap -Xcc -I/Users/runner/Library/Developer/Xcode/DerivedData/Familienplaner-dmcrrzfthkjbwogvslwbznxtcpok/Build/Products/Debug-watchsimulator/include -Xcc -I/Users/runner/Library/Developer/Xcode/DerivedData/Familienplaner-dmcrrzfthkjbwogvslwbznxtcpok/Build/Intermediates.noindex/Familienplaner.build/Debug-watchsimulator/FamilienplanerWatchWidgets.build/DerivedSources-normal/x86_64 -Xcc -I/Users/runner/Library/Developer/Xcode/DerivedData/Familienplaner-dmcrrzfthkjbwogvslwbznxtcpok/Build/Intermediates.noindex/Familienplaner.build/Debug-watchsimulator/FamilienplanerWatchWidgets.build/DerivedSources/x86_64 -Xcc -I/Users/runner/Library/Developer/Xcode/DerivedData/Familienplaner-dmcrrzfthkjbwogvslwbznxtcpok/Build/Intermediates.noindex/Familienplaner.build/Debug-watchsimulator/FamilienplanerWatchWidgets.build/DerivedSources -Xcc -DDEBUG\=1 -emit-objc-header -emit-objc-header-path /Users/runner/Library/Developer/Xcode/DerivedData/Familienplaner-dmcrrzfthkjbwogvslwbznxtcpok/Build/Intermediates.noindex/Familienplaner.build/Debug-watchsimulator/FamilienplanerWatchWidgets.build/Objects-normal/x86_64/FamilienplanerWatchWidgets-Swift.h -working-directory /Users/runner/work/familienplaner/familienplaner -experimental-emit-module-separately -disable-cmo

SwiftDriver FamilienplanerWidgets normal arm64 com.apple.xcode.tools.swift.compiler (in target 'FamilienplanerWidgets' from project 'Familienplaner')
    cd /Users/runner/work/familienplaner/familienplaner
    builtin-SwiftDriver -- /Applications/Xcode_26.6.app/Contents/Developer/Toolchains/XcodeDefault.xctoolchain/usr/bin/swiftc -module-name FamilienplanerWidgets -Onone @/Users/runner/Library/Developer/Xcode/DerivedData/Familienplaner-dmcrrzfthkjbwogvslwbznxtcpok/Build/Intermediates.noindex/Familienplaner.build/Debug-iphonesimulator/FamilienplanerWidgets.build/Objects-normal/arm64/FamilienplanerWidgets.SwiftFileList -DDEBUG -enable-bare-slash-regex -enable-experimental-feature DebugDescriptionMacro -sdk /Applications/Xcode_26.6.app/Contents/Developer/Platforms/iPhoneSimulator.platform/Developer/SDKs/iPhoneSimulator26.5.sdk -target arm64-apple-ios26.0-simulator -g -module-cache-path /Users/runner/Library/Developer/Xcode/DerivedData/ModuleCache.noindex -Xfrontend -serialize-debugging-options -application-extension -profile-coverage-mapping -profile-generate -enable-testing -index-store-path /Users/runner/Library/Developer/Xcode/DerivedData/Familienplaner-dmcrrzfthkjbwogvslwbznxtcpok/Index.noindex/DataStore -Xcc -D_LIBCPP_HARDENING_MODE\=_LIBCPP_HARDENING_MODE_DEBUG -swift-version 5 -I /Users/runner/Library/Developer/Xcode/DerivedData/Familienplaner-dmcrrzfthkjbwogvslwbznxtcpok/Build/Products/Debug-iphonesimulator -F /Users/runner/Library/Developer/Xcode/DerivedData/Familienplaner-dmcrrzfthkjbwogvslwbznxtcpok/Build/Products/Debug-iphonesimulator -c -j3 -enable-batch-mode -incremental -Xcc -ivfsstatcache -Xcc /Users/runner/Library/Developer/Xcode/DerivedData/SDKStatCaches.noindex/iphonesimulator26.5-23F81a-688ef53f1462e2c8f657fdc38a81448ff45c64a1807a658693f2a61704f17a36.sdkstatcache -output-file-map /Users/runner/Library/Developer/Xcode/DerivedData/Familienplaner-dmcrrzfthkjbwogvslwbznxtcpok/Build/Intermediates.noindex/Familienplaner.build/Debug-iphonesimulator/FamilienplanerWidgets.build/Objects-normal/arm64/FamilienplanerWidgets-OutputFileMap.json -use-frontend-parseable-output -save-temps -no-color-diagnostics -explicit-module-build -module-cache-path /Users/runner/Library/Developer/Xcode/DerivedData/Familienplaner-dmcrrzfthkjbwogvslwbznxtcpok/Build/Intermediates.noindex/SwiftExplicitPrecompiledModules -clang-scanner-module-cache-path /Users/runner/Library/Developer/Xcode/DerivedData/ModuleCache.noindex -sdk-module-cache-path /Users/runner/Library/Developer/Xcode/DerivedData/ModuleCache.noindex -serialize-diagnostics -emit-dependencies -emit-module -emit-module-path /Users/runner/Library/Developer/Xcode/DerivedData/Familienplaner-dmcrrzfthkjbwogvslwbznxtcpok/Build/Intermediates.noindex/Familienplaner.build/Debug-iphonesimulator/FamilienplanerWidgets.build/Objects-normal/arm64/FamilienplanerWidgets.swiftmodule -validate-clang-modules-once -clang-build-session-file /Users/runner/Library/Developer/Xcode/DerivedData/ModuleCache.noindex/Session.modulevalidation -Xcc -I/Users/runner/Library/Developer/Xcode/DerivedData/Familienplaner-dmcrrzfthkjbwogvslwbznxtcpok/Build/Intermediates.noindex/Familienplaner.build/Debug-iphonesimulator/FamilienplanerWidgets.build/swift-overrides.hmap -emit-const-values -Xfrontend -const-gather-protocols-file -Xfrontend /Users/runner/Library/Developer/Xcode/DerivedData/Familienplaner-dmcrrzfthkjbwogvslwbznxtcpok/Build/Intermediates.noindex/Familienplaner.build/Debug-iphonesimulator/FamilienplanerWidgets.build/Objects-normal/arm64/FamilienplanerWidgets_const_extract_protocols.json -Xcc -iquote -Xcc /Users/runner/Library/Developer/Xcode/DerivedData/Familienplaner-dmcrrzfthkjbwogvslwbznxtcpok/Build/Intermediates.noindex/Familienplaner.build/Debug-iphonesimulator/FamilienplanerWidgets.build/FamilienplanerWidgets-generated-files.hmap -Xcc -I/Users/runner/Library/Developer/Xcode/DerivedData/Familienplaner-dmcrrzfthkjbwogvslwbznxtcpok/Build/Intermediates.noindex/Familienplaner.build/Debug-iphonesimulator/FamilienplanerWidgets.build/FamilienplanerWidgets-own-target-headers.hmap -Xcc -I/Users/runner/Library/Developer/Xcode/DerivedData/Familienplaner-dmcrrzfthkjbwogvslwbznxtcpok/Build/Intermediates.noindex/Familienplaner.build/Debug-iphonesimulator/FamilienplanerWidgets.build/FamilienplanerWidgets-all-target-headers.hmap -Xcc -iquote -Xcc /Users/runner/Library/Developer/Xcode/DerivedData/Familienplaner-dmcrrzfthkjbwogvslwbznxtcpok/Build/Intermediates.noindex/Familienplaner.build/Debug-iphonesimulator/FamilienplanerWidgets.build/FamilienplanerWidgets-project-headers.hmap -Xcc -I/Users/runner/Library/Developer/Xcode/DerivedData/Familienplaner-dmcrrzfthkjbwogvslwbznxtcpok/Build/Products/Debug-iphonesimulator/include -Xcc -I/Users/runner/Library/Developer/Xcode/DerivedData/Familienplaner-dmcrrzfthkjbwogvslwbznxtcpok/Build/Intermediates.noindex/Familienplaner.build/Debug-iphonesimulator/FamilienplanerWidgets.build/DerivedSources-normal/arm64 -Xcc -I/Users/runner/Library/Developer/Xcode/DerivedData/Familienplaner-dmcrrzfthkjbwogvslwbznxtcpok/Build/Intermediates.noindex/Familienplaner.build/Debug-iphonesimulator/FamilienplanerWidgets.build/DerivedSources/arm64 -Xcc -I/Users/runner/Library/Developer/Xcode/DerivedData/Familienplaner-dmcrrzfthkjbwogvslwbznxtcpok/Build/Intermediates.noindex/Familienplaner.build/Debug-iphonesimulator/FamilienplanerWidgets.build/DerivedSources -Xcc -DDEBUG\=1 -emit-objc-header -emit-objc-header-path /Users/runner/Library/Developer/Xcode/DerivedData/Familienplaner-dmcrrzfthkjbwogvslwbznxtcpok/Build/Intermediates.noindex/Familienplaner.build/Debug-iphonesimulator/FamilienplanerWidgets.build/Objects-normal/arm64/FamilienplanerWidgets-Swift.h -working-directory /Users/runner/work/familienplaner/familienplaner -experimental-emit-module-separately -disable-cmo

SwiftDriver FamilienplanerShare normal arm64 com.apple.xcode.tools.swift.compiler (in target 'FamilienplanerShare' from project 'Familienplaner')
    cd /Users/runner/work/familienplaner/familienplaner
    builtin-SwiftDriver -- /Applications/Xcode_26.6.app/Contents/Developer/Toolchains/XcodeDefault.xctoolchain/usr/bin/swiftc -module-name FamilienplanerShare -Onone @/Users/runner/Library/Developer/Xcode/DerivedData/Familienplaner-dmcrrzfthkjbwogvslwbznxtcpok/Build/Intermediates.noindex/Familienplaner.build/Debug-iphonesimulator/FamilienplanerShare.build/Objects-normal/arm64/FamilienplanerShare.SwiftFileList -DDEBUG -enable-bare-slash-regex -enable-experimental-feature DebugDescriptionMacro -sdk /Applications/Xcode_26.6.app/Contents/Developer/Platforms/iPhoneSimulator.platform/Developer/SDKs/iPhoneSimulator26.5.sdk -target arm64-apple-ios26.0-simulator -g -module-cache-path /Users/runner/Library/Developer/Xcode/DerivedData/ModuleCache.noindex -Xfrontend -serialize-debugging-options -application-extension -profile-coverage-mapping -profile-generate -enable-testing -index-store-path /Users/runner/Library/Developer/Xcode/DerivedData/Familienplaner-dmcrrzfthkjbwogvslwbznxtcpok/Index.noindex/DataStore -Xcc -D_LIBCPP_HARDENING_MODE\=_LIBCPP_HARDENING_MODE_DEBUG -swift-version 5 -I /Users/runner/Library/Developer/Xcode/DerivedData/Familienplaner-dmcrrzfthkjbwogvslwbznxtcpok/Build/Products/Debug-iphonesimulator -F /Users/runner/Library/Developer/Xcode/DerivedData/Familienplaner-dmcrrzfthkjbwogvslwbznxtcpok/Build/Products/Debug-iphonesimulator -c -j3 -enable-batch-mode -incremental -Xcc -ivfsstatcache -Xcc /Users/runner/Library/Developer/Xcode/DerivedData/SDKStatCaches.noindex/iphonesimulator26.5-23F81a-688ef53f1462e2c8f657fdc38a81448ff45c64a1807a658693f2a61704f17a36.sdkstatcache -output-file-map /Users/runner/Library/Developer/Xcode/DerivedData/Familienplaner-dmcrrzfthkjbwogvslwbznxtcpok/Build/Intermediates.noindex/Familienplaner.build/Debug-iphonesimulator/FamilienplanerShare.build/Objects-normal/arm64/FamilienplanerShare-OutputFileMap.json -use-frontend-parseable-output -save-temps -no-color-diagnostics -explicit-module-build -module-cache-path /Users/runner/Library/Developer/Xcode/DerivedData/Familienplaner-dmcrrzfthkjbwogvslwbznxtcpok/Build/Intermediates.noindex/SwiftExplicitPrecompiledModules -clang-scanner-module-cache-path /Users/runner/Library/Developer/Xcode/DerivedData/ModuleCache.noindex -sdk-module-cache-path /Users/runner/Library/Developer/Xcode/DerivedData/ModuleCache.noindex -serialize-diagnostics -emit-dependencies -emit-module -emit-module-path /Users/runner/Library/Developer/Xcode/DerivedData/Familienplaner-dmcrrzfthkjbwogvslwbznxtcpok/Build/Intermediates.noindex/Familienplaner.build/Debug-iphonesimulator/FamilienplanerShare.build/Objects-normal/arm64/FamilienplanerShare.swiftmodule -validate-clang-modules-once -clang-build-session-file /Users/runner/Library/Developer/Xcode/DerivedData/ModuleCache.noindex/Session.modulevalidation -Xcc -I/Users/runner/Library/Developer/Xcode/DerivedData/Familienplaner-dmcrrzfthkjbwogvslwbznxtcpok/Build/Intermediates.noindex/Familienplaner.build/Debug-iphonesimulator/FamilienplanerShare.build/swift-overrides.hmap -emit-const-values -Xfrontend -const-gather-protocols-file -Xfrontend /Users/runner/Library/Developer/Xcode/DerivedData/Familienplaner-dmcrrzfthkjbwogvslwbznxtcpok/Build/Intermediates.noindex/Familienplaner.build/Debug-iphonesimulator/FamilienplanerShare.build/Objects-normal/arm64/FamilienplanerShare_const_extract_protocols.json -Xcc -iquote -Xcc /Users/runner/Library/Developer/Xcode/DerivedData/Familienplaner-dmcrrzfthkjbwogvslwbznxtcpok/Build/Intermediates.noindex/Familienplaner.build/Debug-iphonesimulator/FamilienplanerShare.build/FamilienplanerShare-generated-files.hmap -Xcc -I/Users/runner/Library/Developer/Xcode/DerivedData/Familienplaner-dmcrrzfthkjbwogvslwbznxtcpok/Build/Intermediates.noindex/Familienplaner.build/Debug-iphonesimulator/FamilienplanerShare.build/FamilienplanerShare-own-target-headers.hmap -Xcc -I/Users/runner/Library/Developer/Xcode/DerivedData/Familienplaner-dmcrrzfthkjbwogvslwbznxtcpok/Build/Intermediates.noindex/Familienplaner.build/Debug-iphonesimulator/FamilienplanerShare.build/FamilienplanerShare-all-target-headers.hmap -Xcc -iquote -Xcc /Users/runner/Library/Developer/Xcode/DerivedData/Familienplaner-dmcrrzfthkjbwogvslwbznxtcpok/Build/Intermediates.noindex/Familienplaner.build/Debug-iphonesimulator/FamilienplanerShare.build/FamilienplanerShare-project-headers.hmap -Xcc -I/Users/runner/Library/Developer/Xcode/DerivedData/Familienplaner-dmcrrzfthkjbwogvslwbznxtcpok/Build/Products/Debug-iphonesimulator/include -Xcc -I/Users/runner/Library/Developer/Xcode/DerivedData/Familienplaner-dmcrrzfthkjbwogvslwbznxtcpok/Build/Intermediates.noindex/Familienplaner.build/Debug-iphonesimulator/FamilienplanerShare.build/DerivedSources-normal/arm64 -Xcc -I/Users/runner/Library/Developer/Xcode/DerivedData/Familienplaner-dmcrrzfthkjbwogvslwbznxtcpok/Build/Intermediates.noindex/Familienplaner.build/Debug-iphonesimulator/FamilienplanerShare.build/DerivedSources/arm64 -Xcc -I/Users/runner/Library/Developer/Xcode/DerivedData/Familienplaner-dmcrrzfthkjbwogvslwbznxtcpok/Build/Intermediates.noindex/Familienplaner.build/Debug-iphonesimulator/FamilienplanerShare.build/DerivedSources -Xcc -DDEBUG\=1 -emit-objc-header -emit-objc-header-path /Users/runner/Library/Developer/Xcode/DerivedData/Familienplaner-dmcrrzfthkjbwogvslwbznxtcpok/Build/Intermediates.noindex/Familienplaner.build/Debug-iphonesimulator/FamilienplanerShare.build/Objects-normal/arm64/FamilienplanerShare-Swift.h -working-directory /Users/runner/work/familienplaner/familienplaner -experimental-emit-module-separately -disable-cmo

SwiftExplicitDependencyGeneratePcm x86_64 /Users/runner/Library/Developer/Xcode/DerivedData/ModuleCache.noindex/DeveloperToolsSupport-4UTO6GF2RGED7T2X9POFQEUNH.pcm

SwiftExplicitDependencyGeneratePcm x86_64 /Users/runner/Library/Developer/Xcode/DerivedData/ModuleCache.noindex/_Builtin_stdarg-4IGORNZEEYOEGR7YQESXPZSL7.pcm

SwiftExplicitDependencyGeneratePcm arm64 /Users/runner/Library/Developer/Xcode/DerivedData/ModuleCache.noindex/DeveloperToolsSupport-B1ZFI2MTX049CMSYMR5BAWN54.pcm

SwiftExplicitDependencyGeneratePcm arm64 /Users/runner/Library/Developer/Xcode/DerivedData/ModuleCache.noindex/SwiftShims-AWPE59EOHJP3BQ25C6HSBEI7C.pcm

SwiftExplicitDependencyGeneratePcm arm64 /Users/runner/Library/Developer/Xcode/DerivedData/ModuleCache.noindex/DeveloperToolsSupport-4GR8NA91UC6U75YCQTNID0NAC.pcm

SwiftExplicitDependencyGeneratePcm arm64 /Users/runner/Library/Developer/Xcode/DerivedData/ModuleCache.noindex/_Builtin_stddef-DXXI2X1CQSR5U0VHRQQVGJV6L.pcm

SwiftExplicitDependencyGeneratePcm arm64 /Users/runner/Library/Developer/Xcode/DerivedData/ModuleCache.noindex/ptrcheck-4XLTZ2WSDY4F1SZO30NR80DYD.pcm

SwiftExplicitDependencyGeneratePcm arm64 /Users/runner/Library/Developer/Xcode/DerivedData/ModuleCache.noindex/_Builtin_stdarg-7ZA5GXKE38COYGJAJIM1MKBID.pcm

SwiftExplicitDependencyGeneratePcm arm64 /Users/runner/Library/Developer/Xcode/DerivedData/ModuleCache.noindex/ptrcheck-8RJGXYT2BEUZRQ2Y66L0AEZ9H.pcm

SwiftExplicitDependencyGeneratePcm x86_64 /Users/runner/Library/Developer/Xcode/DerivedData/ModuleCache.noindex/SwiftShims-3N0RSO7BCFWXRRLJ0O2I4L78N.pcm

SwiftExplicitDependencyGeneratePcm x86_64 /Users/runner/Library/Developer/Xcode/DerivedData/ModuleCache.noindex/ptrauth-88IFKXUANOZWS1IYJ9NMFKDXE.pcm

SwiftExplicitDependencyGeneratePcm arm64 /Users/runner/Library/Developer/Xcode/DerivedData/ModuleCache.noindex/_Builtin_stdbool-374L4VLPNYPY0BO5BUUMTSKIW.pcm

SwiftExplicitDependencyGeneratePcm x86_64 /Users/runner/Library/Developer/Xcode/DerivedData/ModuleCache.noindex/_SwiftConcurrencyShims-4TRL1UOZ2T83BEY45J15XT40S.pcm

SwiftExplicitDependencyGeneratePcm x86_64 /Users/runner/Library/Developer/Xcode/DerivedData/ModuleCache.noindex/ptrcheck-2OXAMAUSUDHKJROOQD6EPWA2X.pcm

SwiftExplicitDependencyGeneratePcm arm64 /Users/runner/Library/Developer/Xcode/DerivedData/ModuleCache.noindex/_Builtin_float-C8AMWUIBEVM2ZR1JTQEDU5YYY.pcm

SwiftExplicitDependencyGeneratePcm x86_64 /Users/runner/Library/Developer/Xcode/DerivedData/ModuleCache.noindex/_AvailabilityInternal-AT5LZXDIXOMOSCOFX7VTK6A5M.pcm

SwiftExplicitDependencyGeneratePcm x86_64 /Users/runner/Library/Developer/Xcode/DerivedData/ModuleCache.noindex/_Builtin_float-3S1GB29MPRDNWVU4KF7RG65NC.pcm

SwiftExplicitDependencyGeneratePcm arm64 /Users/runner/Library/Developer/Xcode/DerivedData/ModuleCache.noindex/ActivityKit-CS53X07YWIB2U7MOIIRCY1YDK.pcm

SwiftExplicitDependencyGeneratePcm x86_64 /Users/runner/Library/Developer/Xcode/DerivedData/ModuleCache.noindex/_DarwinFoundation1-A3A7N8UFUB8VJSVRI8C2J9EGC.pcm

SwiftExplicitDependencyGeneratePcm arm64 /Users/runner/Library/Developer/Xcode/DerivedData/ModuleCache.noindex/_AvailabilityInternal-1FCIIZFG9OPJU4R88CZOVYTPT.pcm

SwiftExplicitDependencyGeneratePcm arm64 /Users/runner/Library/Developer/Xcode/DerivedData/ModuleCache.noindex/_AvailabilityInternal-DJJER356QQ6T2HPSLXCFJ6UTF.pcm

SwiftExplicitDependencyGeneratePcm x86_64 /Users/runner/Library/Developer/Xcode/DerivedData/ModuleCache.noindex/_Builtin_limits-5OK11PT5QTLRNUHTTAKXYQBAJ.pcm

SwiftExplicitDependencyGeneratePcm arm64 /Users/runner/Library/Developer/Xcode/DerivedData/ModuleCache.noindex/_DarwinFoundation1-7O9KL0283HN784W1JHHYYUWH4.pcm

SwiftExplicitDependencyGeneratePcm arm64 /Users/runner/Library/Developer/Xcode/DerivedData/ModuleCache.noindex/_DarwinFoundation1-5EKN8MGJN89WT58FV34W2EAWV.pcm

SwiftExplicitDependencyGeneratePcm x86_64 /Users/runner/Library/Developer/Xcode/DerivedData/ModuleCache.noindex/ExtensionFoundation-5J0XIX00HX7O1QSOB6CL23HJ8.pcm

SwiftExplicitDependencyGeneratePcm arm64 /Users/runner/Library/Developer/Xcode/DerivedData/ModuleCache.noindex/_DarwinFoundation2-5OWHAWKYLBE2PFH6GPZTCHZO.pcm

SwiftExplicitDependencyGeneratePcm arm64 /Users/runner/Library/Developer/Xcode/DerivedData/ModuleCache.noindex/_Builtin_limits-OJUNUN7JQRX30U6K7MPR2F85.pcm

SwiftExplicitDependencyGeneratePcm arm64 /Users/runner/Library/Developer/Xcode/DerivedData/ModuleCache.noindex/ExtensionFoundation-8QC2HGJDV78OVHSHSJJTG2ED6.pcm

SwiftExplicitDependencyGeneratePcm arm64 /Users/runner/Library/Developer/Xcode/DerivedData/ModuleCache.noindex/ExtensionFoundation-3H6NV5U9QT4YIAWAX8IK2GJS7.pcm

SwiftExplicitDependencyGeneratePcm arm64 /Users/runner/Library/Developer/Xcode/DerivedData/ModuleCache.noindex/_Builtin_limits-DCYUDUMTK0UPQSXXZU5DB1C1Q.pcm

SwiftExplicitDependencyGeneratePcm arm64 /Users/runner/Library/Developer/Xcode/DerivedData/ModuleCache.noindex/_Builtin_tgmath-DL703X4KKHC6T7HANHHAKSJJ1.pcm

SwiftExplicitDependencyGeneratePcm arm64 /Users/runner/Library/Developer/Xcode/DerivedData/ModuleCache.noindex/sys_types-BUHC1XCQD0NMN6MYN1GFHX9HD.pcm

SwiftExplicitDependencyGeneratePcm arm64 /Users/runner/Library/Developer/Xcode/DerivedData/ModuleCache.noindex/_Builtin_stdint-EC8IYVA1PEJQ1QJHH23VUHDDK.pcm

SwiftExplicitDependencyGeneratePcm arm64 /Users/runner/Library/Developer/Xcode/DerivedData/ModuleCache.noindex/SwiftShims-9EDGZJTYU1VIW80SRPTEBR8HW.pcm

SwiftExplicitDependencyGeneratePcm x86_64 /Users/runner/Library/Developer/Xcode/DerivedData/ModuleCache.noindex/_Builtin_stddef-CQCS3PE0PTJKS5VZO2KGZY0JY.pcm

SwiftExplicitDependencyGeneratePcm arm64 /Users/runner/Library/Developer/Xcode/DerivedData/ModuleCache.noindex/_SwiftConcurrencyShims-C8P4WXRKVQYT81JMUBIQSWMRW.pcm

SwiftExplicitDependencyGeneratePcm arm64 /Users/runner/Library/Developer/Xcode/DerivedData/ModuleCache.noindex/_DarwinFoundation3-6M8VTF3HPQPAR8A2RKNTMLDPC.pcm

SwiftExplicitDependencyGeneratePcm x86_64 /Users/runner/Library/Developer/Xcode/DerivedData/ModuleCache.noindex/_DarwinFoundation2-57PVVIOHIVNHQI2V2WCKSJMKD.pcm

SwiftExplicitDependencyGeneratePcm arm64 /Users/runner/Library/Developer/Xcode/DerivedData/ModuleCache.noindex/_Builtin_stdatomic-49DE46F7UYCY40BJ9C42D1NTN.pcm

SwiftExplicitDependencyGeneratePcm arm64 /Users/runner/Library/Developer/Xcode/DerivedData/ModuleCache.noindex/_Builtin_float-DMJDWXMN6H01YZ9NLVOKTE5G9.pcm

SwiftExplicitDependencyGeneratePcm arm64 /Users/runner/Library/Developer/Xcode/DerivedData/ModuleCache.noindex/ptrauth-EC55GWNHFZCEKK5P13Y3X077V.pcm

SwiftExplicitDependencyGeneratePcm x86_64 /Users/runner/Library/Developer/Xcode/DerivedData/ModuleCache.noindex/sys_types-86XPPYSE5EQISGIK3N1Q2UB3V.pcm

SwiftExplicitDependencyGeneratePcm x86_64 /Users/runner/Library/Developer/Xcode/DerivedData/ModuleCache.noindex/_Builtin_stdint-8IWW94LB55K9J3YVKK3N10MOK.pcm

SwiftExplicitDependencyGeneratePcm arm64 /Users/runner/Library/Developer/Xcode/DerivedData/ModuleCache.noindex/_Builtin_inttypes-DIHOTPVNOUWZRAIZGOCIJWYJS.pcm

SwiftExplicitDependencyGeneratePcm x86_64 /Users/runner/Library/Developer/Xcode/DerivedData/ModuleCache.noindex/_Builtin_tgmath-8HV75BV6N2PJYOO5OV5F9ISNS.pcm

SwiftExplicitDependencyGeneratePcm arm64 /Users/runner/Library/Developer/Xcode/DerivedData/ModuleCache.noindex/_SwiftConcurrencyShims-95L74DON0TWHDIKHQL5KSV9ME.pcm

SwiftExplicitDependencyGeneratePcm x86_64 /Users/runner/Library/Developer/Xcode/DerivedData/ModuleCache.noindex/_DarwinFoundation3-E1DEUM9ZYZT9FGLN56KNJ27WL.pcm

SwiftExplicitDependencyGeneratePcm x86_64 /Users/runner/Library/Developer/Xcode/DerivedData/ModuleCache.noindex/_Builtin_stdatomic-CB0PJBWGAS5WTFBZ2GOBDJFEO.pcm

SwiftExplicitDependencyGeneratePcm arm64 /Users/runner/Library/Developer/Xcode/DerivedData/ModuleCache.noindex/_Builtin_stdarg-C0FXGF7RT58MWBS1JJXZ492UW.pcm

SwiftExplicitDependencyGeneratePcm x86_64 /Users/runner/Library/Developer/Xcode/DerivedData/ModuleCache.noindex/_Builtin_stdbool-9CWGAJUHHLECWLHYWHIP5L70O.pcm

SwiftExplicitDependencyGeneratePcm arm64 /Users/runner/Library/Developer/Xcode/DerivedData/ModuleCache.noindex/_Builtin_stdbool-CDSWRMERNUPVH3DA6TC3KV0PT.pcm

SwiftExplicitDependencyGeneratePcm arm64 /Users/runner/Library/Developer/Xcode/DerivedData/ModuleCache.noindex/_Builtin_stddef-7X2XICKLUC4UEFHD9DRW4QXJ7.pcm

SwiftExplicitDependencyGeneratePcm x86_64 /Users/runner/Library/Developer/Xcode/DerivedData/ModuleCache.noindex/_Builtin_intrinsics-2VJNM9OX9OTJW26RCWDCQ4FZ4.pcm

SwiftExplicitDependencyGeneratePcm x86_64 /Users/runner/Library/Developer/Xcode/DerivedData/ModuleCache.noindex/_Builtin_inttypes-1NLUYPZD7UA87FSCPGVI9J473.pcm

SwiftExplicitDependencyGeneratePcm arm64 /Users/runner/Library/Developer/Xcode/DerivedData/ModuleCache.noindex/Darwin-A3MV2DESPBW141NRTL0YTSV28.pcm

SwiftExplicitDependencyGeneratePcm arm64 /Users/runner/Library/Developer/Xcode/DerivedData/ModuleCache.noindex/_DarwinFoundation2-AFPM3HN9RISV4R1SPDRL9TL33.pcm

SwiftExplicitDependencyGeneratePcm x86_64 /Users/runner/Library/Developer/Xcode/DerivedData/ModuleCache.noindex/Darwin-8AJGDD8J8FYEHC0CG5SYXM1RA.pcm

SwiftExplicitDependencyGeneratePcm arm64 /Users/runner/Library/Developer/Xcode/DerivedData/ModuleCache.noindex/sys_types-29W1EDOSQGQRADGCCDDNNNYXE.pcm

SwiftExplicitDependencyGeneratePcm arm64 /Users/runner/Library/Developer/Xcode/DerivedData/ModuleCache.noindex/_Builtin_stdint-1FEXWYPXW1X57VJNR6Y1OZ7UQ.pcm

SwiftExplicitDependencyGeneratePcm arm64 /Users/runner/Library/Developer/Xcode/DerivedData/ModuleCache.noindex/MachO-DC987KWAKO3WAYHFEQN4D2220.pcm

SwiftExplicitDependencyGeneratePcm arm64 /Users/runner/Library/Developer/Xcode/DerivedData/ModuleCache.noindex/_Builtin_tgmath-5LSEMKDGXURFJMYGK4N4POV56.pcm

SwiftExplicitDependencyGeneratePcm arm64 /Users/runner/Library/Developer/Xcode/DerivedData/ModuleCache.noindex/_Builtin_intrinsics-EXQOB6R3IY2UP9TQUOUF39VTN.pcm

SwiftExplicitDependencyGeneratePcm arm64 /Users/runner/Library/Developer/Xcode/DerivedData/ModuleCache.noindex/_Builtin_stdatomic-61VKYST5EJMGUMDS8V99LJX77.pcm

SwiftExplicitDependencyGeneratePcm arm64 /Users/runner/Library/Developer/Xcode/DerivedData/ModuleCache.noindex/_Builtin_intrinsics-8679WT85FZ1C733RS8SEDLTSY.pcm

SwiftExplicitDependencyGeneratePcm arm64 /Users/runner/Library/Developer/Xcode/DerivedData/ModuleCache.noindex/_DarwinFoundation3-8UR4755G5AJ94GE70YQM8DBI6.pcm

SwiftExplicitDependencyGeneratePcm x86_64 /Users/runner/Library/Developer/Xcode/DerivedData/ModuleCache.noindex/ObjectiveC-3ZC3A686VXAMVTWQVI60YWW0E.pcm

SwiftExplicitDependencyGeneratePcm arm64 /Users/runner/Library/Developer/Xcode/DerivedData/ModuleCache.noindex/_Builtin_inttypes-1HA10AZDF6384ZJAYLJWIQ3FG.pcm

SwiftExplicitDependencyGeneratePcm arm64 /Users/runner/Library/Developer/Xcode/DerivedData/ModuleCache.noindex/simd-BS7TFX2F190OJ09XWJ8MJZ0Q4.pcm

SwiftExplicitDependencyGeneratePcm x86_64 /Users/runner/Library/Developer/Xcode/DerivedData/ModuleCache.noindex/MachO-AA7AWGTALQWB3IZO44Q4U09E0.pcm

SwiftExplicitDependencyGeneratePcm arm64 /Users/runner/Library/Developer/Xcode/DerivedData/ModuleCache.noindex/simd-B7C9VAACAB5FKKHVESYRA0UQZ.pcm

SwiftExplicitDependencyGeneratePcm x86_64 /Users/runner/Library/Developer/Xcode/DerivedData/ModuleCache.noindex/os_object-5L6MQADRZDRXM36ELC966T7UK.pcm

SwiftExplicitDependencyGeneratePcm arm64 /Users/runner/Library/Developer/Xcode/DerivedData/ModuleCache.noindex/Darwin-D8ZHP35SM36MWV72WPL3ZDB4L.pcm

SwiftExplicitDependencyGeneratePcm x86_64 /Users/runner/Library/Developer/Xcode/DerivedData/ModuleCache.noindex/os_workgroup-1Z3DT5OOLW0HD1KRYKYVYD5T8.pcm

SwiftExplicitDependencyGeneratePcm arm64 /Users/runner/Library/Developer/Xcode/DerivedData/ModuleCache.noindex/MachO-7N61A88X6FUFIGA8CTH2CG2LP.pcm

SwiftExplicitDependencyGeneratePcm arm64 /Users/runner/Library/Developer/Xcode/DerivedData/ModuleCache.noindex/ObjectiveC-4TR4ALJH54G7I3QKYHR3JAY1K.pcm

SwiftExplicitDependencyGeneratePcm arm64 /Users/runner/Library/Developer/Xcode/DerivedData/ModuleCache.noindex/Spatial-83Y6AEVVZHEHLD1TS3YN327PV.pcm

SwiftExplicitDependencyGeneratePcm x86_64 /Users/runner/Library/Developer/Xcode/DerivedData/ModuleCache.noindex/Dispatch-9XGYD2CBASQAGKAPT2TDQK9EF.pcm

SwiftExplicitDependencyGeneratePcm arm64 /Users/runner/Library/Developer/Xcode/DerivedData/ModuleCache.noindex/os_object-1WKXL6OU0L3H7Z996NW9V0X4O.pcm

SwiftExplicitDependencyGeneratePcm arm64 /Users/runner/Library/Developer/Xcode/DerivedData/ModuleCache.noindex/Spatial-2H9YD3KDDW1IJ33BRMGL94RT2.pcm

SwiftExplicitDependencyGeneratePcm arm64 /Users/runner/Library/Developer/Xcode/DerivedData/ModuleCache.noindex/os_workgroup-COS0A2I6R9QXVATKUK4SG5GKP.pcm

SwiftExplicitDependencyGeneratePcm x86_64 /Users/runner/Library/Developer/Xcode/DerivedData/ModuleCache.noindex/dnssd-F18USZT9E4CMKBYGS9PUU1V3T.pcm

SwiftExplicitDependencyGeneratePcm x86_64 /Users/runner/Library/Developer/Xcode/DerivedData/ModuleCache.noindex/XPC-CUDA5Z1K05FKDHYR5UQVWM459.pcm

SwiftExplicitDependencyGeneratePcm x86_64 /Users/runner/Library/Developer/Xcode/DerivedData/ModuleCache.noindex/CoreFoundation-70C9EB58IAKMZO15C85512KMN.pcm

SwiftExplicitDependencyGeneratePcm arm64 /Users/runner/Library/Developer/Xcode/DerivedData/ModuleCache.noindex/Dispatch-A34PZPH6L41NTN73NJ1RZWVNI.pcm

SwiftExplicitDependencyGeneratePcm x86_64 /Users/runner/Library/Developer/Xcode/DerivedData/ModuleCache.noindex/os-EDZ8ZW0R6B73KU0PJ5R2Z63BE.pcm

SwiftExplicitDependencyGeneratePcm arm64 /Users/runner/Library/Developer/Xcode/DerivedData/ModuleCache.noindex/ptrauth-B4NIY7DNL5FPZI2R3B18BIVET.pcm

SwiftExplicitDependencyGeneratePcm arm64 /Users/runner/Library/Developer/Xcode/DerivedData/ModuleCache.noindex/XPC-5P4PLAIAZVEG4K4EDALO8GQK8.pcm

SwiftExplicitDependencyGeneratePcm x86_64 /Users/runner/Library/Developer/Xcode/DerivedData/ModuleCache.noindex/CoreGraphics-EGPIV1BUBYFMR3I4U24FF39QL.pcm

SwiftExplicitDependencyGeneratePcm arm64 /Users/runner/Library/Developer/Xcode/DerivedData/ModuleCache.noindex/CoreFoundation-8BVKXEKFT3DJGRLJBPFZ3Z78W.pcm

SwiftExplicitDependencyGeneratePcm arm64 /Users/runner/Library/Developer/Xcode/DerivedData/ModuleCache.noindex/dnssd-ZECG5Z0568S0SKFDBIICSJFO.pcm

SwiftExplicitDependencyGeneratePcm arm64 /Users/runner/Library/Developer/Xcode/DerivedData/ModuleCache.noindex/os-7ZEUL2VS4MTYG0WK1XAWJ13QE.pcm

SwiftExplicitDependencyGeneratePcm x86_64 /Users/runner/Library/Developer/Xcode/DerivedData/ModuleCache.noindex/CoreText-JZ1TJ84FZDX0MQS1L9739T3Z.pcm

SwiftExplicitDependencyGeneratePcm x86_64 /Users/runner/Library/Developer/Xcode/DerivedData/ModuleCache.noindex/Security-4LWJLZYDGZITSZBW5AIUA1X1R.pcm

SwiftExplicitDependencyGeneratePcm x86_64 /Users/runner/Library/Developer/Xcode/DerivedData/ModuleCache.noindex/CoreVideo-2IP512HDCLU4MNWYQMPHIGTBL.pcm

SwiftExplicitDependencyGeneratePcm arm64 /Users/runner/Library/Developer/Xcode/DerivedData/ModuleCache.noindex/Security-335088ESWDRPG0JNUJXVKKHSW.pcm

SwiftExplicitDependencyGeneratePcm arm64 /Users/runner/Library/Developer/Xcode/DerivedData/ModuleCache.noindex/CoreGraphics-C2SNHAMAMHZ1PULWC67VVGSPK.pcm

SwiftExplicitDependencyGeneratePcm x86_64 /Users/runner/Library/Developer/Xcode/DerivedData/ModuleCache.noindex/simd-3MLXAEE8Y8GPH5RA1CBHX810K.pcm

SwiftExplicitDependencyGeneratePcm x86_64 /Users/runner/Library/Developer/Xcode/DerivedData/ModuleCache.noindex/Foundation-97XS0R3LBJ0WBRI6QPR03U0KN.pcm

SwiftExplicitDependencyGeneratePcm arm64 /Users/runner/Library/Developer/Xcode/DerivedData/ModuleCache.noindex/Foundation-8JVQ5H9G624EBZ4MHD6298L1G.pcm

SwiftExplicitDependencyGeneratePcm arm64 /Users/runner/Library/Developer/Xcode/DerivedData/ModuleCache.noindex/CoreVideo-CXXKSHO4K5YLGZP81H11MJURB.pcm

SwiftExplicitDependencyGeneratePcm arm64 /Users/runner/Library/Developer/Xcode/DerivedData/ModuleCache.noindex/CoreText-C1P3KNCNK19ADKG4JWFOA5YUS.pcm

SwiftExplicitDependencyGeneratePcm x86_64 /Users/runner/Library/Developer/Xcode/DerivedData/ModuleCache.noindex/UIUtilities-ENWDG04WPPIXWW158NBXSD2WI.pcm

SwiftExplicitDependencyGeneratePcm arm64 /Users/runner/Library/Developer/Xcode/DerivedData/ModuleCache.noindex/Symbols-SZC8MO4S1YZTVK3ELPLF3S4U.pcm

SwiftExplicitDependencyGeneratePcm arm64 /Users/runner/Library/Developer/Xcode/DerivedData/ModuleCache.noindex/UserNotifications-2HQ8XVH7IPX162JD1MQ5R7KAO.pcm

SwiftExplicitDependencyGeneratePcm arm64 /Users/runner/Library/Developer/Xcode/DerivedData/ModuleCache.noindex/UniformTypeIdentifiers-7LDEJ3JSDDPD1LGCA39W7RIAK.pcm

SwiftExplicitDependencyGeneratePcm arm64 /Users/runner/Library/Developer/Xcode/DerivedData/ModuleCache.noindex/_LocationEssentials-3F2DRRNK3MELZKT4JVP3ZBRC3.pcm

SwiftExplicitDependencyGeneratePcm arm64 /Users/runner/Library/Developer/Xcode/DerivedData/ModuleCache.noindex/Network-9K0Q37VUKT4GT5X53OFT58RX5.pcm

SwiftExplicitDependencyGeneratePcm arm64 /Users/runner/Library/Developer/Xcode/DerivedData/ModuleCache.noindex/QuartzCore-85A2MF1RZ1MFCL5X41AIR9RBQ.pcm

SwiftExplicitDependencyGeneratePcm arm64 /Users/runner/Library/Developer/Xcode/DerivedData/ModuleCache.noindex/OSLog-9072FFWO1BOTJYU3GF5AIZG40.pcm

SwiftExplicitDependencyGeneratePcm arm64 /Users/runner/Library/Developer/Xcode/DerivedData/ModuleCache.noindex/CoreData-ERQDGV2IZLSHGOW8W6RF592VK.pcm

SwiftExplicitDependencyGeneratePcm x86_64 /Users/runner/Library/Developer/Xcode/DerivedData/ModuleCache.noindex/Symbols-B0PUJ8NEK3MVWMZY75WPLPC1T.pcm

SwiftExplicitDependencyGeneratePcm x86_64 /Users/runner/Library/Developer/Xcode/DerivedData/ModuleCache.noindex/RelevanceKit-8PD3YU8R9O2ZJO6NUE9TUOWZJ.pcm

SwiftExplicitDependencyGeneratePcm arm64 /Users/runner/Library/Developer/Xcode/DerivedData/ModuleCache.noindex/CoreLocation-RZ3D9OFM5XH9PXSO72REOA02.pcm

SwiftExplicitDependencyGeneratePcm arm64 /Users/runner/Library/Developer/Xcode/DerivedData/ModuleCache.noindex/CoreTransferable-8AQB1L5X7TM3MMZBIR34JOIMF.pcm

SwiftExplicitDependencyGeneratePcm x86_64 /Users/runner/Library/Developer/Xcode/DerivedData/ModuleCache.noindex/QuartzCore-EGTX7N8Q5RXCTMXZWAGRZ6QQB.pcm

SwiftExplicitDependencyGeneratePcm x86_64 /Users/runner/Library/Developer/Xcode/DerivedData/ModuleCache.noindex/WidgetKit-E35BRNRGAYCKUI1KHABZ3FZUK.pcm

SwiftExplicitDependencyGeneratePcm arm64 /Users/runner/Library/Developer/Xcode/DerivedData/ModuleCache.noindex/DataDetection-BF040KNVI9FYJV24F8P6N0DCI.pcm

SwiftExplicitDependencyGeneratePcm arm64 /Users/runner/Library/Developer/Xcode/DerivedData/ModuleCache.noindex/RelevanceKit-8MUAFGI4WPSXDYGTOS3LQ02KM.pcm

SwiftExplicitDependencyGeneratePcm x86_64 /Users/runner/Library/Developer/Xcode/DerivedData/ModuleCache.noindex/SwiftUICore-1DDOOPELE82XKYDMJ38TT8RXP.pcm

SwiftExplicitDependencyGeneratePcm x86_64 /Users/runner/Library/Developer/Xcode/DerivedData/ModuleCache.noindex/Spatial-11ZRDGEK4GW448Q5M4W514U3O.pcm

SwiftExplicitDependencyGeneratePcm arm64 /Users/runner/Library/Developer/Xcode/DerivedData/ModuleCache.noindex/UIUtilities-5QVGQPVA8I1QUJ20GBK38IZE1.pcm

SwiftExplicitDependencyGeneratePcm x86_64 /Users/runner/Library/Developer/Xcode/DerivedData/ModuleCache.noindex/DataDetection-6EXPROEEKFJ765XNSBFEAF0OL.pcm

SwiftExplicitDependencyGeneratePcm x86_64 /Users/runner/Library/Developer/Xcode/DerivedData/ModuleCache.noindex/CoreTransferable-8C1ZL1DTJI4HAZV6N9FGP4IVS.pcm

SwiftExplicitDependencyGeneratePcm x86_64 /Users/runner/Library/Developer/Xcode/DerivedData/ModuleCache.noindex/OSLog-7RJWQXGV7FSSIFYKB6QRFOBWA.pcm

SwiftExplicitDependencyGeneratePcm x86_64 /Users/runner/Library/Developer/Xcode/DerivedData/ModuleCache.noindex/AppIntents-275Z4D8BRMQJJT9AZ5D85RSPP.pcm

SwiftExplicitDependencyGeneratePcm x86_64 /Users/runner/Library/Developer/Xcode/DerivedData/ModuleCache.noindex/UniformTypeIdentifiers-32CRQAGEST30ETDZ1EF85OWVL.pcm

SwiftExplicitDependencyGeneratePcm x86_64 /Users/runner/Library/Developer/Xcode/DerivedData/ModuleCache.noindex/Network-AIVL4286141APZHADY1114PMG.pcm

SwiftExplicitDependencyGeneratePcm arm64 /Users/runner/Library/Developer/Xcode/DerivedData/ModuleCache.noindex/Intents-2E8J3QE2EAURHMKQPORCAGUO7.pcm

SwiftExplicitDependencyGeneratePcm arm64 /Users/runner/Library/Developer/Xcode/DerivedData/ModuleCache.noindex/Accessibility-35TMIJGXKNLT4HO5AQ9UX5OPF.pcm

SwiftExplicitDependencyGeneratePcm arm64 /Users/runner/Library/Developer/Xcode/DerivedData/ModuleCache.noindex/UIKit-A8T76UUDE881NGJYAIDGW6K7A.pcm

SwiftExplicitDependencyGeneratePcm arm64 /Users/runner/Library/Developer/Xcode/DerivedData/ModuleCache.noindex/WidgetKit-9LKLTKV6WAL0DLCW1XL1PFE4J.pcm

SwiftExplicitDependencyGeneratePcm arm64 /Users/runner/Library/Developer/Xcode/DerivedData/ModuleCache.noindex/SceneKit-DOOC5VG34O13KKDL5FOY7OVWW.pcm

SwiftExplicitDependencyGeneratePcm x86_64 /Users/runner/Library/Developer/Xcode/DerivedData/ModuleCache.noindex/_LocationEssentials-6FDDSGJG4F5NLTM4OIMTRD681.pcm

SwiftExplicitDependencyGeneratePcm arm64 /Users/runner/Library/Developer/Xcode/DerivedData/ModuleCache.noindex/AppIntents-8SIO3E3RG3VA1MB3M24PVFOLB.pcm

SwiftExplicitDependencyGeneratePcm x86_64 /Users/runner/Library/Developer/Xcode/DerivedData/ModuleCache.noindex/UserNotifications-559ZHG9TQKVF5PEVIFH5N3UIM.pcm

SwiftExplicitDependencyGeneratePcm x86_64 /Users/runner/Library/Developer/Xcode/DerivedData/ModuleCache.noindex/CoreLocation-9BYDC0VPRV2NJWRF75HXNJDGZ.pcm

SwiftExplicitDependencyGeneratePcm x86_64 /Users/runner/Library/Developer/Xcode/DerivedData/ModuleCache.noindex/Accessibility-BETXKTLHPW9OG38XLCAKNPJGC.pcm

SwiftExplicitDependencyGeneratePcm x86_64 /Users/runner/Library/Developer/Xcode/DerivedData/ModuleCache.noindex/UIKit-E0F6OQUCQP9ZK3PKF5P1NGX29.pcm

SwiftExplicitDependencyGeneratePcm x86_64 /Users/runner/Library/Developer/Xcode/DerivedData/ModuleCache.noindex/Intents-T3UF3A52ZKX8P442K3041CRM.pcm

SwiftExplicitDependencyGeneratePcm arm64 /Users/runner/Library/Developer/Xcode/DerivedData/ModuleCache.noindex/SwiftUICore-BK62852TIH6XSAGXPQGU7EWTS.pcm

SwiftExplicitDependencyGeneratePcm x86_64 /Users/runner/Library/Developer/Xcode/DerivedData/ModuleCache.noindex/CoreData-4XVJA92CMHPFM96V6YXF3NLM0.pcm

SwiftExplicitDependencyGeneratePcm arm64 /Users/runner/Library/Developer/Xcode/DerivedData/ModuleCache.noindex/HomeKit-AUV4Y7BKP209GP9TKLADES6Q9.pcm

SwiftExplicitDependencyGeneratePcm arm64 /Users/runner/Library/Developer/Xcode/DerivedData/ModuleCache.noindex/MapKit-CH4LNSE17GN5MUFYA4KDPGCJ1.pcm

SwiftExplicitDependencyGeneratePcm x86_64 /Users/runner/Library/Developer/Xcode/DerivedData/ModuleCache.noindex/SceneKit-76K8D2JIF9D49GT9FLUXXKLEX.pcm

SwiftExplicitDependencyGeneratePcm x86_64 /Users/runner/Library/Developer/Xcode/DerivedData/ModuleCache.noindex/MapKit-13M1CSEAOWY2GB7V23S3ND8YW.pcm

SwiftExplicitDependencyGeneratePcm x86_64 /Users/runner/Library/Developer/Xcode/DerivedData/ModuleCache.noindex/HomeKit-26UPUH4M9XMLTBWAZSWLV6W8N.pcm

SwiftExplicitDependencyGeneratePcm arm64 /Users/runner/Library/Developer/Xcode/DerivedData/ModuleCache.noindex/WatchKit-2JQWEDDR9TEU6Y3NEZ08VTN62.pcm

SwiftExplicitDependencyGeneratePcm arm64 /Users/runner/Library/Developer/Xcode/DerivedData/ModuleCache.noindex/ObjectiveC-9NMNMM296YRHL1V9ARW1246WU.pcm

SwiftExplicitDependencyGeneratePcm x86_64 /Users/runner/Library/Developer/Xcode/DerivedData/ModuleCache.noindex/WatchKit-DPNBSXHBFEQ3QPW950ZNOMD3X.pcm

SwiftExplicitDependencyGeneratePcm arm64 /Users/runner/Library/Developer/Xcode/DerivedData/ModuleCache.noindex/os_object-44OEM6P6QT6ESFMGHGPA2O4O6.pcm

SwiftExplicitDependencyGeneratePcm x86_64 /Users/runner/Library/Developer/Xcode/DerivedData/ModuleCache.noindex/SwiftUI-8D1F9VWF7IC6BJ4K4UZ0H2D7O.pcm

SwiftExplicitDependencyGeneratePcm arm64 /Users/runner/Library/Developer/Xcode/DerivedData/ModuleCache.noindex/SwiftUI-4WCP1EZ9FVWQLOY4RLV7B7D3S.pcm

SwiftExplicitDependencyGeneratePcm arm64 /Users/runner/Library/Developer/Xcode/DerivedData/ModuleCache.noindex/os_workgroup-1Z7X3ZHMUNFO2AD9A9L3AKY9O.pcm

SwiftEmitModule normal x86_64 Emitting\ module\ for\ FamilienplanerWatchWidgets (in target 'FamilienplanerWatchWidgets' from project 'Familienplaner')
EmitSwiftModule normal x86_64 (in target 'FamilienplanerWatchWidgets' from project 'Familienplaner')
    cd /Users/runner/work/familienplaner/familienplaner
    

SwiftCompile normal x86_64 Compiling\ WatchSnapshot.swift /Users/runner/work/familienplaner/familienplaner/Shared/WatchSnapshot.swift (in target 'FamilienplanerWatchWidgets' from project 'Familienplaner')
SwiftCompile normal x86_64 /Users/runner/work/familienplaner/familienplaner/Shared/WatchSnapshot.swift (in target 'FamilienplanerWatchWidgets' from project 'Familienplaner')
    cd /Users/runner/work/familienplaner/familienplaner
    

SwiftEmitModule normal arm64 Emitting\ module\ for\ FamilienplanerWatchWidgets (in target 'FamilienplanerWatchWidgets' from project 'Familienplaner')

EmitSwiftModule normal arm64 (in target 'FamilienplanerWatchWidgets' from project 'Familienplaner')
    cd /Users/runner/work/familienplaner/familienplaner
    

SwiftExplicitDependencyGeneratePcm arm64 /Users/runner/Library/Developer/Xcode/DerivedData/ModuleCache.noindex/Dispatch-BH195DMCXOXFAAQM7OJLJNF6R.pcm

SwiftDriverJobDiscovery normal x86_64 Emitting module for FamilienplanerWatchWidgets (in target 'FamilienplanerWatchWidgets' from project 'Familienplaner')

SwiftCompile normal arm64 Compiling\ WidgetBridge.swift /Users/runner/work/familienplaner/familienplaner/Shared/WidgetBridge.swift (in target 'FamilienplanerWatchWidgets' from project 'Familienplaner')
SwiftCompile normal arm64 /Users/runner/work/familienplaner/familienplaner/Shared/WidgetBridge.swift (in target 'FamilienplanerWatchWidgets' from project 'Familienplaner')
    cd /Users/runner/work/familienplaner/familienplaner
    

SwiftDriverJobDiscovery normal arm64 Emitting module for FamilienplanerWatchWidgets (in target 'FamilienplanerWatchWidgets' from project 'Familienplaner')

SwiftDriver\ Compilation\ Requirements FamilienplanerWatchWidgets normal x86_64 com.apple.xcode.tools.swift.compiler (in target 'FamilienplanerWatchWidgets' from project 'Familienplaner')
    cd /Users/runner/work/familienplaner/familienplaner
    builtin-Swift-Compilation-Requirements -- /Applications/Xcode_26.6.app/Contents/Developer/Toolchains/XcodeDefault.xctoolchain/usr/bin/swiftc -module-name FamilienplanerWatchWidgets -Onone @/Users/runner/Library/Developer/Xcode/DerivedData/Familienplaner-dmcrrzfthkjbwogvslwbznxtcpok/Build/Intermediates.noindex/Familienplaner.build/Debug-watchsimulator/FamilienplanerWatchWidgets.build/Objects-normal/x86_64/FamilienplanerWatchWidgets.SwiftFileList -DDEBUG -enable-bare-slash-regex -enable-experimental-feature DebugDescriptionMacro -sdk /Applications/Xcode_26.6.app/Contents/Developer/Platforms/WatchSimulator.platform/Developer/SDKs/WatchSimulator26.5.sdk -target x86_64-apple-watchos26.0-simulator -g -module-cache-path /Users/runner/Library/Developer/Xcode/DerivedData/ModuleCache.noindex -Xfrontend -serialize-debugging-options -application-extension -profile-coverage-mapping -profile-generate -enable-testing -index-store-path /Users/runner/Library/Developer/Xcode/DerivedData/Familienplaner-dmcrrzfthkjbwogvslwbznxtcpok/Index.noindex/DataStore -Xcc -D_LIBCPP_HARDENING_MODE\=_LIBCPP_HARDENING_MODE_DEBUG -swift-version 5 -I /Users/runner/Library/Developer/Xcode/DerivedData/Familienplaner-dmcrrzfthkjbwogvslwbznxtcpok/Build/Products/Debug-watchsimulator -F /Users/runner/Library/Developer/Xcode/DerivedData/Familienplaner-dmcrrzfthkjbwogvslwbznxtcpok/Build/Products/Debug-watchsimulator -c -j3 -enable-batch-mode -incremental -Xcc -ivfsstatcache -Xcc /Users/runner/Library/Developer/Xcode/DerivedData/SDKStatCaches.noindex/watchsimulator26.5-23T570-688ef53f1462e2c8f657fdc38a81448f4ff5b3021fd2b02f145790f94936b2db.sdkstatcache -output-file-map /Users/runner/Library/Developer/Xcode/DerivedData/Familienplaner-dmcrrzfthkjbwogvslwbznxtcpok/Build/Intermediates.noindex/Familienplaner.build/Debug-watchsimulator/FamilienplanerWatchWidgets.build/Objects-normal/x86_64/FamilienplanerWatchWidgets-OutputFileMap.json -use-frontend-parseable-output -save-temps -no-color-diagnostics -explicit-module-build -module-cache-path /Users/runner/Library/Developer/Xcode/DerivedData/Familienplaner-dmcrrzfthkjbwogvslwbznxtcpok/Build/Intermediates.noindex/SwiftExplicitPrecompiledModules -clang-scanner-module-cache-path /Users/runner/Library/Developer/Xcode/DerivedData/ModuleCache.noindex -sdk-module-cache-path /Users/runner/Library/Developer/Xcode/DerivedData/ModuleCache.noindex -serialize-diagnostics -emit-dependencies -emit-module -emit-module-path /Users/runner/Library/Developer/Xcode/DerivedData/Familienplaner-dmcrrzfthkjbwogvslwbznxtcpok/Build/Intermediates.noindex/Familienplaner.build/Debug-watchsimulator/FamilienplanerWatchWidgets.build/Objects-normal/x86_64/FamilienplanerWatchWidgets.swiftmodule -validate-clang-modules-once -clang-build-session-file /Users/runner/Library/Developer/Xcode/DerivedData/ModuleCache.noindex/Session.modulevalidation -Xcc -I/Users/runner/Library/Developer/Xcode/DerivedData/Familienplaner-dmcrrzfthkjbwogvslwbznxtcpok/Build/Intermediates.noindex/Familienplaner.build/Debug-watchsimulator/FamilienplanerWatchWidgets.build/swift-overrides.hmap -emit-const-values -Xfrontend -const-gather-protocols-file -Xfrontend /Users/runner/Library/Developer/Xcode/DerivedData/Familienplaner-dmcrrzfthkjbwogvslwbznxtcpok/Build/Intermediates.noindex/Familienplaner.build/Debug-watchsimulator/FamilienplanerWatchWidgets.build/Objects-normal/x86_64/FamilienplanerWatchWidgets_const_extract_protocols.json -Xcc -iquote -Xcc /Users/runner/Library/Developer/Xcode/DerivedData/Familienplaner-dmcrrzfthkjbwogvslwbznxtcpok/Build/Intermediates.noindex/Familienplaner.build/Debug-watchsimulator/FamilienplanerWatchWidgets.build/FamilienplanerWatchWidgets-generated-files.hmap -Xcc -I/Users/runner/Library/Developer/Xcode/DerivedData/Familienplaner-dmcrrzfthkjbwogvslwbznxtcpok/Build/Intermediates.noindex/Familienplaner.build/Debug-watchsimulator/FamilienplanerWatchWidgets.build/FamilienplanerWatchWidgets-own-target-headers.hmap -Xcc -I/Users/runner/Library/Developer/Xcode/DerivedData/Familienplaner-dmcrrzfthkjbwogvslwbznxtcpok/Build/Intermediates.noindex/Familienplaner.build/Debug-watchsimulator/FamilienplanerWatchWidgets.build/FamilienplanerWatchWidgets-all-target-headers.hmap -Xcc -iquote -Xcc /Users/runner/Library/Developer/Xcode/DerivedData/Familienplaner-dmcrrzfthkjbwogvslwbznxtcpok/Build/Intermediates.noindex/Familienplaner.build/Debug-watchsimulator/FamilienplanerWatchWidgets.build/FamilienplanerWatchWidgets-project-headers.hmap -Xcc -I/Users/runner/Library/Developer/Xcode/DerivedData/Familienplaner-dmcrrzfthkjbwogvslwbznxtcpok/Build/Products/Debug-watchsimulator/include -Xcc -I/Users/runner/Library/Developer/Xcode/DerivedData/Familienplaner-dmcrrzfthkjbwogvslwbznxtcpok/Build/Intermediates.noindex/Familienplaner.build/Debug-watchsimulator/FamilienplanerWatchWidgets.build/DerivedSources-normal/x86_64 -Xcc -I/Users/runner/Library/Developer/Xcode/DerivedData/Familienplaner-dmcrrzfthkjbwogvslwbznxtcpok/Build/Intermediates.noindex/Familienplaner.build/Debug-watchsimulator/FamilienplanerWatchWidgets.build/DerivedSources/x86_64 -Xcc -I/Users/runner/Library/Developer/Xcode/DerivedData/Familienplaner-dmcrrzfthkjbwogvslwbznxtcpok/Build/Intermediates.noindex/Familienplaner.build/Debug-watchsimulator/FamilienplanerWatchWidgets.build/DerivedSources -Xcc -DDEBUG\=1 -emit-objc-header -emit-objc-header-path /Users/runner/Library/Developer/Xcode/DerivedData/Familienplaner-dmcrrzfthkjbwogvslwbznxtcpok/Build/Intermediates.noindex/Familienplaner.build/Debug-watchsimulator/FamilienplanerWatchWidgets.build/Objects-normal/x86_64/FamilienplanerWatchWidgets-Swift.h -working-directory /Users/runner/work/familienplaner/familienplaner -experimental-emit-module-separately -disable-cmo

SwiftDriver\ Compilation\ Requirements FamilienplanerWatchWidgets normal arm64 com.apple.xcode.tools.swift.compiler (in target 'FamilienplanerWatchWidgets' from project 'Familienplaner')
    cd /Users/runner/work/familienplaner/familienplaner
    builtin-Swift-Compilation-Requirements -- /Applications/Xcode_26.6.app/Contents/Developer/Toolchains/XcodeDefault.xctoolchain/usr/bin/swiftc -module-name FamilienplanerWatchWidgets -Onone @/Users/runner/Library/Developer/Xcode/DerivedData/Familienplaner-dmcrrzfthkjbwogvslwbznxtcpok/Build/Intermediates.noindex/Familienplaner.build/Debug-watchsimulator/FamilienplanerWatchWidgets.build/Objects-normal/arm64/FamilienplanerWatchWidgets.SwiftFileList -DDEBUG -enable-bare-slash-regex -enable-experimental-feature DebugDescriptionMacro -sdk /Applications/Xcode_26.6.app/Contents/Developer/Platforms/WatchSimulator.platform/Developer/SDKs/WatchSimulator26.5.sdk -target arm64-apple-watchos26.0-simulator -g -module-cache-path /Users/runner/Library/Developer/Xcode/DerivedData/ModuleCache.noindex -Xfrontend -serialize-debugging-options -application-extension -profile-coverage-mapping -profile-generate -enable-testing -index-store-path /Users/runner/Library/Developer/Xcode/DerivedData/Familienplaner-dmcrrzfthkjbwogvslwbznxtcpok/Index.noindex/DataStore -Xcc -D_LIBCPP_HARDENING_MODE\=_LIBCPP_HARDENING_MODE_DEBUG -swift-version 5 -I /Users/runner/Library/Developer/Xcode/DerivedData/Familienplaner-dmcrrzfthkjbwogvslwbznxtcpok/Build/Products/Debug-watchsimulator -F /Users/runner/Library/Developer/Xcode/DerivedData/Familienplaner-dmcrrzfthkjbwogvslwbznxtcpok/Build/Products/Debug-watchsimulator -c -j3 -enable-batch-mode -incremental -Xcc -ivfsstatcache -Xcc /Users/runner/Library/Developer/Xcode/DerivedData/SDKStatCaches.noindex/watchsimulator26.5-23T570-688ef53f1462e2c8f657fdc38a81448f4ff5b3021fd2b02f145790f94936b2db.sdkstatcache -output-file-map /Users/runner/Library/Developer/Xcode/DerivedData/Familienplaner-dmcrrzfthkjbwogvslwbznxtcpok/Build/Intermediates.noindex/Familienplaner.build/Debug-watchsimulator/FamilienplanerWatchWidgets.build/Objects-normal/arm64/FamilienplanerWatchWidgets-OutputFileMap.json -use-frontend-parseable-output -save-temps -no-color-diagnostics -explicit-module-build -module-cache-path /Users/runner/Library/Developer/Xcode/DerivedData/Familienplaner-dmcrrzfthkjbwogvslwbznxtcpok/Build/Intermediates.noindex/SwiftExplicitPrecompiledModules -clang-scanner-module-cache-path /Users/runner/Library/Developer/Xcode/DerivedData/ModuleCache.noindex -sdk-module-cache-path /Users/runner/Library/Developer/Xcode/DerivedData/ModuleCache.noindex -serialize-diagnostics -emit-dependencies -emit-module -emit-module-path /Users/runner/Library/Developer/Xcode/DerivedData/Familienplaner-dmcrrzfthkjbwogvslwbznxtcpok/Build/Intermediates.noindex/Familienplaner.build/Debug-watchsimulator/FamilienplanerWatchWidgets.build/Objects-normal/arm64/FamilienplanerWatchWidgets.swiftmodule -validate-clang-modules-once -clang-build-session-file /Users/runner/Library/Developer/Xcode/DerivedData/ModuleCache.noindex/Session.modulevalidation -Xcc -I/Users/runner/Library/Developer/Xcode/DerivedData/Familienplaner-dmcrrzfthkjbwogvslwbznxtcpok/Build/Intermediates.noindex/Familienplaner.build/Debug-watchsimulator/FamilienplanerWatchWidgets.build/swift-overrides.hmap -emit-const-values -Xfrontend -const-gather-protocols-file -Xfrontend /Users/runner/Library/Developer/Xcode/DerivedData/Familienplaner-dmcrrzfthkjbwogvslwbznxtcpok/Build/Intermediates.noindex/Familienplaner.build/Debug-watchsimulator/FamilienplanerWatchWidgets.build/Objects-normal/arm64/FamilienplanerWatchWidgets_const_extract_protocols.json -Xcc -iquote -Xcc /Users/runner/Library/Developer/Xcode/DerivedData/Familienplaner-dmcrrzfthkjbwogvslwbznxtcpok/Build/Intermediates.noindex/Familienplaner.build/Debug-watchsimulator/FamilienplanerWatchWidgets.build/FamilienplanerWatchWidgets-generated-files.hmap -Xcc -I/Users/runner/Library/Developer/Xcode/DerivedData/Familienplaner-dmcrrzfthkjbwogvslwbznxtcpok/Build/Intermediates.noindex/Familienplaner.build/Debug-watchsimulator/FamilienplanerWatchWidgets.build/FamilienplanerWatchWidgets-own-target-headers.hmap -Xcc -I/Users/runner/Library/Developer/Xcode/DerivedData/Familienplaner-dmcrrzfthkjbwogvslwbznxtcpok/Build/Intermediates.noindex/Familienplaner.build/Debug-watchsimulator/FamilienplanerWatchWidgets.build/FamilienplanerWatchWidgets-all-target-headers.hmap -Xcc -iquote -Xcc /Users/runner/Library/Developer/Xcode/DerivedData/Familienplaner-dmcrrzfthkjbwogvslwbznxtcpok/Build/Intermediates.noindex/Familienplaner.build/Debug-watchsimulator/FamilienplanerWatchWidgets.build/FamilienplanerWatchWidgets-project-headers.hmap -Xcc -I/Users/runner/Library/Developer/Xcode/DerivedData/Familienplaner-dmcrrzfthkjbwogvslwbznxtcpok/Build/Products/Debug-watchsimulator/include -Xcc -I/Users/runner/Library/Developer/Xcode/DerivedData/Familienplaner-dmcrrzfthkjbwogvslwbznxtcpok/Build/Intermediates.noindex/Familienplaner.build/Debug-watchsimulator/FamilienplanerWatchWidgets.build/DerivedSources-normal/arm64 -Xcc -I/Users/runner/Library/Developer/Xcode/DerivedData/Familienplaner-dmcrrzfthkjbwogvslwbznxtcpok/Build/Intermediates.noindex/Familienplaner.build/Debug-watchsimulator/FamilienplanerWatchWidgets.build/DerivedSources/arm64 -Xcc -I/Users/runner/Library/Developer/Xcode/DerivedData/Familienplaner-dmcrrzfthkjbwogvslwbznxtcpok/Build/Intermediates.noindex/Familienplaner.build/Debug-watchsimulator/FamilienplanerWatchWidgets.build/DerivedSources -Xcc -DDEBUG\=1 -emit-objc-header -emit-objc-header-path /Users/runner/Library/Developer/Xcode/DerivedData/Familienplaner-dmcrrzfthkjbwogvslwbznxtcpok/Build/Intermediates.noindex/Familienplaner.build/Debug-watchsimulator/FamilienplanerWatchWidgets.build/Objects-normal/arm64/FamilienplanerWatchWidgets-Swift.h -working-directory /Users/runner/work/familienplaner/familienplaner -experimental-emit-module-separately -disable-cmo

SwiftExplicitDependencyGeneratePcm arm64 /Users/runner/Library/Developer/Xcode/DerivedData/ModuleCache.noindex/CoreFoundation-8I6I7TSTYRKUE4SRFXIONWEF0.pcm

SwiftMergeGeneratedHeaders /Users/runner/Library/Developer/Xcode/DerivedData/Familienplaner-dmcrrzfthkjbwogvslwbznxtcpok/Build/Intermediates.noindex/Familienplaner.build/Debug-watchsimulator/FamilienplanerWatchWidgets.build/DerivedSources/FamilienplanerWatchWidgets-Swift.h /Users/runner/Library/Developer/Xcode/DerivedData/Familienplaner-dmcrrzfthkjbwogvslwbznxtcpok/Build/Intermediates.noindex/Familienplaner.build/Debug-watchsimulator/FamilienplanerWatchWidgets.build/Objects-normal/arm64/FamilienplanerWatchWidgets-Swift.h /Users/runner/Library/Developer/Xcode/DerivedData/Familienplaner-dmcrrzfthkjbwogvslwbznxtcpok/Build/Intermediates.noindex/Familienplaner.build/Debug-watchsimulator/FamilienplanerWatchWidgets.build/Objects-normal/x86_64/FamilienplanerWatchWidgets-Swift.h (in target 'FamilienplanerWatchWidgets' from project 'Familienplaner')
    cd /Users/runner/work/familienplaner/familienplaner
    builtin-swiftHeaderTool -arch arm64 /Users/runner/Library/Developer/Xcode/DerivedData/Familienplaner-dmcrrzfthkjbwogvslwbznxtcpok/Build/Intermediates.noindex/Familienplaner.build/Debug-watchsimulator/FamilienplanerWatchWidgets.build/Objects-normal/arm64/FamilienplanerWatchWidgets-Swift.h -arch x86_64 /Users/runner/Library/Developer/Xcode/DerivedData/Familienplaner-dmcrrzfthkjbwogvslwbznxtcpok/Build/Intermediates.noindex/Familienplaner.build/Debug-watchsimulator/FamilienplanerWatchWidgets.build/Objects-normal/x86_64/FamilienplanerWatchWidgets-Swift.h -o /Users/runner/Library/Developer/Xcode/DerivedData/Familienplaner-dmcrrzfthkjbwogvslwbznxtcpok/Build/Intermediates.noindex/Familienplaner.build/Debug-watchsimulator/FamilienplanerWatchWidgets.build/DerivedSources/FamilienplanerWatchWidgets-Swift.h

Copy /Users/runner/Library/Developer/Xcode/DerivedData/Familienplaner-dmcrrzfthkjbwogvslwbznxtcpok/Build/Products/Debug-watchsimulator/FamilienplanerWatchWidgets.swiftmodule/x86_64-apple-watchos-simulator.swiftmodule /Users/runner/Library/Developer/Xcode/DerivedData/Familienplaner-dmcrrzfthkjbwogvslwbznxtcpok/Build/Intermediates.noindex/Familienplaner.build/Debug-watchsimulator/FamilienplanerWatchWidgets.build/Objects-normal/x86_64/FamilienplanerWatchWidgets.swiftmodule (in target 'FamilienplanerWatchWidgets' from project 'Familienplaner')
    cd /Users/runner/work/familienplaner/familienplaner
    builtin-copy -exclude .DS_Store -exclude CVS -exclude .svn -exclude .git -exclude .hg -resolve-src-symlinks -rename /Users/runner/Library/Developer/Xcode/DerivedData/Familienplaner-dmcrrzfthkjbwogvslwbznxtcpok/Build/Intermediates.noindex/Familienplaner.build/Debug-watchsimulator/FamilienplanerWatchWidgets.build/Objects-normal/x86_64/FamilienplanerWatchWidgets.swiftmodule /Users/runner/Library/Developer/Xcode/DerivedData/Familienplaner-dmcrrzfthkjbwogvslwbznxtcpok/Build/Products/Debug-watchsimulator/FamilienplanerWatchWidgets.swiftmodule/x86_64-apple-watchos-simulator.swiftmodule

Copy /Users/runner/Library/Developer/Xcode/DerivedData/Familienplaner-dmcrrzfthkjbwogvslwbznxtcpok/Build/Products/Debug-watchsimulator/FamilienplanerWatchWidgets.swiftmodule/x86_64-apple-watchos-simulator.swiftdoc /Users/runner/Library/Developer/Xcode/DerivedData/Familienplaner-dmcrrzfthkjbwogvslwbznxtcpok/Build/Intermediates.noindex/Familienplaner.build/Debug-watchsimulator/FamilienplanerWatchWidgets.build/Objects-normal/x86_64/FamilienplanerWatchWidgets.swiftdoc (in target 'FamilienplanerWatchWidgets' from project 'Familienplaner')
    cd /Users/runner/work/familienplaner/familienplaner
    builtin-copy -exclude .DS_Store -exclude CVS -exclude .svn -exclude .git -exclude .hg -resolve-src-symlinks -rename /Users/runner/Library/Developer/Xcode/DerivedData/Familienplaner-dmcrrzfthkjbwogvslwbznxtcpok/Build/Intermediates.noindex/Familienplaner.build/Debug-watchsimulator/FamilienplanerWatchWidgets.build/Objects-normal/x86_64/FamilienplanerWatchWidgets.swiftdoc /Users/runner/Library/Developer/Xcode/DerivedData/Familienplaner-dmcrrzfthkjbwogvslwbznxtcpok/Build/Products/Debug-watchsimulator/FamilienplanerWatchWidgets.swiftmodule/x86_64-apple-watchos-simulator.swiftdoc

Copy /Users/runner/Library/Developer/Xcode/DerivedData/Familienplaner-dmcrrzfthkjbwogvslwbznxtcpok/Build/Products/Debug-watchsimulator/FamilienplanerWatchWidgets.swiftmodule/x86_64-apple-watchos-simulator.abi.json /Users/runner/Library/Developer/Xcode/DerivedData/Familienplaner-dmcrrzfthkjbwogvslwbznxtcpok/Build/Intermediates.noindex/Familienplaner.build/Debug-watchsimulator/FamilienplanerWatchWidgets.build/Objects-normal/x86_64/FamilienplanerWatchWidgets.abi.json (in target 'FamilienplanerWatchWidgets' from project 'Familienplaner')
    cd /Users/runner/work/familienplaner/familienplaner
    builtin-copy -exclude .DS_Store -exclude CVS -exclude .svn -exclude .git -exclude .hg -resolve-src-symlinks -rename /Users/runner/Library/Developer/Xcode/DerivedData/Familienplaner-dmcrrzfthkjbwogvslwbznxtcpok/Build/Intermediates.noindex/Familienplaner.build/Debug-watchsimulator/FamilienplanerWatchWidgets.build/Objects-normal/x86_64/FamilienplanerWatchWidgets.abi.json /Users/runner/Library/Developer/Xcode/DerivedData/Familienplaner-dmcrrzfthkjbwogvslwbznxtcpok/Build/Products/Debug-watchsimulator/FamilienplanerWatchWidgets.swiftmodule/x86_64-apple-watchos-simulator.abi.json

Copy /Users/runner/Library/Developer/Xcode/DerivedData/Familienplaner-dmcrrzfthkjbwogvslwbznxtcpok/Build/Products/Debug-watchsimulator/FamilienplanerWatchWidgets.swiftmodule/arm64-apple-watchos-simulator.swiftmodule /Users/runner/Library/Developer/Xcode/DerivedData/Familienplaner-dmcrrzfthkjbwogvslwbznxtcpok/Build/Intermediates.noindex/Familienplaner.build/Debug-watchsimulator/FamilienplanerWatchWidgets.build/Objects-normal/arm64/FamilienplanerWatchWidgets.swiftmodule (in target 'FamilienplanerWatchWidgets' from project 'Familienplaner')
    cd /Users/runner/work/familienplaner/familienplaner
    builtin-copy -exclude .DS_Store -exclude CVS -exclude .svn -exclude .git -exclude .hg -resolve-src-symlinks -rename /Users/runner/Library/Developer/Xcode/DerivedData/Familienplaner-dmcrrzfthkjbwogvslwbznxtcpok/Build/Intermediates.noindex/Familienplaner.build/Debug-watchsimulator/FamilienplanerWatchWidgets.build/Objects-normal/arm64/FamilienplanerWatchWidgets.swiftmodule /Users/runner/Library/Developer/Xcode/DerivedData/Familienplaner-dmcrrzfthkjbwogvslwbznxtcpok/Build/Products/Debug-watchsimulator/FamilienplanerWatchWidgets.swiftmodule/arm64-apple-watchos-simulator.swiftmodule

Copy /Users/runner/Library/Developer/Xcode/DerivedData/Familienplaner-dmcrrzfthkjbwogvslwbznxtcpok/Build/Products/Debug-watchsimulator/FamilienplanerWatchWidgets.swiftmodule/arm64-apple-watchos-simulator.swiftdoc /Users/runner/Library/Developer/Xcode/DerivedData/Familienplaner-dmcrrzfthkjbwogvslwbznxtcpok/Build/Intermediates.noindex/Familienplaner.build/Debug-watchsimulator/FamilienplanerWatchWidgets.build/Objects-normal/arm64/FamilienplanerWatchWidgets.swiftdoc (in target 'FamilienplanerWatchWidgets' from project 'Familienplaner')
    cd /Users/runner/work/familienplaner/familienplaner
    builtin-copy -exclude .DS_Store -exclude CVS -exclude .svn -exclude .git -exclude .hg -resolve-src-symlinks -rename /Users/runner/Library/Developer/Xcode/DerivedData/Familienplaner-dmcrrzfthkjbwogvslwbznxtcpok/Build/Intermediates.noindex/Familienplaner.build/Debug-watchsimulator/FamilienplanerWatchWidgets.build/Objects-normal/arm64/FamilienplanerWatchWidgets.swiftdoc /Users/runner/Library/Developer/Xcode/DerivedData/Familienplaner-dmcrrzfthkjbwogvslwbznxtcpok/Build/Products/Debug-watchsimulator/FamilienplanerWatchWidgets.swiftmodule/arm64-apple-watchos-simulator.swiftdoc

Copy /Users/runner/Library/Developer/Xcode/DerivedData/Familienplaner-dmcrrzfthkjbwogvslwbznxtcpok/Build/Products/Debug-watchsimulator/FamilienplanerWatchWidgets.swiftmodule/arm64-apple-watchos-simulator.abi.json /Users/runner/Library/Developer/Xcode/DerivedData/Familienplaner-dmcrrzfthkjbwogvslwbznxtcpok/Build/Intermediates.noindex/Familienplaner.build/Debug-watchsimulator/FamilienplanerWatchWidgets.build/Objects-normal/arm64/FamilienplanerWatchWidgets.abi.json (in target 'FamilienplanerWatchWidgets' from project 'Familienplaner')
    cd /Users/runner/work/familienplaner/familienplaner
    builtin-copy -exclude .DS_Store -exclude CVS -exclude .svn -exclude .git -exclude .hg -resolve-src-symlinks -rename /Users/runner/Library/Developer/Xcode/DerivedData/Familienplaner-dmcrrzfthkjbwogvslwbznxtcpok/Build/Intermediates.noindex/Familienplaner.build/Debug-watchsimulator/FamilienplanerWatchWidgets.build/Objects-normal/arm64/FamilienplanerWatchWidgets.abi.json /Users/runner/Library/Developer/Xcode/DerivedData/Familienplaner-dmcrrzfthkjbwogvslwbznxtcpok/Build/Products/Debug-watchsimulator/FamilienplanerWatchWidgets.swiftmodule/arm64-apple-watchos-simulator.abi.json

Copy /Users/runner/Library/Developer/Xcode/DerivedData/Familienplaner-dmcrrzfthkjbwogvslwbznxtcpok/Build/Products/Debug-watchsimulator/FamilienplanerWatchWidgets.swiftmodule/Project/x86_64-apple-watchos-simulator.swiftsourceinfo /Users/runner/Library/Developer/Xcode/DerivedData/Familienplaner-dmcrrzfthkjbwogvslwbznxtcpok/Build/Intermediates.noindex/Familienplaner.build/Debug-watchsimulator/FamilienplanerWatchWidgets.build/Objects-normal/x86_64/FamilienplanerWatchWidgets.swiftsourceinfo (in target 'FamilienplanerWatchWidgets' from project 'Familienplaner')
    cd /Users/runner/work/familienplaner/familienplaner
    builtin-copy -exclude .DS_Store -exclude CVS -exclude .svn -exclude .git -exclude .hg -resolve-src-symlinks -rename /Users/runner/Library/Developer/Xcode/DerivedData/Familienplaner-dmcrrzfthkjbwogvslwbznxtcpok/Build/Intermediates.noindex/Familienplaner.build/Debug-watchsimulator/FamilienplanerWatchWidgets.build/Objects-normal/x86_64/FamilienplanerWatchWidgets.swiftsourceinfo /Users/runner/Library/Developer/Xcode/DerivedData/Familienplaner-dmcrrzfthkjbwogvslwbznxtcpok/Build/Products/Debug-watchsimulator/FamilienplanerWatchWidgets.swiftmodule/Project/x86_64-apple-watchos-simulator.swiftsourceinfo

Copy /Users/runner/Library/Developer/Xcode/DerivedData/Familienplaner-dmcrrzfthkjbwogvslwbznxtcpok/Build/Products/Debug-watchsimulator/FamilienplanerWatchWidgets.swiftmodule/Project/arm64-apple-watchos-simulator.swiftsourceinfo /Users/runner/Library/Developer/Xcode/DerivedData/Familienplaner-dmcrrzfthkjbwogvslwbznxtcpok/Build/Intermediates.noindex/Familienplaner.build/Debug-watchsimulator/FamilienplanerWatchWidgets.build/Objects-normal/arm64/FamilienplanerWatchWidgets.swiftsourceinfo (in target 'FamilienplanerWatchWidgets' from project 'Familienplaner')
    cd /Users/runner/work/familienplaner/familienplaner
    builtin-copy -exclude .DS_Store -exclude CVS -exclude .svn -exclude .git -exclude .hg -resolve-src-symlinks -rename /Users/runner/Library/Developer/Xcode/DerivedData/Familienplaner-dmcrrzfthkjbwogvslwbznxtcpok/Build/Intermediates.noindex/Familienplaner.build/Debug-watchsimulator/FamilienplanerWatchWidgets.build/Objects-normal/arm64/FamilienplanerWatchWidgets.swiftsourceinfo /Users/runner/Library/Developer/Xcode/DerivedData/Familienplaner-dmcrrzfthkjbwogvslwbznxtcpok/Build/Products/Debug-watchsimulator/FamilienplanerWatchWidgets.swiftmodule/Project/arm64-apple-watchos-simulator.swiftsourceinfo

SwiftExplicitDependencyGeneratePcm arm64 /Users/runner/Library/Developer/Xcode/DerivedData/ModuleCache.noindex/CFNetwork-8PJYFWVQT0M4ZWNH908FUJC1.pcm

SwiftExplicitDependencyGeneratePcm arm64 /Users/runner/Library/Developer/Xcode/DerivedData/ModuleCache.noindex/CoreGraphics-1JP9R1PWB5EVV6V7QNUYBGUQJ.pcm

SwiftExplicitDependencyGeneratePcm arm64 /Users/runner/Library/Developer/Xcode/DerivedData/ModuleCache.noindex/XPC-C2KNQUN08IC7GC6GQG6VG4HB2.pcm

SwiftExplicitDependencyGeneratePcm arm64 /Users/runner/Library/Developer/Xcode/DerivedData/ModuleCache.noindex/Security-7MBCK92OU4YLY5WMS4DTZ08RN.pcm

SwiftExplicitDependencyGeneratePcm arm64 /Users/runner/Library/Developer/Xcode/DerivedData/ModuleCache.noindex/dnssd-7ZBZ60H5D2CZC8WZBJMX045OX.pcm

SwiftExplicitDependencyGeneratePcm arm64 /Users/runner/Library/Developer/Xcode/DerivedData/ModuleCache.noindex/os-38HJ17PBTNJZKH3HBPJT2S0J2.pcm

SwiftExplicitDependencyGeneratePcm arm64 /Users/runner/Library/Developer/Xcode/DerivedData/ModuleCache.noindex/CoreText-EOZFFA9B82E9EJHPYBMP2WKT.pcm

SwiftExplicitDependencyGeneratePcm arm64 /Users/runner/Library/Developer/Xcode/DerivedData/ModuleCache.noindex/Foundation-CMM3B33G0TPK7JPHIRMEEMPJF.pcm

SwiftExplicitDependencyGeneratePcm arm64 /Users/runner/Library/Developer/Xcode/DerivedData/ModuleCache.noindex/ImageIO-B4D3135LP88MF1GPBWRVS4PRX.pcm

SwiftExplicitDependencyGeneratePcm arm64 /Users/runner/Library/Developer/Xcode/DerivedData/ModuleCache.noindex/Symbols-9MH9V61DC6VFEQBE5PR5BDPEJ.pcm

SwiftExplicitDependencyGeneratePcm arm64 /Users/runner/Library/Developer/Xcode/DerivedData/ModuleCache.noindex/DataDetection-1DKXR01OFHDX5Z08EGSB06SA4.pcm

SwiftExplicitDependencyGeneratePcm arm64 /Users/runner/Library/Developer/Xcode/DerivedData/ModuleCache.noindex/UIUtilities-728VOWUFOTY6FOHT0CUV2IPBI.pcm

SwiftDriverJobDiscovery normal x86_64 Compiling WatchSnapshot.swift (in target 'FamilienplanerWatchWidgets' from project 'Familienplaner')

SwiftExplicitDependencyGeneratePcm arm64 /Users/runner/Library/Developer/Xcode/DerivedData/ModuleCache.noindex/OpenGLES-82TWM7C0577BS2KVO8L16P27M.pcm

SwiftExplicitDependencyGeneratePcm arm64 /Users/runner/Library/Developer/Xcode/DerivedData/ModuleCache.noindex/_LocationEssentials-4GPXR2K0FMAQCI5JI7NO7LZPO.pcm

SwiftExplicitDependencyGeneratePcm arm64 /Users/runner/Library/Developer/Xcode/DerivedData/ModuleCache.noindex/UniformTypeIdentifiers-7GLF8TVPX990TP1NH59Y4125K.pcm

SwiftExplicitDependencyGeneratePcm arm64 /Users/runner/Library/Developer/Xcode/DerivedData/ModuleCache.noindex/CoreData-340SREAV1KKAZAHJLJ6FBS8IZ.pcm

SwiftExplicitDependencyGeneratePcm arm64 /Users/runner/Library/Developer/Xcode/DerivedData/ModuleCache.noindex/RelevanceKit-CTJ4FBQ8KCHK2NPCBT6V3VAN6.pcm

SwiftExplicitDependencyGeneratePcm arm64 /Users/runner/Library/Developer/Xcode/DerivedData/ModuleCache.noindex/CoreSpotlight-BUB88ANTKMSQ0NUG35XEFO6WV.pcm

SwiftExplicitDependencyGeneratePcm arm64 /Users/runner/Library/Developer/Xcode/DerivedData/ModuleCache.noindex/Accessibility-2DIA3XDS7BMIH99L2CTTCU026.pcm

SwiftExplicitDependencyGeneratePcm arm64 /Users/runner/Library/Developer/Xcode/DerivedData/ModuleCache.noindex/IOSurface-692WCWWT96RLWFNBYZ9AIDXR8.pcm

SwiftExplicitDependencyGeneratePcm arm64 /Users/runner/Library/Developer/Xcode/DerivedData/ModuleCache.noindex/Network-8D3QUQBXMLWVY3LVJM2AKS39F.pcm

SwiftExplicitDependencyGeneratePcm arm64 /Users/runner/Library/Developer/Xcode/DerivedData/ModuleCache.noindex/UserNotifications-QX4Y6N4R3ZICYY0IUN7FI8I9.pcm

SwiftExplicitDependencyGeneratePcm arm64 /Users/runner/Library/Developer/Xcode/DerivedData/ModuleCache.noindex/Metal-8D5GSTQ28D5OLRB1A8LRV59T0.pcm

SwiftExplicitDependencyGeneratePcm arm64 /Users/runner/Library/Developer/Xcode/DerivedData/ModuleCache.noindex/FileProvider-2UEJUV9930UBEHC3NH79CX53R.pcm

SwiftExplicitDependencyGeneratePcm arm64 /Users/runner/Library/Developer/Xcode/DerivedData/ModuleCache.noindex/OSLog-3RLJ4NT5CDM5H90PZAZD08NVA.pcm

SwiftExplicitDependencyGeneratePcm arm64 /Users/runner/Library/Developer/Xcode/DerivedData/ModuleCache.noindex/CoreLocation-5RVX10ZVM660N5EK9C0SV2EUG.pcm

SwiftExplicitDependencyGeneratePcm arm64 /Users/runner/Library/Developer/Xcode/DerivedData/ModuleCache.noindex/CoreVideo-2GZTAPJHMGAP8TDY3GKNKYPIB.pcm

SwiftExplicitDependencyGeneratePcm arm64 /Users/runner/Library/Developer/Xcode/DerivedData/ModuleCache.noindex/AppIntents-BRK9TMX0J7SUGIKRN3VMQOACV.pcm

SwiftExplicitDependencyGeneratePcm arm64 /Users/runner/Library/Developer/Xcode/DerivedData/ModuleCache.noindex/Intents-75UWJ6OT28H3TIWL7LWFDMTZS.pcm

SwiftExplicitDependencyGeneratePcm arm64 /Users/runner/Library/Developer/Xcode/DerivedData/ModuleCache.noindex/CoreImage-6B1IANJZRAAZJ3RMVMPM7A62T.pcm

SwiftExplicitDependencyGeneratePcm arm64 /Users/runner/Library/Developer/Xcode/DerivedData/ModuleCache.noindex/QuartzCore-DBCTVOMP1GFBQ3SUEQ0YXCMNS.pcm

SwiftExplicitDependencyGeneratePcm arm64 /Users/runner/Library/Developer/Xcode/DerivedData/ModuleCache.noindex/CoreTransferable-46DHIRC9H3QC86X1PAP6KYHFQ.pcm

SwiftExplicitDependencyGeneratePcm arm64 /Users/runner/Library/Developer/Xcode/DerivedData/ModuleCache.noindex/WidgetKit-55YMKQY8JYLXO7BIAWSKFF87.pcm

SwiftExplicitDependencyGeneratePcm arm64 /Users/runner/Library/Developer/Xcode/DerivedData/ModuleCache.noindex/UIKit-5ILYXT9E620F1EXMCPRSZTI56.pcm

SwiftExplicitDependencyGeneratePcm arm64 /Users/runner/Library/Developer/Xcode/DerivedData/ModuleCache.noindex/SwiftUICore-8JGWCX777NM2MRX5FPJB7LFYP.pcm

SwiftCompile normal arm64 Compiling\ WatchSnapshot.swift /Users/runner/work/familienplaner/familienplaner/Shared/WatchSnapshot.swift (in target 'FamilienplanerWatchWidgets' from project 'Familienplaner')

SwiftCompile normal arm64 /Users/runner/work/familienplaner/familienplaner/Shared/WatchSnapshot.swift (in target 'FamilienplanerWatchWidgets' from project 'Familienplaner')
    cd /Users/runner/work/familienplaner/familienplaner
    

SwiftCompile normal x86_64 Compiling\ WidgetBridge.swift /Users/runner/work/familienplaner/familienplaner/Shared/WidgetBridge.swift (in target 'FamilienplanerWatchWidgets' from project 'Familienplaner')
SwiftCompile normal x86_64 /Users/runner/work/familienplaner/familienplaner/Shared/WidgetBridge.swift (in target 'FamilienplanerWatchWidgets' from project 'Familienplaner')
    cd /Users/runner/work/familienplaner/familienplaner
    

SwiftDriverJobDiscovery normal arm64 Compiling WatchSnapshot.swift (in target 'FamilienplanerWatchWidgets' from project 'Familienplaner')

SwiftCompile normal arm64 Compiling\ FamilienplanerWatchWidgets.swift,\ SharedInbox.swift /Users/runner/work/familienplaner/familienplaner/WatchWidgets/FamilienplanerWatchWidgets.swift /Users/runner/work/familienplaner/familienplaner/Shared/SharedInbox.swift (in target 'FamilienplanerWatchWidgets' from project 'Familienplaner')

SwiftCompile normal arm64 /Users/runner/work/familienplaner/familienplaner/WatchWidgets/FamilienplanerWatchWidgets.swift (in target 'FamilienplanerWatchWidgets' from project 'Familienplaner')
    cd /Users/runner/work/familienplaner/familienplaner
    

SwiftCompile normal arm64 /Users/runner/work/familienplaner/familienplaner/Shared/SharedInbox.swift (in target 'FamilienplanerWatchWidgets' from project 'Familienplaner')
    cd /Users/runner/work/familienplaner/familienplaner
    

SwiftExplicitDependencyGeneratePcm arm64 /Users/runner/Library/Developer/Xcode/DerivedData/ModuleCache.noindex/PDFKit-DBB152GDJGWG0QC1407RBXY2.pcm

SwiftDriverJobDiscovery normal arm64 Compiling WidgetBridge.swift (in target 'FamilienplanerWatchWidgets' from project 'Familienplaner')

SwiftExplicitDependencyGeneratePcm arm64 /Users/runner/Library/Developer/Xcode/DerivedData/ModuleCache.noindex/SwiftUI-DFGVQW06LIMJ0LJG8O3I4DU2I.pcm

SwiftCompile normal x86_64 Compiling\ FamilienplanerWatchWidgets.swift,\ SharedInbox.swift /Users/runner/work/familienplaner/familienplaner/WatchWidgets/FamilienplanerWatchWidgets.swift /Users/runner/work/familienplaner/familienplaner/Shared/SharedInbox.swift (in target 'FamilienplanerWatchWidgets' from project 'Familienplaner')

SwiftCompile normal x86_64 /Users/runner/work/familienplaner/familienplaner/WatchWidgets/FamilienplanerWatchWidgets.swift (in target 'FamilienplanerWatchWidgets' from project 'Familienplaner')
    cd /Users/runner/work/familienplaner/familienplaner
    

SwiftCompile normal x86_64 /Users/runner/work/familienplaner/familienplaner/Shared/SharedInbox.swift (in target 'FamilienplanerWatchWidgets' from project 'Familienplaner')
    cd /Users/runner/work/familienplaner/familienplaner
    

SwiftEmitModule normal arm64 Emitting\ module\ for\ FamilienplanerWidgets (in target 'FamilienplanerWidgets' from project 'Familienplaner')

EmitSwiftModule normal arm64 (in target 'FamilienplanerWidgets' from project 'Familienplaner')
    cd /Users/runner/work/familienplaner/familienplaner
    

SwiftDriverJobDiscovery normal arm64 Compiling FamilienplanerWatchWidgets.swift, SharedInbox.swift (in target 'FamilienplanerWatchWidgets' from project 'Familienplaner')

SwiftEmitModule normal arm64 Emitting\ module\ for\ FamilienplanerShare (in target 'FamilienplanerShare' from project 'Familienplaner')

EmitSwiftModule normal arm64 (in target 'FamilienplanerShare' from project 'Familienplaner')
    cd /Users/runner/work/familienplaner/familienplaner
    

SwiftDriverJobDiscovery normal arm64 Emitting module for FamilienplanerWidgets (in target 'FamilienplanerWidgets' from project 'Familienplaner')

SwiftDriver\ Compilation\ Requirements FamilienplanerWidgets normal arm64 com.apple.xcode.tools.swift.compiler (in target 'FamilienplanerWidgets' from project 'Familienplaner')
    cd /Users/runner/work/familienplaner/familienplaner
    builtin-Swift-Compilation-Requirements -- /Applications/Xcode_26.6.app/Contents/Developer/Toolchains/XcodeDefault.xctoolchain/usr/bin/swiftc -module-name FamilienplanerWidgets -Onone @/Users/runner/Library/Developer/Xcode/DerivedData/Familienplaner-dmcrrzfthkjbwogvslwbznxtcpok/Build/Intermediates.noindex/Familienplaner.build/Debug-iphonesimulator/FamilienplanerWidgets.build/Objects-normal/arm64/FamilienplanerWidgets.SwiftFileList -DDEBUG -enable-bare-slash-regex -enable-experimental-feature DebugDescriptionMacro -sdk /Applications/Xcode_26.6.app/Contents/Developer/Platforms/iPhoneSimulator.platform/Developer/SDKs/iPhoneSimulator26.5.sdk -target arm64-apple-ios26.0-simulator -g -module-cache-path /Users/runner/Library/Developer/Xcode/DerivedData/ModuleCache.noindex -Xfrontend -serialize-debugging-options -application-extension -profile-coverage-mapping -profile-generate -enable-testing -index-store-path /Users/runner/Library/Developer/Xcode/DerivedData/Familienplaner-dmcrrzfthkjbwogvslwbznxtcpok/Index.noindex/DataStore -Xcc -D_LIBCPP_HARDENING_MODE\=_LIBCPP_HARDENING_MODE_DEBUG -swift-version 5 -I /Users/runner/Library/Developer/Xcode/DerivedData/Familienplaner-dmcrrzfthkjbwogvslwbznxtcpok/Build/Products/Debug-iphonesimulator -F /Users/runner/Library/Developer/Xcode/DerivedData/Familienplaner-dmcrrzfthkjbwogvslwbznxtcpok/Build/Products/Debug-iphonesimulator -c -j3 -enable-batch-mode -incremental -Xcc -ivfsstatcache -Xcc /Users/runner/Library/Developer/Xcode/DerivedData/SDKStatCaches.noindex/iphonesimulator26.5-23F81a-688ef53f1462e2c8f657fdc38a81448ff45c64a1807a658693f2a61704f17a36.sdkstatcache -output-file-map /Users/runner/Library/Developer/Xcode/DerivedData/Familienplaner-dmcrrzfthkjbwogvslwbznxtcpok/Build/Intermediates.noindex/Familienplaner.build/Debug-iphonesimulator/FamilienplanerWidgets.build/Objects-normal/arm64/FamilienplanerWidgets-OutputFileMap.json -use-frontend-parseable-output -save-temps -no-color-diagnostics -explicit-module-build -module-cache-path /Users/runner/Library/Developer/Xcode/DerivedData/Familienplaner-dmcrrzfthkjbwogvslwbznxtcpok/Build/Intermediates.noindex/SwiftExplicitPrecompiledModules -clang-scanner-module-cache-path /Users/runner/Library/Developer/Xcode/DerivedData/ModuleCache.noindex -sdk-module-cache-path /Users/runner/Library/Developer/Xcode/DerivedData/ModuleCache.noindex -serialize-diagnostics -emit-dependencies -emit-module -emit-module-path /Users/runner/Library/Developer/Xcode/DerivedData/Familienplaner-dmcrrzfthkjbwogvslwbznxtcpok/Build/Intermediates.noindex/Familienplaner.build/Debug-iphonesimulator/FamilienplanerWidgets.build/Objects-normal/arm64/FamilienplanerWidgets.swiftmodule -validate-clang-modules-once -clang-build-session-file /Users/runner/Library/Developer/Xcode/DerivedData/ModuleCache.noindex/Session.modulevalidation -Xcc -I/Users/runner/Library/Developer/Xcode/DerivedData/Familienplaner-dmcrrzfthkjbwogvslwbznxtcpok/Build/Intermediates.noindex/Familienplaner.build/Debug-iphonesimulator/FamilienplanerWidgets.build/swift-overrides.hmap -emit-const-values -Xfrontend -const-gather-protocols-file -Xfrontend /Users/runner/Library/Developer/Xcode/DerivedData/Familienplaner-dmcrrzfthkjbwogvslwbznxtcpok/Build/Intermediates.noindex/Familienplaner.build/Debug-iphonesimulator/FamilienplanerWidgets.build/Objects-normal/arm64/FamilienplanerWidgets_const_extract_protocols.json -Xcc -iquote -Xcc /Users/runner/Library/Developer/Xcode/DerivedData/Familienplaner-dmcrrzfthkjbwogvslwbznxtcpok/Build/Intermediates.noindex/Familienplaner.build/Debug-iphonesimulator/FamilienplanerWidgets.build/FamilienplanerWidgets-generated-files.hmap -Xcc -I/Users/runner/Library/Developer/Xcode/DerivedData/Familienplaner-dmcrrzfthkjbwogvslwbznxtcpok/Build/Intermediates.noindex/Familienplaner.build/Debug-iphonesimulator/FamilienplanerWidgets.build/FamilienplanerWidgets-own-target-headers.hmap -Xcc -I/Users/runner/Library/Developer/Xcode/DerivedData/Familienplaner-dmcrrzfthkjbwogvslwbznxtcpok/Build/Intermediates.noindex/Familienplaner.build/Debug-iphonesimulator/FamilienplanerWidgets.build/FamilienplanerWidgets-all-target-headers.hmap -Xcc -iquote -Xcc /Users/runner/Library/Developer/Xcode/DerivedData/Familienplaner-dmcrrzfthkjbwogvslwbznxtcpok/Build/Intermediates.noindex/Familienplaner.build/Debug-iphonesimulator/FamilienplanerWidgets.build/FamilienplanerWidgets-project-headers.hmap -Xcc -I/Users/runner/Library/Developer/Xcode/DerivedData/Familienplaner-dmcrrzfthkjbwogvslwbznxtcpok/Build/Products/Debug-iphonesimulator/include -Xcc -I/Users/runner/Library/Developer/Xcode/DerivedData/Familienplaner-dmcrrzfthkjbwogvslwbznxtcpok/Build/Intermediates.noindex/Familienplaner.build/Debug-iphonesimulator/FamilienplanerWidgets.build/DerivedSources-normal/arm64 -Xcc -I/Users/runner/Library/Developer/Xcode/DerivedData/Familienplaner-dmcrrzfthkjbwogvslwbznxtcpok/Build/Intermediates.noindex/Familienplaner.build/Debug-iphonesimulator/FamilienplanerWidgets.build/DerivedSources/arm64 -Xcc -I/Users/runner/Library/Developer/Xcode/DerivedData/Familienplaner-dmcrrzfthkjbwogvslwbznxtcpok/Build/Intermediates.noindex/Familienplaner.build/Debug-iphonesimulator/FamilienplanerWidgets.build/DerivedSources -Xcc -DDEBUG\=1 -emit-objc-header -emit-objc-header-path /Users/runner/Library/Developer/Xcode/DerivedData/Familienplaner-dmcrrzfthkjbwogvslwbznxtcpok/Build/Intermediates.noindex/Familienplaner.build/Debug-iphonesimulator/FamilienplanerWidgets.build/Objects-normal/arm64/FamilienplanerWidgets-Swift.h -working-directory /Users/runner/work/familienplaner/familienplaner -experimental-emit-module-separately -disable-cmo

SwiftDriverJobDiscovery normal arm64 Emitting module for FamilienplanerShare (in target 'FamilienplanerShare' from project 'Familienplaner')

SwiftDriver\ Compilation\ Requirements FamilienplanerShare normal arm64 com.apple.xcode.tools.swift.compiler (in target 'FamilienplanerShare' from project 'Familienplaner')
    cd /Users/runner/work/familienplaner/familienplaner
    builtin-Swift-Compilation-Requirements -- /Applications/Xcode_26.6.app/Contents/Developer/Toolchains/XcodeDefault.xctoolchain/usr/bin/swiftc -module-name FamilienplanerShare -Onone @/Users/runner/Library/Developer/Xcode/DerivedData/Familienplaner-dmcrrzfthkjbwogvslwbznxtcpok/Build/Intermediates.noindex/Familienplaner.build/Debug-iphonesimulator/FamilienplanerShare.build/Objects-normal/arm64/FamilienplanerShare.SwiftFileList -DDEBUG -enable-bare-slash-regex -enable-experimental-feature DebugDescriptionMacro -sdk /Applications/Xcode_26.6.app/Contents/Developer/Platforms/iPhoneSimulator.platform/Developer/SDKs/iPhoneSimulator26.5.sdk -target arm64-apple-ios26.0-simulator -g -module-cache-path /Users/runner/Library/Developer/Xcode/DerivedData/ModuleCache.noindex -Xfrontend -serialize-debugging-options -application-extension -profile-coverage-mapping -profile-generate -enable-testing -index-store-path /Users/runner/Library/Developer/Xcode/DerivedData/Familienplaner-dmcrrzfthkjbwogvslwbznxtcpok/Index.noindex/DataStore -Xcc -D_LIBCPP_HARDENING_MODE\=_LIBCPP_HARDENING_MODE_DEBUG -swift-version 5 -I /Users/runner/Library/Developer/Xcode/DerivedData/Familienplaner-dmcrrzfthkjbwogvslwbznxtcpok/Build/Products/Debug-iphonesimulator -F /Users/runner/Library/Developer/Xcode/DerivedData/Familienplaner-dmcrrzfthkjbwogvslwbznxtcpok/Build/Products/Debug-iphonesimulator -c -j3 -enable-batch-mode -incremental -Xcc -ivfsstatcache -Xcc /Users/runner/Library/Developer/Xcode/DerivedData/SDKStatCaches.noindex/iphonesimulator26.5-23F81a-688ef53f1462e2c8f657fdc38a81448ff45c64a1807a658693f2a61704f17a36.sdkstatcache -output-file-map /Users/runner/Library/Developer/Xcode/DerivedData/Familienplaner-dmcrrzfthkjbwogvslwbznxtcpok/Build/Intermediates.noindex/Familienplaner.build/Debug-iphonesimulator/FamilienplanerShare.build/Objects-normal/arm64/FamilienplanerShare-OutputFileMap.json -use-frontend-parseable-output -save-temps -no-color-diagnostics -explicit-module-build -module-cache-path /Users/runner/Library/Developer/Xcode/DerivedData/Familienplaner-dmcrrzfthkjbwogvslwbznxtcpok/Build/Intermediates.noindex/SwiftExplicitPrecompiledModules -clang-scanner-module-cache-path /Users/runner/Library/Developer/Xcode/DerivedData/ModuleCache.noindex -sdk-module-cache-path /Users/runner/Library/Developer/Xcode/DerivedData/ModuleCache.noindex -serialize-diagnostics -emit-dependencies -emit-module -emit-module-path /Users/runner/Library/Developer/Xcode/DerivedData/Familienplaner-dmcrrzfthkjbwogvslwbznxtcpok/Build/Intermediates.noindex/Familienplaner.build/Debug-iphonesimulator/FamilienplanerShare.build/Objects-normal/arm64/FamilienplanerShare.swiftmodule -validate-clang-modules-once -clang-build-session-file /Users/runner/Library/Developer/Xcode/DerivedData/ModuleCache.noindex/Session.modulevalidation -Xcc -I/Users/runner/Library/Developer/Xcode/DerivedData/Familienplaner-dmcrrzfthkjbwogvslwbznxtcpok/Build/Intermediates.noindex/Familienplaner.build/Debug-iphonesimulator/FamilienplanerShare.build/swift-overrides.hmap -emit-const-values -Xfrontend -const-gather-protocols-file -Xfrontend /Users/runner/Library/Developer/Xcode/DerivedData/Familienplaner-dmcrrzfthkjbwogvslwbznxtcpok/Build/Intermediates.noindex/Familienplaner.build/Debug-iphonesimulator/FamilienplanerShare.build/Objects-normal/arm64/FamilienplanerShare_const_extract_protocols.json -Xcc -iquote -Xcc /Users/runner/Library/Developer/Xcode/DerivedData/Familienplaner-dmcrrzfthkjbwogvslwbznxtcpok/Build/Intermediates.noindex/Familienplaner.build/Debug-iphonesimulator/FamilienplanerShare.build/FamilienplanerShare-generated-files.hmap -Xcc -I/Users/runner/Library/Developer/Xcode/DerivedData/Familienplaner-dmcrrzfthkjbwogvslwbznxtcpok/Build/Intermediates.noindex/Familienplaner.build/Debug-iphonesimulator/FamilienplanerShare.build/FamilienplanerShare-own-target-headers.hmap -Xcc -I/Users/runner/Library/Developer/Xcode/DerivedData/Familienplaner-dmcrrzfthkjbwogvslwbznxtcpok/Build/Intermediates.noindex/Familienplaner.build/Debug-iphonesimulator/FamilienplanerShare.build/FamilienplanerShare-all-target-headers.hmap -Xcc -iquote -Xcc /Users/runner/Library/Developer/Xcode/DerivedData/Familienplaner-dmcrrzfthkjbwogvslwbznxtcpok/Build/Intermediates.noindex/Familienplaner.build/Debug-iphonesimulator/FamilienplanerShare.build/FamilienplanerShare-project-headers.hmap -Xcc -I/Users/runner/Library/Developer/Xcode/DerivedData/Familienplaner-dmcrrzfthkjbwogvslwbznxtcpok/Build/Products/Debug-iphonesimulator/include -Xcc -I/Users/runner/Library/Developer/Xcode/DerivedData/Familienplaner-dmcrrzfthkjbwogvslwbznxtcpok/Build/Intermediates.noindex/Familienplaner.build/Debug-iphonesimulator/FamilienplanerShare.build/DerivedSources-normal/arm64 -Xcc -I/Users/runner/Library/Developer/Xcode/DerivedData/Familienplaner-dmcrrzfthkjbwogvslwbznxtcpok/Build/Intermediates.noindex/Familienplaner.build/Debug-iphonesimulator/FamilienplanerShare.build/DerivedSources/arm64 -Xcc -I/Users/runner/Library/Developer/Xcode/DerivedData/Familienplaner-dmcrrzfthkjbwogvslwbznxtcpok/Build/Intermediates.noindex/Familienplaner.build/Debug-iphonesimulator/FamilienplanerShare.build/DerivedSources -Xcc -DDEBUG\=1 -emit-objc-header -emit-objc-header-path /Users/runner/Library/Developer/Xcode/DerivedData/Familienplaner-dmcrrzfthkjbwogvslwbznxtcpok/Build/Intermediates.noindex/Familienplaner.build/Debug-iphonesimulator/FamilienplanerShare.build/Objects-normal/arm64/FamilienplanerShare-Swift.h -working-directory /Users/runner/work/familienplaner/familienplaner -experimental-emit-module-separately -disable-cmo

SwiftCompile normal arm64 Compiling\ FamilienplanerWidgets.swift,\ SharedInbox.swift /Users/runner/work/familienplaner/familienplaner/Widgets/FamilienplanerWidgets.swift /Users/runner/work/familienplaner/familienplaner/Shared/SharedInbox.swift (in target 'FamilienplanerWidgets' from project 'Familienplaner')
SwiftCompile normal arm64 /Users/runner/work/familienplaner/familienplaner/Widgets/FamilienplanerWidgets.swift (in target 'FamilienplanerWidgets' from project 'Familienplaner')
    cd /Users/runner/work/familienplaner/familienplaner
    

SwiftCompile normal arm64 /Users/runner/work/familienplaner/familienplaner/Shared/SharedInbox.swift (in target 'FamilienplanerWidgets' from project 'Familienplaner')
    cd /Users/runner/work/familienplaner/familienplaner
    

SwiftDriverJobDiscovery normal x86_64 Compiling FamilienplanerWatchWidgets.swift, SharedInbox.swift (in target 'FamilienplanerWatchWidgets' from project 'Familienplaner')

SwiftMergeGeneratedHeaders /Users/runner/Library/Developer/Xcode/DerivedData/Familienplaner-dmcrrzfthkjbwogvslwbznxtcpok/Build/Intermediates.noindex/Familienplaner.build/Debug-iphonesimulator/FamilienplanerWidgets.build/DerivedSources/FamilienplanerWidgets-Swift.h /Users/runner/Library/Developer/Xcode/DerivedData/Familienplaner-dmcrrzfthkjbwogvslwbznxtcpok/Build/Intermediates.noindex/Familienplaner.build/Debug-iphonesimulator/FamilienplanerWidgets.build/Objects-normal/arm64/FamilienplanerWidgets-Swift.h (in target 'FamilienplanerWidgets' from project 'Familienplaner')
    cd /Users/runner/work/familienplaner/familienplaner
    builtin-swiftHeaderTool -arch arm64 /Users/runner/Library/Developer/Xcode/DerivedData/Familienplaner-dmcrrzfthkjbwogvslwbznxtcpok/Build/Intermediates.noindex/Familienplaner.build/Debug-iphonesimulator/FamilienplanerWidgets.build/Objects-normal/arm64/FamilienplanerWidgets-Swift.h -o /Users/runner/Library/Developer/Xcode/DerivedData/Familienplaner-dmcrrzfthkjbwogvslwbznxtcpok/Build/Intermediates.noindex/Familienplaner.build/Debug-iphonesimulator/FamilienplanerWidgets.build/DerivedSources/FamilienplanerWidgets-Swift.h

Copy /Users/runner/Library/Developer/Xcode/DerivedData/Familienplaner-dmcrrzfthkjbwogvslwbznxtcpok/Build/Products/Debug-iphonesimulator/FamilienplanerWidgets.swiftmodule/arm64-apple-ios-simulator.swiftmodule /Users/runner/Library/Developer/Xcode/DerivedData/Familienplaner-dmcrrzfthkjbwogvslwbznxtcpok/Build/Intermediates.noindex/Familienplaner.build/Debug-iphonesimulator/FamilienplanerWidgets.build/Objects-normal/arm64/FamilienplanerWidgets.swiftmodule (in target 'FamilienplanerWidgets' from project 'Familienplaner')
    cd /Users/runner/work/familienplaner/familienplaner
    builtin-copy -exclude .DS_Store -exclude CVS -exclude .svn -exclude .git -exclude .hg -resolve-src-symlinks -rename /Users/runner/Library/Developer/Xcode/DerivedData/Familienplaner-dmcrrzfthkjbwogvslwbznxtcpok/Build/Intermediates.noindex/Familienplaner.build/Debug-iphonesimulator/FamilienplanerWidgets.build/Objects-normal/arm64/FamilienplanerWidgets.swiftmodule /Users/runner/Library/Developer/Xcode/DerivedData/Familienplaner-dmcrrzfthkjbwogvslwbznxtcpok/Build/Products/Debug-iphonesimulator/FamilienplanerWidgets.swiftmodule/arm64-apple-ios-simulator.swiftmodule

Copy /Users/runner/Library/Developer/Xcode/DerivedData/Familienplaner-dmcrrzfthkjbwogvslwbznxtcpok/Build/Products/Debug-iphonesimulator/FamilienplanerWidgets.swiftmodule/arm64-apple-ios-simulator.swiftdoc /Users/runner/Library/Developer/Xcode/DerivedData/Familienplaner-dmcrrzfthkjbwogvslwbznxtcpok/Build/Intermediates.noindex/Familienplaner.build/Debug-iphonesimulator/FamilienplanerWidgets.build/Objects-normal/arm64/FamilienplanerWidgets.swiftdoc (in target 'FamilienplanerWidgets' from project 'Familienplaner')
    cd /Users/runner/work/familienplaner/familienplaner
    builtin-copy -exclude .DS_Store -exclude CVS -exclude .svn -exclude .git -exclude .hg -resolve-src-symlinks -rename /Users/runner/Library/Developer/Xcode/DerivedData/Familienplaner-dmcrrzfthkjbwogvslwbznxtcpok/Build/Intermediates.noindex/Familienplaner.build/Debug-iphonesimulator/FamilienplanerWidgets.build/Objects-normal/arm64/FamilienplanerWidgets.swiftdoc /Users/runner/Library/Developer/Xcode/DerivedData/Familienplaner-dmcrrzfthkjbwogvslwbznxtcpok/Build/Products/Debug-iphonesimulator/FamilienplanerWidgets.swiftmodule/arm64-apple-ios-simulator.swiftdoc

Copy /Users/runner/Library/Developer/Xcode/DerivedData/Familienplaner-dmcrrzfthkjbwogvslwbznxtcpok/Build/Products/Debug-iphonesimulator/FamilienplanerWidgets.swiftmodule/arm64-apple-ios-simulator.abi.json /Users/runner/Library/Developer/Xcode/DerivedData/Familienplaner-dmcrrzfthkjbwogvslwbznxtcpok/Build/Intermediates.noindex/Familienplaner.build/Debug-iphonesimulator/FamilienplanerWidgets.build/Objects-normal/arm64/FamilienplanerWidgets.abi.json (in target 'FamilienplanerWidgets' from project 'Familienplaner')
    cd /Users/runner/work/familienplaner/familienplaner
    builtin-copy -exclude .DS_Store -exclude CVS -exclude .svn -exclude .git -exclude .hg -resolve-src-symlinks -rename /Users/runner/Library/Developer/Xcode/DerivedData/Familienplaner-dmcrrzfthkjbwogvslwbznxtcpok/Build/Intermediates.noindex/Familienplaner.build/Debug-iphonesimulator/FamilienplanerWidgets.build/Objects-normal/arm64/FamilienplanerWidgets.abi.json /Users/runner/Library/Developer/Xcode/DerivedData/Familienplaner-dmcrrzfthkjbwogvslwbznxtcpok/Build/Products/Debug-iphonesimulator/FamilienplanerWidgets.swiftmodule/arm64-apple-ios-simulator.abi.json

Copy /Users/runner/Library/Developer/Xcode/DerivedData/Familienplaner-dmcrrzfthkjbwogvslwbznxtcpok/Build/Products/Debug-iphonesimulator/FamilienplanerWidgets.swiftmodule/Project/arm64-apple-ios-simulator.swiftsourceinfo /Users/runner/Library/Developer/Xcode/DerivedData/Familienplaner-dmcrrzfthkjbwogvslwbznxtcpok/Build/Intermediates.noindex/Familienplaner.build/Debug-iphonesimulator/FamilienplanerWidgets.build/Objects-normal/arm64/FamilienplanerWidgets.swiftsourceinfo (in target 'FamilienplanerWidgets' from project 'Familienplaner')
    cd /Users/runner/work/familienplaner/familienplaner
    builtin-copy -exclude .DS_Store -exclude CVS -exclude .svn -exclude .git -exclude .hg -resolve-src-symlinks -rename /Users/runner/Library/Developer/Xcode/DerivedData/Familienplaner-dmcrrzfthkjbwogvslwbznxtcpok/Build/Intermediates.noindex/Familienplaner.build/Debug-iphonesimulator/FamilienplanerWidgets.build/Objects-normal/arm64/FamilienplanerWidgets.swiftsourceinfo /Users/runner/Library/Developer/Xcode/DerivedData/Familienplaner-dmcrrzfthkjbwogvslwbznxtcpok/Build/Products/Debug-iphonesimulator/FamilienplanerWidgets.swiftmodule/Project/arm64-apple-ios-simulator.swiftsourceinfo

SwiftMergeGeneratedHeaders /Users/runner/Library/Developer/Xcode/DerivedData/Familienplaner-dmcrrzfthkjbwogvslwbznxtcpok/Build/Intermediates.noindex/Familienplaner.build/Debug-iphonesimulator/FamilienplanerShare.build/DerivedSources/FamilienplanerShare-Swift.h /Users/runner/Library/Developer/Xcode/DerivedData/Familienplaner-dmcrrzfthkjbwogvslwbznxtcpok/Build/Intermediates.noindex/Familienplaner.build/Debug-iphonesimulator/FamilienplanerShare.build/Objects-normal/arm64/FamilienplanerShare-Swift.h (in target 'FamilienplanerShare' from project 'Familienplaner')
    cd /Users/runner/work/familienplaner/familienplaner
    builtin-swiftHeaderTool -arch arm64 /Users/runner/Library/Developer/Xcode/DerivedData/Familienplaner-dmcrrzfthkjbwogvslwbznxtcpok/Build/Intermediates.noindex/Familienplaner.build/Debug-iphonesimulator/FamilienplanerShare.build/Objects-normal/arm64/FamilienplanerShare-Swift.h -o /Users/runner/Library/Developer/Xcode/DerivedData/Familienplaner-dmcrrzfthkjbwogvslwbznxtcpok/Build/Intermediates.noindex/Familienplaner.build/Debug-iphonesimulator/FamilienplanerShare.build/DerivedSources/FamilienplanerShare-Swift.h

Copy /Users/runner/Library/Developer/Xcode/DerivedData/Familienplaner-dmcrrzfthkjbwogvslwbznxtcpok/Build/Products/Debug-iphonesimulator/FamilienplanerShare.swiftmodule/arm64-apple-ios-simulator.swiftmodule /Users/runner/Library/Developer/Xcode/DerivedData/Familienplaner-dmcrrzfthkjbwogvslwbznxtcpok/Build/Intermediates.noindex/Familienplaner.build/Debug-iphonesimulator/FamilienplanerShare.build/Objects-normal/arm64/FamilienplanerShare.swiftmodule (in target 'FamilienplanerShare' from project 'Familienplaner')
    cd /Users/runner/work/familienplaner/familienplaner
    builtin-copy -exclude .DS_Store -exclude CVS -exclude .svn -exclude .git -exclude .hg -resolve-src-symlinks -rename /Users/runner/Library/Developer/Xcode/DerivedData/Familienplaner-dmcrrzfthkjbwogvslwbznxtcpok/Build/Intermediates.noindex/Familienplaner.build/Debug-iphonesimulator/FamilienplanerShare.build/Objects-normal/arm64/FamilienplanerShare.swiftmodule /Users/runner/Library/Developer/Xcode/DerivedData/Familienplaner-dmcrrzfthkjbwogvslwbznxtcpok/Build/Products/Debug-iphonesimulator/FamilienplanerShare.swiftmodule/arm64-apple-ios-simulator.swiftmodule

Copy /Users/runner/Library/Developer/Xcode/DerivedData/Familienplaner-dmcrrzfthkjbwogvslwbznxtcpok/Build/Products/Debug-iphonesimulator/FamilienplanerShare.swiftmodule/arm64-apple-ios-simulator.swiftdoc /Users/runner/Library/Developer/Xcode/DerivedData/Familienplaner-dmcrrzfthkjbwogvslwbznxtcpok/Build/Intermediates.noindex/Familienplaner.build/Debug-iphonesimulator/FamilienplanerShare.build/Objects-normal/arm64/FamilienplanerShare.swiftdoc (in target 'FamilienplanerShare' from project 'Familienplaner')
    cd /Users/runner/work/familienplaner/familienplaner
    builtin-copy -exclude .DS_Store -exclude CVS -exclude .svn -exclude .git -exclude .hg -resolve-src-symlinks -rename /Users/runner/Library/Developer/Xcode/DerivedData/Familienplaner-dmcrrzfthkjbwogvslwbznxtcpok/Build/Intermediates.noindex/Familienplaner.build/Debug-iphonesimulator/FamilienplanerShare.build/Objects-normal/arm64/FamilienplanerShare.swiftdoc /Users/runner/Library/Developer/Xcode/DerivedData/Familienplaner-dmcrrzfthkjbwogvslwbznxtcpok/Build/Products/Debug-iphonesimulator/FamilienplanerShare.swiftmodule/arm64-apple-ios-simulator.swiftdoc

Copy /Users/runner/Library/Developer/Xcode/DerivedData/Familienplaner-dmcrrzfthkjbwogvslwbznxtcpok/Build/Products/Debug-iphonesimulator/FamilienplanerShare.swiftmodule/arm64-apple-ios-simulator.abi.json /Users/runner/Library/Developer/Xcode/DerivedData/Familienplaner-dmcrrzfthkjbwogvslwbznxtcpok/Build/Intermediates.noindex/Familienplaner.build/Debug-iphonesimulator/FamilienplanerShare.build/Objects-normal/arm64/FamilienplanerShare.abi.json (in target 'FamilienplanerShare' from project 'Familienplaner')
    cd /Users/runner/work/familienplaner/familienplaner
    builtin-copy -exclude .DS_Store -exclude CVS -exclude .svn -exclude .git -exclude .hg -resolve-src-symlinks -rename /Users/runner/Library/Developer/Xcode/DerivedData/Familienplaner-dmcrrzfthkjbwogvslwbznxtcpok/Build/Intermediates.noindex/Familienplaner.build/Debug-iphonesimulator/FamilienplanerShare.build/Objects-normal/arm64/FamilienplanerShare.abi.json /Users/runner/Library/Developer/Xcode/DerivedData/Familienplaner-dmcrrzfthkjbwogvslwbznxtcpok/Build/Products/Debug-iphonesimulator/FamilienplanerShare.swiftmodule/arm64-apple-ios-simulator.abi.json

Copy /Users/runner/Library/Developer/Xcode/DerivedData/Familienplaner-dmcrrzfthkjbwogvslwbznxtcpok/Build/Products/Debug-iphonesimulator/FamilienplanerShare.swiftmodule/Project/arm64-apple-ios-simulator.swiftsourceinfo /Users/runner/Library/Developer/Xcode/DerivedData/Familienplaner-dmcrrzfthkjbwogvslwbznxtcpok/Build/Intermediates.noindex/Familienplaner.build/Debug-iphonesimulator/FamilienplanerShare.build/Objects-normal/arm64/FamilienplanerShare.swiftsourceinfo (in target 'FamilienplanerShare' from project 'Familienplaner')
    cd /Users/runner/work/familienplaner/familienplaner
    builtin-copy -exclude .DS_Store -exclude CVS -exclude .svn -exclude .git -exclude .hg -resolve-src-symlinks -rename /Users/runner/Library/Developer/Xcode/DerivedData/Familienplaner-dmcrrzfthkjbwogvslwbznxtcpok/Build/Intermediates.noindex/Familienplaner.build/Debug-iphonesimulator/FamilienplanerShare.build/Objects-normal/arm64/FamilienplanerShare.swiftsourceinfo /Users/runner/Library/Developer/Xcode/DerivedData/Familienplaner-dmcrrzfthkjbwogvslwbznxtcpok/Build/Products/Debug-iphonesimulator/FamilienplanerShare.swiftmodule/Project/arm64-apple-ios-simulator.swiftsourceinfo

SwiftCompile normal arm64 Compiling\ Theme.swift,\ WatchSnapshot.swift /Users/runner/work/familienplaner/familienplaner/Sources/DesignSystem/Theme.swift /Users/runner/work/familienplaner/familienplaner/Shared/WatchSnapshot.swift (in target 'FamilienplanerWidgets' from project 'Familienplaner')

SwiftCompile normal arm64 /Users/runner/work/familienplaner/familienplaner/Sources/DesignSystem/Theme.swift (in target 'FamilienplanerWidgets' from project 'Familienplaner')
    cd /Users/runner/work/familienplaner/familienplaner
    

SwiftCompile normal arm64 /Users/runner/work/familienplaner/familienplaner/Shared/WatchSnapshot.swift (in target 'FamilienplanerWidgets' from project 'Familienplaner')
    cd /Users/runner/work/familienplaner/familienplaner
    

SwiftCompile normal arm64 Compiling\ WidgetBridge.swift /Users/runner/work/familienplaner/familienplaner/Shared/WidgetBridge.swift (in target 'FamilienplanerWidgets' from project 'Familienplaner')
SwiftCompile normal arm64 /Users/runner/work/familienplaner/familienplaner/Shared/WidgetBridge.swift (in target 'FamilienplanerWidgets' from project 'Familienplaner')
    cd /Users/runner/work/familienplaner/familienplaner
    

SwiftDriverJobDiscovery normal x86_64 Compiling WidgetBridge.swift (in target 'FamilienplanerWatchWidgets' from project 'Familienplaner')

SwiftDriver\ Compilation FamilienplanerWatchWidgets normal x86_64 com.apple.xcode.tools.swift.compiler (in target 'FamilienplanerWatchWidgets' from project 'Familienplaner')
    cd /Users/runner/work/familienplaner/familienplaner
    builtin-Swift-Compilation -- /Applications/Xcode_26.6.app/Contents/Developer/Toolchains/XcodeDefault.xctoolchain/usr/bin/swiftc -module-name FamilienplanerWatchWidgets -Onone @/Users/runner/Library/Developer/Xcode/DerivedData/Familienplaner-dmcrrzfthkjbwogvslwbznxtcpok/Build/Intermediates.noindex/Familienplaner.build/Debug-watchsimulator/FamilienplanerWatchWidgets.build/Objects-normal/x86_64/FamilienplanerWatchWidgets.SwiftFileList -DDEBUG -enable-bare-slash-regex -enable-experimental-feature DebugDescriptionMacro -sdk /Applications/Xcode_26.6.app/Contents/Developer/Platforms/WatchSimulator.platform/Developer/SDKs/WatchSimulator26.5.sdk -target x86_64-apple-watchos26.0-simulator -g -module-cache-path /Users/runner/Library/Developer/Xcode/DerivedData/ModuleCache.noindex -Xfrontend -serialize-debugging-options -application-extension -profile-coverage-mapping -profile-generate -enable-testing -index-store-path /Users/runner/Library/Developer/Xcode/DerivedData/Familienplaner-dmcrrzfthkjbwogvslwbznxtcpok/Index.noindex/DataStore -Xcc -D_LIBCPP_HARDENING_MODE\=_LIBCPP_HARDENING_MODE_DEBUG -swift-version 5 -I /Users/runner/Library/Developer/Xcode/DerivedData/Familienplaner-dmcrrzfthkjbwogvslwbznxtcpok/Build/Products/Debug-watchsimulator -F /Users/runner/Library/Developer/Xcode/DerivedData/Familienplaner-dmcrrzfthkjbwogvslwbznxtcpok/Build/Products/Debug-watchsimulator -c -j3 -enable-batch-mode -incremental -Xcc -ivfsstatcache -Xcc /Users/runner/Library/Developer/Xcode/DerivedData/SDKStatCaches.noindex/watchsimulator26.5-23T570-688ef53f1462e2c8f657fdc38a81448f4ff5b3021fd2b02f145790f94936b2db.sdkstatcache -output-file-map /Users/runner/Library/Developer/Xcode/DerivedData/Familienplaner-dmcrrzfthkjbwogvslwbznxtcpok/Build/Intermediates.noindex/Familienplaner.build/Debug-watchsimulator/FamilienplanerWatchWidgets.build/Objects-normal/x86_64/FamilienplanerWatchWidgets-OutputFileMap.json -use-frontend-parseable-output -save-temps -no-color-diagnostics -explicit-module-build -module-cache-path /Users/runner/Library/Developer/Xcode/DerivedData/Familienplaner-dmcrrzfthkjbwogvslwbznxtcpok/Build/Intermediates.noindex/SwiftExplicitPrecompiledModules -clang-scanner-module-cache-path /Users/runner/Library/Developer/Xcode/DerivedData/ModuleCache.noindex -sdk-module-cache-path /Users/runner/Library/Developer/Xcode/DerivedData/ModuleCache.noindex -serialize-diagnostics -emit-dependencies -emit-module -emit-module-path /Users/runner/Library/Developer/Xcode/DerivedData/Familienplaner-dmcrrzfthkjbwogvslwbznxtcpok/Build/Intermediates.noindex/Familienplaner.build/Debug-watchsimulator/FamilienplanerWatchWidgets.build/Objects-normal/x86_64/FamilienplanerWatchWidgets.swiftmodule -validate-clang-modules-once -clang-build-session-file /Users/runner/Library/Developer/Xcode/DerivedData/ModuleCache.noindex/Session.modulevalidation -Xcc -I/Users/runner/Library/Developer/Xcode/DerivedData/Familienplaner-dmcrrzfthkjbwogvslwbznxtcpok/Build/Intermediates.noindex/Familienplaner.build/Debug-watchsimulator/FamilienplanerWatchWidgets.build/swift-overrides.hmap -emit-const-values -Xfrontend -const-gather-protocols-file -Xfrontend /Users/runner/Library/Developer/Xcode/DerivedData/Familienplaner-dmcrrzfthkjbwogvslwbznxtcpok/Build/Intermediates.noindex/Familienplaner.build/Debug-watchsimulator/FamilienplanerWatchWidgets.build/Objects-normal/x86_64/FamilienplanerWatchWidgets_const_extract_protocols.json -Xcc -iquote -Xcc /Users/runner/Library/Developer/Xcode/DerivedData/Familienplaner-dmcrrzfthkjbwogvslwbznxtcpok/Build/Intermediates.noindex/Familienplaner.build/Debug-watchsimulator/FamilienplanerWatchWidgets.build/FamilienplanerWatchWidgets-generated-files.hmap -Xcc -I/Users/runner/Library/Developer/Xcode/DerivedData/Familienplaner-dmcrrzfthkjbwogvslwbznxtcpok/Build/Intermediates.noindex/Familienplaner.build/Debug-watchsimulator/FamilienplanerWatchWidgets.build/FamilienplanerWatchWidgets-own-target-headers.hmap -Xcc -I/Users/runner/Library/Developer/Xcode/DerivedData/Familienplaner-dmcrrzfthkjbwogvslwbznxtcpok/Build/Intermediates.noindex/Familienplaner.build/Debug-watchsimulator/FamilienplanerWatchWidgets.build/FamilienplanerWatchWidgets-all-target-headers.hmap -Xcc -iquote -Xcc /Users/runner/Library/Developer/Xcode/DerivedData/Familienplaner-dmcrrzfthkjbwogvslwbznxtcpok/Build/Intermediates.noindex/Familienplaner.build/Debug-watchsimulator/FamilienplanerWatchWidgets.build/FamilienplanerWatchWidgets-project-headers.hmap -Xcc -I/Users/runner/Library/Developer/Xcode/DerivedData/Familienplaner-dmcrrzfthkjbwogvslwbznxtcpok/Build/Products/Debug-watchsimulator/include -Xcc -I/Users/runner/Library/Developer/Xcode/DerivedData/Familienplaner-dmcrrzfthkjbwogvslwbznxtcpok/Build/Intermediates.noindex/Familienplaner.build/Debug-watchsimulator/FamilienplanerWatchWidgets.build/DerivedSources-normal/x86_64 -Xcc -I/Users/runner/Library/Developer/Xcode/DerivedData/Familienplaner-dmcrrzfthkjbwogvslwbznxtcpok/Build/Intermediates.noindex/Familienplaner.build/Debug-watchsimulator/FamilienplanerWatchWidgets.build/DerivedSources/x86_64 -Xcc -I/Users/runner/Library/Developer/Xcode/DerivedData/Familienplaner-dmcrrzfthkjbwogvslwbznxtcpok/Build/Intermediates.noindex/Familienplaner.build/Debug-watchsimulator/FamilienplanerWatchWidgets.build/DerivedSources -Xcc -DDEBUG\=1 -emit-objc-header -emit-objc-header-path /Users/runner/Library/Developer/Xcode/DerivedData/Familienplaner-dmcrrzfthkjbwogvslwbznxtcpok/Build/Intermediates.noindex/Familienplaner.build/Debug-watchsimulator/FamilienplanerWatchWidgets.build/Objects-normal/x86_64/FamilienplanerWatchWidgets-Swift.h -working-directory /Users/runner/work/familienplaner/familienplaner -experimental-emit-module-separately -disable-cmo

SwiftDriverJobDiscovery normal arm64 Compiling Theme.swift, WatchSnapshot.swift (in target 'FamilienplanerWidgets' from project 'Familienplaner')

SwiftDriver\ Compilation FamilienplanerWatchWidgets normal arm64 com.apple.xcode.tools.swift.compiler (in target 'FamilienplanerWatchWidgets' from project 'Familienplaner')
    cd /Users/runner/work/familienplaner/familienplaner
    builtin-Swift-Compilation -- /Applications/Xcode_26.6.app/Contents/Developer/Toolchains/XcodeDefault.xctoolchain/usr/bin/swiftc -module-name FamilienplanerWatchWidgets -Onone @/Users/runner/Library/Developer/Xcode/DerivedData/Familienplaner-dmcrrzfthkjbwogvslwbznxtcpok/Build/Intermediates.noindex/Familienplaner.build/Debug-watchsimulator/FamilienplanerWatchWidgets.build/Objects-normal/arm64/FamilienplanerWatchWidgets.SwiftFileList -DDEBUG -enable-bare-slash-regex -enable-experimental-feature DebugDescriptionMacro -sdk /Applications/Xcode_26.6.app/Contents/Developer/Platforms/WatchSimulator.platform/Developer/SDKs/WatchSimulator26.5.sdk -target arm64-apple-watchos26.0-simulator -g -module-cache-path /Users/runner/Library/Developer/Xcode/DerivedData/ModuleCache.noindex -Xfrontend -serialize-debugging-options -application-extension -profile-coverage-mapping -profile-generate -enable-testing -index-store-path /Users/runner/Library/Developer/Xcode/DerivedData/Familienplaner-dmcrrzfthkjbwogvslwbznxtcpok/Index.noindex/DataStore -Xcc -D_LIBCPP_HARDENING_MODE\=_LIBCPP_HARDENING_MODE_DEBUG -swift-version 5 -I /Users/runner/Library/Developer/Xcode/DerivedData/Familienplaner-dmcrrzfthkjbwogvslwbznxtcpok/Build/Products/Debug-watchsimulator -F /Users/runner/Library/Developer/Xcode/DerivedData/Familienplaner-dmcrrzfthkjbwogvslwbznxtcpok/Build/Products/Debug-watchsimulator -c -j3 -enable-batch-mode -incremental -Xcc -ivfsstatcache -Xcc /Users/runner/Library/Developer/Xcode/DerivedData/SDKStatCaches.noindex/watchsimulator26.5-23T570-688ef53f1462e2c8f657fdc38a81448f4ff5b3021fd2b02f145790f94936b2db.sdkstatcache -output-file-map /Users/runner/Library/Developer/Xcode/DerivedData/Familienplaner-dmcrrzfthkjbwogvslwbznxtcpok/Build/Intermediates.noindex/Familienplaner.build/Debug-watchsimulator/FamilienplanerWatchWidgets.build/Objects-normal/arm64/FamilienplanerWatchWidgets-OutputFileMap.json -use-frontend-parseable-output -save-temps -no-color-diagnostics -explicit-module-build -module-cache-path /Users/runner/Library/Developer/Xcode/DerivedData/Familienplaner-dmcrrzfthkjbwogvslwbznxtcpok/Build/Intermediates.noindex/SwiftExplicitPrecompiledModules -clang-scanner-module-cache-path /Users/runner/Library/Developer/Xcode/DerivedData/ModuleCache.noindex -sdk-module-cache-path /Users/runner/Library/Developer/Xcode/DerivedData/ModuleCache.noindex -serialize-diagnostics -emit-dependencies -emit-module -emit-module-path /Users/runner/Library/Developer/Xcode/DerivedData/Familienplaner-dmcrrzfthkjbwogvslwbznxtcpok/Build/Intermediates.noindex/Familienplaner.build/Debug-watchsimulator/FamilienplanerWatchWidgets.build/Objects-normal/arm64/FamilienplanerWatchWidgets.swiftmodule -validate-clang-modules-once -clang-build-session-file /Users/runner/Library/Developer/Xcode/DerivedData/ModuleCache.noindex/Session.modulevalidation -Xcc -I/Users/runner/Library/Developer/Xcode/DerivedData/Familienplaner-dmcrrzfthkjbwogvslwbznxtcpok/Build/Intermediates.noindex/Familienplaner.build/Debug-watchsimulator/FamilienplanerWatchWidgets.build/swift-overrides.hmap -emit-const-values -Xfrontend -const-gather-protocols-file -Xfrontend /Users/runner/Library/Developer/Xcode/DerivedData/Familienplaner-dmcrrzfthkjbwogvslwbznxtcpok/Build/Intermediates.noindex/Familienplaner.build/Debug-watchsimulator/FamilienplanerWatchWidgets.build/Objects-normal/arm64/FamilienplanerWatchWidgets_const_extract_protocols.json -Xcc -iquote -Xcc /Users/runner/Library/Developer/Xcode/DerivedData/Familienplaner-dmcrrzfthkjbwogvslwbznxtcpok/Build/Intermediates.noindex/Familienplaner.build/Debug-watchsimulator/FamilienplanerWatchWidgets.build/FamilienplanerWatchWidgets-generated-files.hmap -Xcc -I/Users/runner/Library/Developer/Xcode/DerivedData/Familienplaner-dmcrrzfthkjbwogvslwbznxtcpok/Build/Intermediates.noindex/Familienplaner.build/Debug-watchsimulator/FamilienplanerWatchWidgets.build/FamilienplanerWatchWidgets-own-target-headers.hmap -Xcc -I/Users/runner/Library/Developer/Xcode/DerivedData/Familienplaner-dmcrrzfthkjbwogvslwbznxtcpok/Build/Intermediates.noindex/Familienplaner.build/Debug-watchsimulator/FamilienplanerWatchWidgets.build/FamilienplanerWatchWidgets-all-target-headers.hmap -Xcc -iquote -Xcc /Users/runner/Library/Developer/Xcode/DerivedData/Familienplaner-dmcrrzfthkjbwogvslwbznxtcpok/Build/Intermediates.noindex/Familienplaner.build/Debug-watchsimulator/FamilienplanerWatchWidgets.build/FamilienplanerWatchWidgets-project-headers.hmap -Xcc -I/Users/runner/Library/Developer/Xcode/DerivedData/Familienplaner-dmcrrzfthkjbwogvslwbznxtcpok/Build/Products/Debug-watchsimulator/include -Xcc -I/Users/runner/Library/Developer/Xcode/DerivedData/Familienplaner-dmcrrzfthkjbwogvslwbznxtcpok/Build/Intermediates.noindex/Familienplaner.build/Debug-watchsimulator/FamilienplanerWatchWidgets.build/DerivedSources-normal/arm64 -Xcc -I/Users/runner/Library/Developer/Xcode/DerivedData/Familienplaner-dmcrrzfthkjbwogvslwbznxtcpok/Build/Intermediates.noindex/Familienplaner.build/Debug-watchsimulator/FamilienplanerWatchWidgets.build/DerivedSources/arm64 -Xcc -I/Users/runner/Library/Developer/Xcode/DerivedData/Familienplaner-dmcrrzfthkjbwogvslwbznxtcpok/Build/Intermediates.noindex/Familienplaner.build/Debug-watchsimulator/FamilienplanerWatchWidgets.build/DerivedSources -Xcc -DDEBUG\=1 -emit-objc-header -emit-objc-header-path /Users/runner/Library/Developer/Xcode/DerivedData/Familienplaner-dmcrrzfthkjbwogvslwbznxtcpok/Build/Intermediates.noindex/Familienplaner.build/Debug-watchsimulator/FamilienplanerWatchWidgets.build/Objects-normal/arm64/FamilienplanerWatchWidgets-Swift.h -working-directory /Users/runner/work/familienplaner/familienplaner -experimental-emit-module-separately -disable-cmo

SwiftCompile normal arm64 Compiling\ WatchSnapshot.swift /Users/runner/work/familienplaner/familienplaner/Shared/WatchSnapshot.swift (in target 'FamilienplanerShare' from project 'Familienplaner')
SwiftCompile normal arm64 /Users/runner/work/familienplaner/familienplaner/Shared/WatchSnapshot.swift (in target 'FamilienplanerShare' from project 'Familienplaner')
    cd /Users/runner/work/familienplaner/familienplaner
    

SwiftDriverJobDiscovery normal arm64 Compiling FamilienplanerWidgets.swift, SharedInbox.swift (in target 'FamilienplanerWidgets' from project 'Familienplaner')

SwiftCompile normal arm64 Compiling\ ShareViewController.swift,\ SharedInbox.swift /Users/runner/work/familienplaner/familienplaner/ShareExtension/ShareViewController.swift /Users/runner/work/familienplaner/familienplaner/Shared/SharedInbox.swift (in target 'FamilienplanerShare' from project 'Familienplaner')
SwiftCompile normal arm64 /Users/runner/work/familienplaner/familienplaner/ShareExtension/ShareViewController.swift (in target 'FamilienplanerShare' from project 'Familienplaner')
    cd /Users/runner/work/familienplaner/familienplaner
    

SwiftCompile normal arm64 /Users/runner/work/familienplaner/familienplaner/Shared/SharedInbox.swift (in target 'FamilienplanerShare' from project 'Familienplaner')
    cd /Users/runner/work/familienplaner/familienplaner
    

SwiftCompile normal arm64 Compiling\ WidgetBridge.swift /Users/runner/work/familienplaner/familienplaner/Shared/WidgetBridge.swift (in target 'FamilienplanerShare' from project 'Familienplaner')

SwiftCompile normal arm64 /Users/runner/work/familienplaner/familienplaner/Shared/WidgetBridge.swift (in target 'FamilienplanerShare' from project 'Familienplaner')
    cd /Users/runner/work/familienplaner/familienplaner
    

SwiftDriverJobDiscovery normal arm64 Compiling WidgetBridge.swift (in target 'FamilienplanerWidgets' from project 'Familienplaner')

SwiftDriver\ Compilation FamilienplanerWidgets normal arm64 com.apple.xcode.tools.swift.compiler (in target 'FamilienplanerWidgets' from project 'Familienplaner')
    cd /Users/runner/work/familienplaner/familienplaner
    builtin-Swift-Compilation -- /Applications/Xcode_26.6.app/Contents/Developer/Toolchains/XcodeDefault.xctoolchain/usr/bin/swiftc -module-name FamilienplanerWidgets -Onone @/Users/runner/Library/Developer/Xcode/DerivedData/Familienplaner-dmcrrzfthkjbwogvslwbznxtcpok/Build/Intermediates.noindex/Familienplaner.build/Debug-iphonesimulator/FamilienplanerWidgets.build/Objects-normal/arm64/FamilienplanerWidgets.SwiftFileList -DDEBUG -enable-bare-slash-regex -enable-experimental-feature DebugDescriptionMacro -sdk /Applications/Xcode_26.6.app/Contents/Developer/Platforms/iPhoneSimulator.platform/Developer/SDKs/iPhoneSimulator26.5.sdk -target arm64-apple-ios26.0-simulator -g -module-cache-path /Users/runner/Library/Developer/Xcode/DerivedData/ModuleCache.noindex -Xfrontend -serialize-debugging-options -application-extension -profile-coverage-mapping -profile-generate -enable-testing -index-store-path /Users/runner/Library/Developer/Xcode/DerivedData/Familienplaner-dmcrrzfthkjbwogvslwbznxtcpok/Index.noindex/DataStore -Xcc -D_LIBCPP_HARDENING_MODE\=_LIBCPP_HARDENING_MODE_DEBUG -swift-version 5 -I /Users/runner/Library/Developer/Xcode/DerivedData/Familienplaner-dmcrrzfthkjbwogvslwbznxtcpok/Build/Products/Debug-iphonesimulator -F /Users/runner/Library/Developer/Xcode/DerivedData/Familienplaner-dmcrrzfthkjbwogvslwbznxtcpok/Build/Products/Debug-iphonesimulator -c -j3 -enable-batch-mode -incremental -Xcc -ivfsstatcache -Xcc /Users/runner/Library/Developer/Xcode/DerivedData/SDKStatCaches.noindex/iphonesimulator26.5-23F81a-688ef53f1462e2c8f657fdc38a81448ff45c64a1807a658693f2a61704f17a36.sdkstatcache -output-file-map /Users/runner/Library/Developer/Xcode/DerivedData/Familienplaner-dmcrrzfthkjbwogvslwbznxtcpok/Build/Intermediates.noindex/Familienplaner.build/Debug-iphonesimulator/FamilienplanerWidgets.build/Objects-normal/arm64/FamilienplanerWidgets-OutputFileMap.json -use-frontend-parseable-output -save-temps -no-color-diagnostics -explicit-module-build -module-cache-path /Users/runner/Library/Developer/Xcode/DerivedData/Familienplaner-dmcrrzfthkjbwogvslwbznxtcpok/Build/Intermediates.noindex/SwiftExplicitPrecompiledModules -clang-scanner-module-cache-path /Users/runner/Library/Developer/Xcode/DerivedData/ModuleCache.noindex -sdk-module-cache-path /Users/runner/Library/Developer/Xcode/DerivedData/ModuleCache.noindex -serialize-diagnostics -emit-dependencies -emit-module -emit-module-path /Users/runner/Library/Developer/Xcode/DerivedData/Familienplaner-dmcrrzfthkjbwogvslwbznxtcpok/Build/Intermediates.noindex/Familienplaner.build/Debug-iphonesimulator/FamilienplanerWidgets.build/Objects-normal/arm64/FamilienplanerWidgets.swiftmodule -validate-clang-modules-once -clang-build-session-file /Users/runner/Library/Developer/Xcode/DerivedData/ModuleCache.noindex/Session.modulevalidation -Xcc -I/Users/runner/Library/Developer/Xcode/DerivedData/Familienplaner-dmcrrzfthkjbwogvslwbznxtcpok/Build/Intermediates.noindex/Familienplaner.build/Debug-iphonesimulator/FamilienplanerWidgets.build/swift-overrides.hmap -emit-const-values -Xfrontend -const-gather-protocols-file -Xfrontend /Users/runner/Library/Developer/Xcode/DerivedData/Familienplaner-dmcrrzfthkjbwogvslwbznxtcpok/Build/Intermediates.noindex/Familienplaner.build/Debug-iphonesimulator/FamilienplanerWidgets.build/Objects-normal/arm64/FamilienplanerWidgets_const_extract_protocols.json -Xcc -iquote -Xcc /Users/runner/Library/Developer/Xcode/DerivedData/Familienplaner-dmcrrzfthkjbwogvslwbznxtcpok/Build/Intermediates.noindex/Familienplaner.build/Debug-iphonesimulator/FamilienplanerWidgets.build/FamilienplanerWidgets-generated-files.hmap -Xcc -I/Users/runner/Library/Developer/Xcode/DerivedData/Familienplaner-dmcrrzfthkjbwogvslwbznxtcpok/Build/Intermediates.noindex/Familienplaner.build/Debug-iphonesimulator/FamilienplanerWidgets.build/FamilienplanerWidgets-own-target-headers.hmap -Xcc -I/Users/runner/Library/Developer/Xcode/DerivedData/Familienplaner-dmcrrzfthkjbwogvslwbznxtcpok/Build/Intermediates.noindex/Familienplaner.build/Debug-iphonesimulator/FamilienplanerWidgets.build/FamilienplanerWidgets-all-target-headers.hmap -Xcc -iquote -Xcc /Users/runner/Library/Developer/Xcode/DerivedData/Familienplaner-dmcrrzfthkjbwogvslwbznxtcpok/Build/Intermediates.noindex/Familienplaner.build/Debug-iphonesimulator/FamilienplanerWidgets.build/FamilienplanerWidgets-project-headers.hmap -Xcc -I/Users/runner/Library/Developer/Xcode/DerivedData/Familienplaner-dmcrrzfthkjbwogvslwbznxtcpok/Build/Products/Debug-iphonesimulator/include -Xcc -I/Users/runner/Library/Developer/Xcode/DerivedData/Familienplaner-dmcrrzfthkjbwogvslwbznxtcpok/Build/Intermediates.noindex/Familienplaner.build/Debug-iphonesimulator/FamilienplanerWidgets.build/DerivedSources-normal/arm64 -Xcc -I/Users/runner/Library/Developer/Xcode/DerivedData/Familienplaner-dmcrrzfthkjbwogvslwbznxtcpok/Build/Intermediates.noindex/Familienplaner.build/Debug-iphonesimulator/FamilienplanerWidgets.build/DerivedSources/arm64 -Xcc -I/Users/runner/Library/Developer/Xcode/DerivedData/Familienplaner-dmcrrzfthkjbwogvslwbznxtcpok/Build/Intermediates.noindex/Familienplaner.build/Debug-iphonesimulator/FamilienplanerWidgets.build/DerivedSources -Xcc -DDEBUG\=1 -emit-objc-header -emit-objc-header-path /Users/runner/Library/Developer/Xcode/DerivedData/Familienplaner-dmcrrzfthkjbwogvslwbznxtcpok/Build/Intermediates.noindex/Familienplaner.build/Debug-iphonesimulator/FamilienplanerWidgets.build/Objects-normal/arm64/FamilienplanerWidgets-Swift.h -working-directory /Users/runner/work/familienplaner/familienplaner -experimental-emit-module-separately -disable-cmo

SwiftDriverJobDiscovery normal arm64 Compiling WidgetBridge.swift (in target 'FamilienplanerShare' from project 'Familienplaner')

Ld /Users/runner/Library/Developer/Xcode/DerivedData/Familienplaner-dmcrrzfthkjbwogvslwbznxtcpok/Build/Products/Debug-iphonesimulator/FamilienplanerWidgets.appex/FamilienplanerWidgets.debug.dylib normal (in target 'FamilienplanerWidgets' from project 'Familienplaner')
    cd /Users/runner/work/familienplaner/familienplaner
    /Applications/Xcode_26.6.app/Contents/Developer/Toolchains/XcodeDefault.xctoolchain/usr/bin/clang -Xlinker -reproducible -target arm64-apple-ios26.0-simulator -dynamiclib -isysroot /Applications/Xcode_26.6.app/Contents/Developer/Platforms/iPhoneSimulator.platform/Developer/SDKs/iPhoneSimulator26.5.sdk -O0 -L/Users/runner/Library/Developer/Xcode/DerivedData/Familienplaner-dmcrrzfthkjbwogvslwbznxtcpok/Build/Intermediates.noindex/EagerLinkingTBDs/Debug-iphonesimulator -L/Users/runner/Library/Developer/Xcode/DerivedData/Familienplaner-dmcrrzfthkjbwogvslwbznxtcpok/Build/Products/Debug-iphonesimulator -F/Users/runner/Library/Developer/Xcode/DerivedData/Familienplaner-dmcrrzfthkjbwogvslwbznxtcpok/Build/Intermediates.noindex/EagerLinkingTBDs/Debug-iphonesimulator -F/Users/runner/Library/Developer/Xcode/DerivedData/Familienplaner-dmcrrzfthkjbwogvslwbznxtcpok/Build/Products/Debug-iphonesimulator -filelist /Users/runner/Library/Developer/Xcode/DerivedData/Familienplaner-dmcrrzfthkjbwogvslwbznxtcpok/Build/Intermediates.noindex/Familienplaner.build/Debug-iphonesimulator/FamilienplanerWidgets.build/Objects-normal/arm64/FamilienplanerWidgets.LinkFileList -install_name @rpath/FamilienplanerWidgets.debug.dylib -Xlinker -rpath -Xlinker @executable_path/Frameworks -Xlinker -rpath -Xlinker @executable_path/../../Frameworks -Xlinker -dead_strip -Xlinker -object_path_lto -Xlinker /Users/runner/Library/Developer/Xcode/DerivedData/Familienplaner-dmcrrzfthkjbwogvslwbznxtcpok/Build/Intermediates.noindex/Familienplaner.build/Debug-iphonesimulator/FamilienplanerWidgets.build/Objects-normal/arm64/FamilienplanerWidgets_lto.o -rdynamic -Xlinker -no_deduplicate -Xlinker -objc_abi_version -Xlinker 2 -Xlinker -debug_variant -Xlinker -dependency_info -Xlinker /Users/runner/Library/Developer/Xcode/DerivedData/Familienplaner-dmcrrzfthkjbwogvslwbznxtcpok/Build/Intermediates.noindex/Familienplaner.build/Debug-iphonesimulator/FamilienplanerWidgets.build/Objects-normal/arm64/FamilienplanerWidgets_dependency_info.dat -fapplication-extension -fobjc-link-runtime -fprofile-instr-generate -L/Applications/Xcode_26.6.app/Contents/Developer/Toolchains/XcodeDefault.xctoolchain/usr/lib/swift/iphonesimulator -L/usr/lib/swift -Xlinker -add_ast_path -Xlinker /Users/runner/Library/Developer/Xcode/DerivedData/Familienplaner-dmcrrzfthkjbwogvslwbznxtcpok/Build/Intermediates.noindex/Familienplaner.build/Debug-iphonesimulator/FamilienplanerWidgets.build/Objects-normal/arm64/FamilienplanerWidgets.swiftmodule @/Users/runner/Library/Developer/Xcode/DerivedData/Familienplaner-dmcrrzfthkjbwogvslwbznxtcpok/Build/Intermediates.noindex/Familienplaner.build/Debug-iphonesimulator/FamilienplanerWidgets.build/Objects-normal/arm64/FamilienplanerWidgets-linker-args.resp -Xlinker -alias -Xlinker _NSExtensionMain -Xlinker ___debug_main_executable_dylib_entry_point -o /Users/runner/Library/Developer/Xcode/DerivedData/Familienplaner-dmcrrzfthkjbwogvslwbznxtcpok/Build/Products/Debug-iphonesimulator/FamilienplanerWidgets.appex/FamilienplanerWidgets.debug.dylib

Ld /Users/runner/Library/Developer/Xcode/DerivedData/Familienplaner-dmcrrzfthkjbwogvslwbznxtcpok/Build/Intermediates.noindex/Familienplaner.build/Debug-watchsimulator/FamilienplanerWatchWidgets.build/Objects-normal/x86_64/Binary/FamilienplanerWatchWidgets.debug.dylib normal x86_64 (in target 'FamilienplanerWatchWidgets' from project 'Familienplaner')
    cd /Users/runner/work/familienplaner/familienplaner
    /Applications/Xcode_26.6.app/Contents/Developer/Toolchains/XcodeDefault.xctoolchain/usr/bin/clang -Xlinker -reproducible -target x86_64-apple-watchos26.0-simulator -dynamiclib -isysroot /Applications/Xcode_26.6.app/Contents/Developer/Platforms/WatchSimulator.platform/Developer/SDKs/WatchSimulator26.5.sdk -O0 -L/Users/runner/Library/Developer/Xcode/DerivedData/Familienplaner-dmcrrzfthkjbwogvslwbznxtcpok/Build/Intermediates.noindex/EagerLinkingTBDs/Debug-watchsimulator -L/Users/runner/Library/Developer/Xcode/DerivedData/Familienplaner-dmcrrzfthkjbwogvslwbznxtcpok/Build/Products/Debug-watchsimulator -F/Users/runner/Library/Developer/Xcode/DerivedData/Familienplaner-dmcrrzfthkjbwogvslwbznxtcpok/Build/Intermediates.noindex/EagerLinkingTBDs/Debug-watchsimulator -F/Users/runner/Library/Developer/Xcode/DerivedData/Familienplaner-dmcrrzfthkjbwogvslwbznxtcpok/Build/Products/Debug-watchsimulator -filelist /Users/runner/Library/Developer/Xcode/DerivedData/Familienplaner-dmcrrzfthkjbwogvslwbznxtcpok/Build/Intermediates.noindex/Familienplaner.build/Debug-watchsimulator/FamilienplanerWatchWidgets.build/Objects-normal/x86_64/FamilienplanerWatchWidgets.LinkFileList -install_name @rpath/FamilienplanerWatchWidgets.debug.dylib -Xlinker -rpath -Xlinker @executable_path/Frameworks -Xlinker -rpath -Xlinker @executable_path/../../Frameworks -Xlinker -dead_strip -Xlinker -object_path_lto -Xlinker /Users/runner/Library/Developer/Xcode/DerivedData/Familienplaner-dmcrrzfthkjbwogvslwbznxtcpok/Build/Intermediates.noindex/Familienplaner.build/Debug-watchsimulator/FamilienplanerWatchWidgets.build/Objects-normal/x86_64/FamilienplanerWatchWidgets_lto.o -rdynamic -Xlinker -no_deduplicate -Xlinker -objc_abi_version -Xlinker 2 -Xlinker -debug_variant -Xlinker -dependency_info -Xlinker /Users/runner/Library/Developer/Xcode/DerivedData/Familienplaner-dmcrrzfthkjbwogvslwbznxtcpok/Build/Intermediates.noindex/Familienplaner.build/Debug-watchsimulator/FamilienplanerWatchWidgets.build/Objects-normal/x86_64/FamilienplanerWatchWidgets_dependency_info.dat -fapplication-extension -fobjc-link-runtime -fprofile-instr-generate -L/Applications/Xcode_26.6.app/Contents/Developer/Toolchains/XcodeDefault.xctoolchain/usr/lib/swift/watchsimulator -L/usr/lib/swift -Xlinker -add_ast_path -Xlinker /Users/runner/Library/Developer/Xcode/DerivedData/Familienplaner-dmcrrzfthkjbwogvslwbznxtcpok/Build/Intermediates.noindex/Familienplaner.build/Debug-watchsimulator/FamilienplanerWatchWidgets.build/Objects-normal/x86_64/FamilienplanerWatchWidgets.swiftmodule @/Users/runner/Library/Developer/Xcode/DerivedData/Familienplaner-dmcrrzfthkjbwogvslwbznxtcpok/Build/Intermediates.noindex/Familienplaner.build/Debug-watchsimulator/FamilienplanerWatchWidgets.build/Objects-normal/x86_64/FamilienplanerWatchWidgets-linker-args.resp -Xlinker -alias -Xlinker _NSExtensionMain -Xlinker ___debug_main_executable_dylib_entry_point -o /Users/runner/Library/Developer/Xcode/DerivedData/Familienplaner-dmcrrzfthkjbwogvslwbznxtcpok/Build/Intermediates.noindex/Familienplaner.build/Debug-watchsimulator/FamilienplanerWatchWidgets.build/Objects-normal/x86_64/Binary/FamilienplanerWatchWidgets.debug.dylib

SwiftDriverJobDiscovery normal arm64 Compiling WatchSnapshot.swift (in target 'FamilienplanerShare' from project 'Familienplaner')

Ld /Users/runner/Library/Developer/Xcode/DerivedData/Familienplaner-dmcrrzfthkjbwogvslwbznxtcpok/Build/Intermediates.noindex/Familienplaner.build/Debug-watchsimulator/FamilienplanerWatchWidgets.build/Objects-normal/arm64/Binary/FamilienplanerWatchWidgets.debug.dylib normal arm64 (in target 'FamilienplanerWatchWidgets' from project 'Familienplaner')
    cd /Users/runner/work/familienplaner/familienplaner
    /Applications/Xcode_26.6.app/Contents/Developer/Toolchains/XcodeDefault.xctoolchain/usr/bin/clang -Xlinker -reproducible -target arm64-apple-watchos26.0-simulator -dynamiclib -isysroot /Applications/Xcode_26.6.app/Contents/Developer/Platforms/WatchSimulator.platform/Developer/SDKs/WatchSimulator26.5.sdk -O0 -L/Users/runner/Library/Developer/Xcode/DerivedData/Familienplaner-dmcrrzfthkjbwogvslwbznxtcpok/Build/Intermediates.noindex/EagerLinkingTBDs/Debug-watchsimulator -L/Users/runner/Library/Developer/Xcode/DerivedData/Familienplaner-dmcrrzfthkjbwogvslwbznxtcpok/Build/Products/Debug-watchsimulator -F/Users/runner/Library/Developer/Xcode/DerivedData/Familienplaner-dmcrrzfthkjbwogvslwbznxtcpok/Build/Intermediates.noindex/EagerLinkingTBDs/Debug-watchsimulator -F/Users/runner/Library/Developer/Xcode/DerivedData/Familienplaner-dmcrrzfthkjbwogvslwbznxtcpok/Build/Products/Debug-watchsimulator -filelist /Users/runner/Library/Developer/Xcode/DerivedData/Familienplaner-dmcrrzfthkjbwogvslwbznxtcpok/Build/Intermediates.noindex/Familienplaner.build/Debug-watchsimulator/FamilienplanerWatchWidgets.build/Objects-normal/arm64/FamilienplanerWatchWidgets.LinkFileList -install_name @rpath/FamilienplanerWatchWidgets.debug.dylib -Xlinker -rpath -Xlinker @executable_path/Frameworks -Xlinker -rpath -Xlinker @executable_path/../../Frameworks -Xlinker -dead_strip -Xlinker -object_path_lto -Xlinker /Users/runner/Library/Developer/Xcode/DerivedData/Familienplaner-dmcrrzfthkjbwogvslwbznxtcpok/Build/Intermediates.noindex/Familienplaner.build/Debug-watchsimulator/FamilienplanerWatchWidgets.build/Objects-normal/arm64/FamilienplanerWatchWidgets_lto.o -rdynamic -Xlinker -no_deduplicate -Xlinker -objc_abi_version -Xlinker 2 -Xlinker -debug_variant -Xlinker -dependency_info -Xlinker /Users/runner/Library/Developer/Xcode/DerivedData/Familienplaner-dmcrrzfthkjbwogvslwbznxtcpok/Build/Intermediates.noindex/Familienplaner.build/Debug-watchsimulator/FamilienplanerWatchWidgets.build/Objects-normal/arm64/FamilienplanerWatchWidgets_dependency_info.dat -fapplication-extension -fobjc-link-runtime -fprofile-instr-generate -L/Applications/Xcode_26.6.app/Contents/Developer/Toolchains/XcodeDefault.xctoolchain/usr/lib/swift/watchsimulator -L/usr/lib/swift -Xlinker -add_ast_path -Xlinker /Users/runner/Library/Developer/Xcode/DerivedData/Familienplaner-dmcrrzfthkjbwogvslwbznxtcpok/Build/Intermediates.noindex/Familienplaner.build/Debug-watchsimulator/FamilienplanerWatchWidgets.build/Objects-normal/arm64/FamilienplanerWatchWidgets.swiftmodule @/Users/runner/Library/Developer/Xcode/DerivedData/Familienplaner-dmcrrzfthkjbwogvslwbznxtcpok/Build/Intermediates.noindex/Familienplaner.build/Debug-watchsimulator/FamilienplanerWatchWidgets.build/Objects-normal/arm64/FamilienplanerWatchWidgets-linker-args.resp -Xlinker -alias -Xlinker _NSExtensionMain -Xlinker ___debug_main_executable_dylib_entry_point -o /Users/runner/Library/Developer/Xcode/DerivedData/Familienplaner-dmcrrzfthkjbwogvslwbznxtcpok/Build/Intermediates.noindex/Familienplaner.build/Debug-watchsimulator/FamilienplanerWatchWidgets.build/Objects-normal/arm64/Binary/FamilienplanerWatchWidgets.debug.dylib

SwiftDriverJobDiscovery normal arm64 Compiling ShareViewController.swift, SharedInbox.swift (in target 'FamilienplanerShare' from project 'Familienplaner')

SwiftDriver\ Compilation FamilienplanerShare normal arm64 com.apple.xcode.tools.swift.compiler (in target 'FamilienplanerShare' from project 'Familienplaner')
    cd /Users/runner/work/familienplaner/familienplaner
    builtin-Swift-Compilation -- /Applications/Xcode_26.6.app/Contents/Developer/Toolchains/XcodeDefault.xctoolchain/usr/bin/swiftc -module-name FamilienplanerShare -Onone @/Users/runner/Library/Developer/Xcode/DerivedData/Familienplaner-dmcrrzfthkjbwogvslwbznxtcpok/Build/Intermediates.noindex/Familienplaner.build/Debug-iphonesimulator/FamilienplanerShare.build/Objects-normal/arm64/FamilienplanerShare.SwiftFileList -DDEBUG -enable-bare-slash-regex -enable-experimental-feature DebugDescriptionMacro -sdk /Applications/Xcode_26.6.app/Contents/Developer/Platforms/iPhoneSimulator.platform/Developer/SDKs/iPhoneSimulator26.5.sdk -target arm64-apple-ios26.0-simulator -g -module-cache-path /Users/runner/Library/Developer/Xcode/DerivedData/ModuleCache.noindex -Xfrontend -serialize-debugging-options -application-extension -profile-coverage-mapping -profile-generate -enable-testing -index-store-path /Users/runner/Library/Developer/Xcode/DerivedData/Familienplaner-dmcrrzfthkjbwogvslwbznxtcpok/Index.noindex/DataStore -Xcc -D_LIBCPP_HARDENING_MODE\=_LIBCPP_HARDENING_MODE_DEBUG -swift-version 5 -I /Users/runner/Library/Developer/Xcode/DerivedData/Familienplaner-dmcrrzfthkjbwogvslwbznxtcpok/Build/Products/Debug-iphonesimulator -F /Users/runner/Library/Developer/Xcode/DerivedData/Familienplaner-dmcrrzfthkjbwogvslwbznxtcpok/Build/Products/Debug-iphonesimulator -c -j3 -enable-batch-mode -incremental -Xcc -ivfsstatcache -Xcc /Users/runner/Library/Developer/Xcode/DerivedData/SDKStatCaches.noindex/iphonesimulator26.5-23F81a-688ef53f1462e2c8f657fdc38a81448ff45c64a1807a658693f2a61704f17a36.sdkstatcache -output-file-map /Users/runner/Library/Developer/Xcode/DerivedData/Familienplaner-dmcrrzfthkjbwogvslwbznxtcpok/Build/Intermediates.noindex/Familienplaner.build/Debug-iphonesimulator/FamilienplanerShare.build/Objects-normal/arm64/FamilienplanerShare-OutputFileMap.json -use-frontend-parseable-output -save-temps -no-color-diagnostics -explicit-module-build -module-cache-path /Users/runner/Library/Developer/Xcode/DerivedData/Familienplaner-dmcrrzfthkjbwogvslwbznxtcpok/Build/Intermediates.noindex/SwiftExplicitPrecompiledModules -clang-scanner-module-cache-path /Users/runner/Library/Developer/Xcode/DerivedData/ModuleCache.noindex -sdk-module-cache-path /Users/runner/Library/Developer/Xcode/DerivedData/ModuleCache.noindex -serialize-diagnostics -emit-dependencies -emit-module -emit-module-path /Users/runner/Library/Developer/Xcode/DerivedData/Familienplaner-dmcrrzfthkjbwogvslwbznxtcpok/Build/Intermediates.noindex/Familienplaner.build/Debug-iphonesimulator/FamilienplanerShare.build/Objects-normal/arm64/FamilienplanerShare.swiftmodule -validate-clang-modules-once -clang-build-session-file /Users/runner/Library/Developer/Xcode/DerivedData/ModuleCache.noindex/Session.modulevalidation -Xcc -I/Users/runner/Library/Developer/Xcode/DerivedData/Familienplaner-dmcrrzfthkjbwogvslwbznxtcpok/Build/Intermediates.noindex/Familienplaner.build/Debug-iphonesimulator/FamilienplanerShare.build/swift-overrides.hmap -emit-const-values -Xfrontend -const-gather-protocols-file -Xfrontend /Users/runner/Library/Developer/Xcode/DerivedData/Familienplaner-dmcrrzfthkjbwogvslwbznxtcpok/Build/Intermediates.noindex/Familienplaner.build/Debug-iphonesimulator/FamilienplanerShare.build/Objects-normal/arm64/FamilienplanerShare_const_extract_protocols.json -Xcc -iquote -Xcc /Users/runner/Library/Developer/Xcode/DerivedData/Familienplaner-dmcrrzfthkjbwogvslwbznxtcpok/Build/Intermediates.noindex/Familienplaner.build/Debug-iphonesimulator/FamilienplanerShare.build/FamilienplanerShare-generated-files.hmap -Xcc -I/Users/runner/Library/Developer/Xcode/DerivedData/Familienplaner-dmcrrzfthkjbwogvslwbznxtcpok/Build/Intermediates.noindex/Familienplaner.build/Debug-iphonesimulator/FamilienplanerShare.build/FamilienplanerShare-own-target-headers.hmap -Xcc -I/Users/runner/Library/Developer/Xcode/DerivedData/Familienplaner-dmcrrzfthkjbwogvslwbznxtcpok/Build/Intermediates.noindex/Familienplaner.build/Debug-iphonesimulator/FamilienplanerShare.build/FamilienplanerShare-all-target-headers.hmap -Xcc -iquote -Xcc /Users/runner/Library/Developer/Xcode/DerivedData/Familienplaner-dmcrrzfthkjbwogvslwbznxtcpok/Build/Intermediates.noindex/Familienplaner.build/Debug-iphonesimulator/FamilienplanerShare.build/FamilienplanerShare-project-headers.hmap -Xcc -I/Users/runner/Library/Developer/Xcode/DerivedData/Familienplaner-dmcrrzfthkjbwogvslwbznxtcpok/Build/Products/Debug-iphonesimulator/include -Xcc -I/Users/runner/Library/Developer/Xcode/DerivedData/Familienplaner-dmcrrzfthkjbwogvslwbznxtcpok/Build/Intermediates.noindex/Familienplaner.build/Debug-iphonesimulator/FamilienplanerShare.build/DerivedSources-normal/arm64 -Xcc -I/Users/runner/Library/Developer/Xcode/DerivedData/Familienplaner-dmcrrzfthkjbwogvslwbznxtcpok/Build/Intermediates.noindex/Familienplaner.build/Debug-iphonesimulator/FamilienplanerShare.build/DerivedSources/arm64 -Xcc -I/Users/runner/Library/Developer/Xcode/DerivedData/Familienplaner-dmcrrzfthkjbwogvslwbznxtcpok/Build/Intermediates.noindex/Familienplaner.build/Debug-iphonesimulator/FamilienplanerShare.build/DerivedSources -Xcc -DDEBUG\=1 -emit-objc-header -emit-objc-header-path /Users/runner/Library/Developer/Xcode/DerivedData/Familienplaner-dmcrrzfthkjbwogvslwbznxtcpok/Build/Intermediates.noindex/Familienplaner.build/Debug-iphonesimulator/FamilienplanerShare.build/Objects-normal/arm64/FamilienplanerShare-Swift.h -working-directory /Users/runner/work/familienplaner/familienplaner -experimental-emit-module-separately -disable-cmo

ConstructStubExecutorLinkFileList /Users/runner/Library/Developer/Xcode/DerivedData/Familienplaner-dmcrrzfthkjbwogvslwbznxtcpok/Build/Intermediates.noindex/Familienplaner.build/Debug-iphonesimulator/FamilienplanerWidgets.build/FamilienplanerWidgets-ExecutorLinkFileList-normal-arm64.txt (in target 'FamilienplanerWidgets' from project 'Familienplaner')
    cd /Users/runner/work/familienplaner/familienplaner
    construct-stub-executor-link-file-list /Users/runner/Library/Developer/Xcode/DerivedData/Familienplaner-dmcrrzfthkjbwogvslwbznxtcpok/Build/Products/Debug-iphonesimulator/FamilienplanerWidgets.appex/FamilienplanerWidgets.debug.dylib /Applications/Xcode_26.6.app/Contents/Developer/Platforms/iPhoneSimulator.platform/Developer/usr/lib/libPreviewsJITStubExecutor_no_swift_entry_point.a /Applications/Xcode_26.6.app/Contents/Developer/Platforms/iPhoneSimulator.platform/Developer/usr/lib/libPreviewsJITStubExecutor.a --output /Users/runner/Library/Developer/Xcode/DerivedData/Familienplaner-dmcrrzfthkjbwogvslwbznxtcpok/Build/Intermediates.noindex/Familienplaner.build/Debug-iphonesimulator/FamilienplanerWidgets.build/FamilienplanerWidgets-ExecutorLinkFileList-normal-arm64.txt
note: Using stub executor library with Swift entry point. (in target 'FamilienplanerWidgets' from project 'Familienplaner')

ConstructStubExecutorLinkFileList /Users/runner/Library/Developer/Xcode/DerivedData/Familienplaner-dmcrrzfthkjbwogvslwbznxtcpok/Build/Intermediates.noindex/Familienplaner.build/Debug-watchsimulator/FamilienplanerWatchWidgets.build/FamilienplanerWatchWidgets-ExecutorLinkFileList-normal-x86_64.txt (in target 'FamilienplanerWatchWidgets' from project 'Familienplaner')
    cd /Users/runner/work/familienplaner/familienplaner
    construct-stub-executor-link-file-list /Users/runner/Library/Developer/Xcode/DerivedData/Familienplaner-dmcrrzfthkjbwogvslwbznxtcpok/Build/Intermediates.noindex/Familienplaner.build/Debug-watchsimulator/FamilienplanerWatchWidgets.build/Objects-normal/x86_64/Binary/FamilienplanerWatchWidgets.debug.dylib /Applications/Xcode_26.6.app/Contents/Developer/Platforms/WatchSimulator.platform/Developer/usr/lib/libPreviewsJITStubExecutor_no_swift_entry_point.a /Applications/Xcode_26.6.app/Contents/Developer/Platforms/WatchSimulator.platform/Developer/usr/lib/libPreviewsJITStubExecutor.a --output /Users/runner/Library/Developer/Xcode/DerivedData/Familienplaner-dmcrrzfthkjbwogvslwbznxtcpok/Build/Intermediates.noindex/Familienplaner.build/Debug-watchsimulator/FamilienplanerWatchWidgets.build/FamilienplanerWatchWidgets-ExecutorLinkFileList-normal-x86_64.txt
note: Using stub executor library with Swift entry point. (in target 'FamilienplanerWatchWidgets' from project 'Familienplaner')

Ld /Users/runner/Library/Developer/Xcode/DerivedData/Familienplaner-dmcrrzfthkjbwogvslwbznxtcpok/Build/Products/Debug-iphonesimulator/FamilienplanerShare.appex/FamilienplanerShare.debug.dylib normal (in target 'FamilienplanerShare' from project 'Familienplaner')
    cd /Users/runner/work/familienplaner/familienplaner
    /Applications/Xcode_26.6.app/Contents/Developer/Toolchains/XcodeDefault.xctoolchain/usr/bin/clang -Xlinker -reproducible -target arm64-apple-ios26.0-simulator -dynamiclib -isysroot /Applications/Xcode_26.6.app/Contents/Developer/Platforms/iPhoneSimulator.platform/Developer/SDKs/iPhoneSimulator26.5.sdk -O0 -L/Users/runner/Library/Developer/Xcode/DerivedData/Familienplaner-dmcrrzfthkjbwogvslwbznxtcpok/Build/Intermediates.noindex/EagerLinkingTBDs/Debug-iphonesimulator -L/Users/runner/Library/Developer/Xcode/DerivedData/Familienplaner-dmcrrzfthkjbwogvslwbznxtcpok/Build/Products/Debug-iphonesimulator -F/Users/runner/Library/Developer/Xcode/DerivedData/Familienplaner-dmcrrzfthkjbwogvslwbznxtcpok/Build/Intermediates.noindex/EagerLinkingTBDs/Debug-iphonesimulator -F/Users/runner/Library/Developer/Xcode/DerivedData/Familienplaner-dmcrrzfthkjbwogvslwbznxtcpok/Build/Products/Debug-iphonesimulator -filelist /Users/runner/Library/Developer/Xcode/DerivedData/Familienplaner-dmcrrzfthkjbwogvslwbznxtcpok/Build/Intermediates.noindex/Familienplaner.build/Debug-iphonesimulator/FamilienplanerShare.build/Objects-normal/arm64/FamilienplanerShare.LinkFileList -install_name @rpath/FamilienplanerShare.debug.dylib -Xlinker -rpath -Xlinker @executable_path/Frameworks -Xlinker -rpath -Xlinker @executable_path/../../Frameworks -Xlinker -dead_strip -Xlinker -object_path_lto -Xlinker /Users/runner/Library/Developer/Xcode/DerivedData/Familienplaner-dmcrrzfthkjbwogvslwbznxtcpok/Build/Intermediates.noindex/Familienplaner.build/Debug-iphonesimulator/FamilienplanerShare.build/Objects-normal/arm64/FamilienplanerShare_lto.o -rdynamic -Xlinker -no_deduplicate -Xlinker -objc_abi_version -Xlinker 2 -Xlinker -debug_variant -Xlinker -dependency_info -Xlinker /Users/runner/Library/Developer/Xcode/DerivedData/Familienplaner-dmcrrzfthkjbwogvslwbznxtcpok/Build/Intermediates.noindex/Familienplaner.build/Debug-iphonesimulator/FamilienplanerShare.build/Objects-normal/arm64/FamilienplanerShare_dependency_info.dat -fapplication-extension -fobjc-link-runtime -fprofile-instr-generate -L/Applications/Xcode_26.6.app/Contents/Developer/Toolchains/XcodeDefault.xctoolchain/usr/lib/swift/iphonesimulator -L/usr/lib/swift -Xlinker -add_ast_path -Xlinker /Users/runner/Library/Developer/Xcode/DerivedData/Familienplaner-dmcrrzfthkjbwogvslwbznxtcpok/Build/Intermediates.noindex/Familienplaner.build/Debug-iphonesimulator/FamilienplanerShare.build/Objects-normal/arm64/FamilienplanerShare.swiftmodule @/Users/runner/Library/Developer/Xcode/DerivedData/Familienplaner-dmcrrzfthkjbwogvslwbznxtcpok/Build/Intermediates.noindex/Familienplaner.build/Debug-iphonesimulator/FamilienplanerShare.build/Objects-normal/arm64/FamilienplanerShare-linker-args.resp -Xlinker -alias -Xlinker _NSExtensionMain -Xlinker ___debug_main_executable_dylib_entry_point -o /Users/runner/Library/Developer/Xcode/DerivedData/Familienplaner-dmcrrzfthkjbwogvslwbznxtcpok/Build/Products/Debug-iphonesimulator/FamilienplanerShare.appex/FamilienplanerShare.debug.dylib

Ld /Users/runner/Library/Developer/Xcode/DerivedData/Familienplaner-dmcrrzfthkjbwogvslwbznxtcpok/Build/Products/Debug-iphonesimulator/FamilienplanerWidgets.appex/FamilienplanerWidgets normal (in target 'FamilienplanerWidgets' from project 'Familienplaner')
    cd /Users/runner/work/familienplaner/familienplaner
    /Applications/Xcode_26.6.app/Contents/Developer/Toolchains/XcodeDefault.xctoolchain/usr/bin/clang -Xlinker -reproducible -target arm64-apple-ios26.0-simulator -isysroot /Applications/Xcode_26.6.app/Contents/Developer/Platforms/iPhoneSimulator.platform/Developer/SDKs/iPhoneSimulator26.5.sdk -O0 -L/Users/runner/Library/Developer/Xcode/DerivedData/Familienplaner-dmcrrzfthkjbwogvslwbznxtcpok/Build/Products/Debug-iphonesimulator -F/Users/runner/Library/Developer/Xcode/DerivedData/Familienplaner-dmcrrzfthkjbwogvslwbznxtcpok/Build/Products/Debug-iphonesimulator -Xlinker -rpath -Xlinker @executable_path -Xlinker -rpath -Xlinker @executable_path/Frameworks -Xlinker -rpath -Xlinker @executable_path/../../Frameworks -rdynamic -Xlinker -no_deduplicate -Xlinker -objc_abi_version -Xlinker 2 -Xlinker -debug_variant -e ___debug_blank_executor_main -Xlinker -sectcreate -Xlinker __TEXT -Xlinker __debug_dylib -Xlinker /Users/runner/Library/Developer/Xcode/DerivedData/Familienplaner-dmcrrzfthkjbwogvslwbznxtcpok/Build/Intermediates.noindex/Familienplaner.build/Debug-iphonesimulator/FamilienplanerWidgets.build/FamilienplanerWidgets-DebugDylibPath-normal-arm64.txt -Xlinker -sectcreate -Xlinker __TEXT -Xlinker __debug_entry -Xlinker /Users/runner/Library/Developer/Xcode/DerivedData/Familienplaner-dmcrrzfthkjbwogvslwbznxtcpok/Build/Intermediates.noindex/Familienplaner.build/Debug-iphonesimulator/FamilienplanerWidgets.build/FamilienplanerWidgets-DebugEntryPoint-normal-arm64.txt -Xlinker -sectcreate -Xlinker __TEXT -Xlinker __debug_instlnm -Xlinker /Users/runner/Library/Developer/Xcode/DerivedData/Familienplaner-dmcrrzfthkjbwogvslwbznxtcpok/Build/Intermediates.noindex/Familienplaner.build/Debug-iphonesimulator/FamilienplanerWidgets.build/FamilienplanerWidgets-DebugDylibInstallName-normal-arm64.txt -Xlinker -filelist -Xlinker /Users/runner/Library/Developer/Xcode/DerivedData/Familienplaner-dmcrrzfthkjbwogvslwbznxtcpok/Build/Intermediates.noindex/Familienplaner.build/Debug-iphonesimulator/FamilienplanerWidgets.build/FamilienplanerWidgets-ExecutorLinkFileList-normal-arm64.txt /Users/runner/Library/Developer/Xcode/DerivedData/Familienplaner-dmcrrzfthkjbwogvslwbznxtcpok/Build/Products/Debug-iphonesimulator/FamilienplanerWidgets.appex/FamilienplanerWidgets.debug.dylib -o /Users/runner/Library/Developer/Xcode/DerivedData/Familienplaner-dmcrrzfthkjbwogvslwbznxtcpok/Build/Products/Debug-iphonesimulator/FamilienplanerWidgets.appex/FamilienplanerWidgets

Ld /Users/runner/Library/Developer/Xcode/DerivedData/Familienplaner-dmcrrzfthkjbwogvslwbznxtcpok/Build/Intermediates.noindex/Familienplaner.build/Debug-watchsimulator/FamilienplanerWatchWidgets.build/Objects-normal/x86_64/Binary/FamilienplanerWatchWidgets normal x86_64 (in target 'FamilienplanerWatchWidgets' from project 'Familienplaner')
    cd /Users/runner/work/familienplaner/familienplaner
    /Applications/Xcode_26.6.app/Contents/Developer/Toolchains/XcodeDefault.xctoolchain/usr/bin/clang -Xlinker -reproducible -target x86_64-apple-watchos26.0-simulator -isysroot /Applications/Xcode_26.6.app/Contents/Developer/Platforms/WatchSimulator.platform/Developer/SDKs/WatchSimulator26.5.sdk -O0 -L/Users/runner/Library/Developer/Xcode/DerivedData/Familienplaner-dmcrrzfthkjbwogvslwbznxtcpok/Build/Products/Debug-watchsimulator -F/Users/runner/Library/Developer/Xcode/DerivedData/Familienplaner-dmcrrzfthkjbwogvslwbznxtcpok/Build/Products/Debug-watchsimulator -Xlinker -rpath -Xlinker @executable_path -Xlinker -rpath -Xlinker @executable_path/Frameworks -Xlinker -rpath -Xlinker @executable_path/../../Frameworks -rdynamic -Xlinker -no_deduplicate -Xlinker -objc_abi_version -Xlinker 2 -Xlinker -debug_variant -e ___debug_blank_executor_main -Xlinker -sectcreate -Xlinker __TEXT -Xlinker __debug_dylib -Xlinker /Users/runner/Library/Developer/Xcode/DerivedData/Familienplaner-dmcrrzfthkjbwogvslwbznxtcpok/Build/Intermediates.noindex/Familienplaner.build/Debug-watchsimulator/FamilienplanerWatchWidgets.build/FamilienplanerWatchWidgets-DebugDylibPath-normal-x86_64.txt -Xlinker -sectcreate -Xlinker __TEXT -Xlinker __debug_entry -Xlinker /Users/runner/Library/Developer/Xcode/DerivedData/Familienplaner-dmcrrzfthkjbwogvslwbznxtcpok/Build/Intermediates.noindex/Familienplaner.build/Debug-watchsimulator/FamilienplanerWatchWidgets.build/FamilienplanerWatchWidgets-DebugEntryPoint-normal-x86_64.txt -Xlinker -sectcreate -Xlinker __TEXT -Xlinker __debug_instlnm -Xlinker /Users/runner/Library/Developer/Xcode/DerivedData/Familienplaner-dmcrrzfthkjbwogvslwbznxtcpok/Build/Intermediates.noindex/Familienplaner.build/Debug-watchsimulator/FamilienplanerWatchWidgets.build/FamilienplanerWatchWidgets-DebugDylibInstallName-normal-x86_64.txt -Xlinker -filelist -Xlinker /Users/runner/Library/Developer/Xcode/DerivedData/Familienplaner-dmcrrzfthkjbwogvslwbznxtcpok/Build/Intermediates.noindex/Familienplaner.build/Debug-watchsimulator/FamilienplanerWatchWidgets.build/FamilienplanerWatchWidgets-ExecutorLinkFileList-normal-x86_64.txt /Users/runner/Library/Developer/Xcode/DerivedData/Familienplaner-dmcrrzfthkjbwogvslwbznxtcpok/Build/Intermediates.noindex/Familienplaner.build/Debug-watchsimulator/FamilienplanerWatchWidgets.build/Objects-normal/x86_64/Binary/FamilienplanerWatchWidgets.debug.dylib -o /Users/runner/Library/Developer/Xcode/DerivedData/Familienplaner-dmcrrzfthkjbwogvslwbznxtcpok/Build/Intermediates.noindex/Familienplaner.build/Debug-watchsimulator/FamilienplanerWatchWidgets.build/Objects-normal/x86_64/Binary/FamilienplanerWatchWidgets

ExtractAppIntentsMetadata (in target 'FamilienplanerWidgets' from project 'Familienplaner')
    cd /Users/runner/work/familienplaner/familienplaner
    /Applications/Xcode_26.6.app/Contents/Developer/Toolchains/XcodeDefault.xctoolchain/usr/bin/appintentsmetadataprocessor --toolchain-dir /var/run/com.apple.security.cryptexd/mnt/com.apple.MobileAsset.MetalToolchain-v17.6.109.0.o5pn4K/Metal.xctoolchain --module-name FamilienplanerWidgets --sdk-root /Applications/Xcode_26.6.app/Contents/Developer/Platforms/iPhoneSimulator.platform/Developer/SDKs/iPhoneSimulator26.5.sdk --xcode-version 17F113 --platform-family iOS --deployment-target 26.0 --bundle-identifier de.barg.familienplaner.widgets --output /Users/runner/Library/Developer/Xcode/DerivedData/Familienplaner-dmcrrzfthkjbwogvslwbznxtcpok/Build/Products/Debug-iphonesimulator/FamilienplanerWidgets.appex --target-triple arm64-apple-ios26.0-simulator --binary-file /Users/runner/Library/Developer/Xcode/DerivedData/Familienplaner-dmcrrzfthkjbwogvslwbznxtcpok/Build/Products/Debug-iphonesimulator/FamilienplanerWidgets.appex/FamilienplanerWidgets --dependency-file /Users/runner/Library/Developer/Xcode/DerivedData/Familienplaner-dmcrrzfthkjbwogvslwbznxtcpok/Build/Intermediates.noindex/Familienplaner.build/Debug-iphonesimulator/FamilienplanerWidgets.build/Objects-normal/arm64/FamilienplanerWidgets_dependency_info.dat --stringsdata-file /Users/runner/Library/Developer/Xcode/DerivedData/Familienplaner-dmcrrzfthkjbwogvslwbznxtcpok/Build/Intermediates.noindex/Familienplaner.build/Debug-iphonesimulator/FamilienplanerWidgets.build/Objects-normal/arm64/ExtractedAppShortcutsMetadata.stringsdata --source-file-list /Users/runner/Library/Developer/Xcode/DerivedData/Familienplaner-dmcrrzfthkjbwogvslwbznxtcpok/Build/Intermediates.noindex/Familienplaner.build/Debug-iphonesimulator/FamilienplanerWidgets.build/Objects-normal/arm64/FamilienplanerWidgets.SwiftFileList --metadata-file-list /Users/runner/Library/Developer/Xcode/DerivedData/Familienplaner-dmcrrzfthkjbwogvslwbznxtcpok/Build/Intermediates.noindex/Familienplaner.build/Debug-iphonesimulator/FamilienplanerWidgets.build/FamilienplanerWidgets.DependencyMetadataFileList --static-metadata-file-list /Users/runner/Library/Developer/Xcode/DerivedData/Familienplaner-dmcrrzfthkjbwogvslwbznxtcpok/Build/Intermediates.noindex/Familienplaner.build/Debug-iphonesimulator/FamilienplanerWidgets.build/FamilienplanerWidgets.DependencyStaticMetadataFileList --swift-const-vals-list /Users/runner/Library/Developer/Xcode/DerivedData/Familienplaner-dmcrrzfthkjbwogvslwbznxtcpok/Build/Intermediates.noindex/Familienplaner.build/Debug-iphonesimulator/FamilienplanerWidgets.build/Objects-normal/arm64/FamilienplanerWidgets.SwiftConstValuesFileList --compile-time-extraction --deployment-aware-processing --validate-assistant-intents --no-app-shortcuts-localization
2026-10-10 07:30:50.572 appintentsmetadataprocessor[14823:45636] Starting appintentsmetadataprocessor export
2026-10-10 07:30:50.665 appintentsmetadataprocessor[14823:45636] Extracted no relevant App Intents symbols, skipping writing output

AppIntentsSSUTraining (in target 'FamilienplanerWidgets' from project 'Familienplaner')
    cd /Users/runner/work/familienplaner/familienplaner
    /Applications/Xcode_26.6.app/Contents/Developer/Toolchains/XcodeDefault.xctoolchain/usr/bin/appintentsnltrainingprocessor --infoplist-path /Users/runner/Library/Developer/Xcode/DerivedData/Familienplaner-dmcrrzfthkjbwogvslwbznxtcpok/Build/Products/Debug-iphonesimulator/FamilienplanerWidgets.appex/Info.plist --temp-dir-path /Users/runner/Library/Developer/Xcode/DerivedData/Familienplaner-dmcrrzfthkjbwogvslwbznxtcpok/Build/Intermediates.noindex/Familienplaner.build/Debug-iphonesimulator/FamilienplanerWidgets.build/ssu --bundle-id de.barg.familienplaner.widgets --product-path /Users/runner/Library/Developer/Xcode/DerivedData/Familienplaner-dmcrrzfthkjbwogvslwbznxtcpok/Build/Products/Debug-iphonesimulator/FamilienplanerWidgets.appex --extracted-metadata-path /Users/runner/Library/Developer/Xcode/DerivedData/Familienplaner-dmcrrzfthkjbwogvslwbznxtcpok/Build/Products/Debug-iphonesimulator/FamilienplanerWidgets.appex/Metadata.appintents --metadata-file-list /Users/runner/Library/Developer/Xcode/DerivedData/Familienplaner-dmcrrzfthkjbwogvslwbznxtcpok/Build/Intermediates.noindex/Familienplaner.build/Debug-iphonesimulator/FamilienplanerWidgets.build/FamilienplanerWidgets.DependencyMetadataFileList --source-file /Users/runner/Library/Developer/Xcode/DerivedData/Familienplaner-dmcrrzfthkjbwogvslwbznxtcpok/Build/Products/Debug-iphonesimulator/FamilienplanerWidgets.appex/Info.plist --archive-ssu-assets
2026-10-10 07:30:50.721 appintentsnltrainingprocessor[14824:45643] Parsing options for appintentsnltrainingprocessor
2026-10-10 07:30:50.722 appintentsnltrainingprocessor[14824:45643] Starting AppIntents SSU YAML Generation
2026-10-10 07:30:50.727 appintentsnltrainingprocessor[14824:45643] No AppShortcuts found - Skipping.

CreateUniversalBinary /Users/runner/Library/Developer/Xcode/DerivedData/Familienplaner-dmcrrzfthkjbwogvslwbznxtcpok/Build/Products/Debug-watchsimulator/FamilienplanerWatchWidgets.appex/FamilienplanerWatchWidgets.debug.dylib normal arm64\ x86_64 (in target 'FamilienplanerWatchWidgets' from project 'Familienplaner')
    cd /Users/runner/work/familienplaner/familienplaner
    /Applications/Xcode_26.6.app/Contents/Developer/Toolchains/XcodeDefault.xctoolchain/usr/bin/lipo -create /Users/runner/Library/Developer/Xcode/DerivedData/Familienplaner-dmcrrzfthkjbwogvslwbznxtcpok/Build/Intermediates.noindex/Familienplaner.build/Debug-watchsimulator/FamilienplanerWatchWidgets.build/Objects-normal/arm64/Binary/FamilienplanerWatchWidgets.debug.dylib /Users/runner/Library/Developer/Xcode/DerivedData/Familienplaner-dmcrrzfthkjbwogvslwbznxtcpok/Build/Intermediates.noindex/Familienplaner.build/Debug-watchsimulator/FamilienplanerWatchWidgets.build/Objects-normal/x86_64/Binary/FamilienplanerWatchWidgets.debug.dylib -output /Users/runner/Library/Developer/Xcode/DerivedData/Familienplaner-dmcrrzfthkjbwogvslwbznxtcpok/Build/Products/Debug-watchsimulator/FamilienplanerWatchWidgets.appex/FamilienplanerWatchWidgets.debug.dylib

ConstructStubExecutorLinkFileList /Users/runner/Library/Developer/Xcode/DerivedData/Familienplaner-dmcrrzfthkjbwogvslwbznxtcpok/Build/Intermediates.noindex/Familienplaner.build/Debug-watchsimulator/FamilienplanerWatchWidgets.build/FamilienplanerWatchWidgets-ExecutorLinkFileList-normal-arm64.txt (in target 'FamilienplanerWatchWidgets' from project 'Familienplaner')
    cd /Users/runner/work/familienplaner/familienplaner
    construct-stub-executor-link-file-list /Users/runner/Library/Developer/Xcode/DerivedData/Familienplaner-dmcrrzfthkjbwogvslwbznxtcpok/Build/Intermediates.noindex/Familienplaner.build/Debug-watchsimulator/FamilienplanerWatchWidgets.build/Objects-normal/arm64/Binary/FamilienplanerWatchWidgets.debug.dylib /Applications/Xcode_26.6.app/Contents/Developer/Platforms/WatchSimulator.platform/Developer/usr/lib/libPreviewsJITStubExecutor_no_swift_entry_point.a /Applications/Xcode_26.6.app/Contents/Developer/Platforms/WatchSimulator.platform/Developer/usr/lib/libPreviewsJITStubExecutor.a --output /Users/runner/Library/Developer/Xcode/DerivedData/Familienplaner-dmcrrzfthkjbwogvslwbznxtcpok/Build/Intermediates.noindex/Familienplaner.build/Debug-watchsimulator/FamilienplanerWatchWidgets.build/FamilienplanerWatchWidgets-ExecutorLinkFileList-normal-arm64.txt
note: Using stub executor library with Swift entry point. (in target 'FamilienplanerWatchWidgets' from project 'Familienplaner')

Ld /Users/runner/Library/Developer/Xcode/DerivedData/Familienplaner-dmcrrzfthkjbwogvslwbznxtcpok/Build/Intermediates.noindex/Familienplaner.build/Debug-watchsimulator/FamilienplanerWatchWidgets.build/Objects-normal/arm64/Binary/FamilienplanerWatchWidgets normal arm64 (in target 'FamilienplanerWatchWidgets' from project 'Familienplaner')
    cd /Users/runner/work/familienplaner/familienplaner
    /Applications/Xcode_26.6.app/Contents/Developer/Toolchains/XcodeDefault.xctoolchain/usr/bin/clang -Xlinker -reproducible -target arm64-apple-watchos26.0-simulator -isysroot /Applications/Xcode_26.6.app/Contents/Developer/Platforms/WatchSimulator.platform/Developer/SDKs/WatchSimulator26.5.sdk -O0 -L/Users/runner/Library/Developer/Xcode/DerivedData/Familienplaner-dmcrrzfthkjbwogvslwbznxtcpok/Build/Products/Debug-watchsimulator -F/Users/runner/Library/Developer/Xcode/DerivedData/Familienplaner-dmcrrzfthkjbwogvslwbznxtcpok/Build/Products/Debug-watchsimulator -Xlinker -rpath -Xlinker @executable_path -Xlinker -rpath -Xlinker @executable_path/Frameworks -Xlinker -rpath -Xlinker @executable_path/../../Frameworks -rdynamic -Xlinker -no_deduplicate -Xlinker -objc_abi_version -Xlinker 2 -Xlinker -debug_variant -e ___debug_blank_executor_main -Xlinker -sectcreate -Xlinker __TEXT -Xlinker __debug_dylib -Xlinker /Users/runner/Library/Developer/Xcode/DerivedData/Familienplaner-dmcrrzfthkjbwogvslwbznxtcpok/Build/Intermediates.noindex/Familienplaner.build/Debug-watchsimulator/FamilienplanerWatchWidgets.build/FamilienplanerWatchWidgets-DebugDylibPath-normal-arm64.txt -Xlinker -sectcreate -Xlinker __TEXT -Xlinker __debug_entry -Xlinker /Users/runner/Library/Developer/Xcode/DerivedData/Familienplaner-dmcrrzfthkjbwogvslwbznxtcpok/Build/Intermediates.noindex/Familienplaner.build/Debug-watchsimulator/FamilienplanerWatchWidgets.build/FamilienplanerWatchWidgets-DebugEntryPoint-normal-arm64.txt -Xlinker -sectcreate -Xlinker __TEXT -Xlinker __debug_instlnm -Xlinker /Users/runner/Library/Developer/Xcode/DerivedData/Familienplaner-dmcrrzfthkjbwogvslwbznxtcpok/Build/Intermediates.noindex/Familienplaner.build/Debug-watchsimulator/FamilienplanerWatchWidgets.build/FamilienplanerWatchWidgets-DebugDylibInstallName-normal-arm64.txt -Xlinker -filelist -Xlinker /Users/runner/Library/Developer/Xcode/DerivedData/Familienplaner-dmcrrzfthkjbwogvslwbznxtcpok/Build/Intermediates.noindex/Familienplaner.build/Debug-watchsimulator/FamilienplanerWatchWidgets.build/FamilienplanerWatchWidgets-ExecutorLinkFileList-normal-arm64.txt /Users/runner/Library/Developer/Xcode/DerivedData/Familienplaner-dmcrrzfthkjbwogvslwbznxtcpok/Build/Intermediates.noindex/Familienplaner.build/Debug-watchsimulator/FamilienplanerWatchWidgets.build/Objects-normal/arm64/Binary/FamilienplanerWatchWidgets.debug.dylib -o /Users/runner/Library/Developer/Xcode/DerivedData/Familienplaner-dmcrrzfthkjbwogvslwbznxtcpok/Build/Intermediates.noindex/Familienplaner.build/Debug-watchsimulator/FamilienplanerWatchWidgets.build/Objects-normal/arm64/Binary/FamilienplanerWatchWidgets

MkDir /Users/runner/Library/Developer/Xcode/DerivedData/Familienplaner-dmcrrzfthkjbwogvslwbznxtcpok/Build/Intermediates.noindex/Familienplaner.build/Debug-watchsimulator/FamilienplanerWatch.build/assetcatalog_output/unthinned (in target 'FamilienplanerWatch' from project 'Familienplaner')
    cd /Users/runner/work/familienplaner/familienplaner
    /bin/mkdir -p /Users/runner/Library/Developer/Xcode/DerivedData/Familienplaner-dmcrrzfthkjbwogvslwbznxtcpok/Build/Intermediates.noindex/Familienplaner.build/Debug-watchsimulator/FamilienplanerWatch.build/assetcatalog_output/unthinned

MkDir /Users/runner/Library/Developer/Xcode/DerivedData/Familienplaner-dmcrrzfthkjbwogvslwbznxtcpok/Build/Intermediates.noindex/Familienplaner.build/Debug-watchsimulator/FamilienplanerWatch.build/assetcatalog_output/thinned (in target 'FamilienplanerWatch' from project 'Familienplaner')
    cd /Users/runner/work/familienplaner/familienplaner
    /bin/mkdir -p /Users/runner/Library/Developer/Xcode/DerivedData/Familienplaner-dmcrrzfthkjbwogvslwbznxtcpok/Build/Intermediates.noindex/Familienplaner.build/Debug-watchsimulator/FamilienplanerWatch.build/assetcatalog_output/thinned

GenerateAssetSymbols /Users/runner/work/familienplaner/familienplaner/Watch/Assets.xcassets (in target 'FamilienplanerWatch' from project 'Familienplaner')
    cd /Users/runner/work/familienplaner/familienplaner
    /Applications/Xcode_26.6.app/Contents/Developer/usr/bin/actool /Users/runner/work/familienplaner/familienplaner/Watch/Assets.xcassets --compile /Users/runner/Library/Developer/Xcode/DerivedData/Familienplaner-dmcrrzfthkjbwogvslwbznxtcpok/Build/Products/Debug-watchsimulator/FamilienplanerWatch.app --output-format human-readable-text --notices --warnings --export-dependency-info /Users/runner/Library/Developer/Xcode/DerivedData/Familienplaner-dmcrrzfthkjbwogvslwbznxtcpok/Build/Intermediates.noindex/Familienplaner.build/Debug-watchsimulator/FamilienplanerWatch.build/assetcatalog_dependencies --output-partial-info-plist /Users/runner/Library/Developer/Xcode/DerivedData/Familienplaner-dmcrrzfthkjbwogvslwbznxtcpok/Build/Intermediates.noindex/Familienplaner.build/Debug-watchsimulator/FamilienplanerWatch.build/assetcatalog_generated_info.plist --app-icon AppIcon --compress-pngs --enable-on-demand-resources YES --development-region en --target-device watch --minimum-deployment-target 26.0 --platform watchsimulator --bundle-identifier de.barg.familienplaner.watchkitapp --generate-swift-asset-symbol-extensions NO --generate-swift-asset-symbols /Users/runner/Library/Developer/Xcode/DerivedData/Familienplaner-dmcrrzfthkjbwogvslwbznxtcpok/Build/Intermediates.noindex/Familienplaner.build/Debug-watchsimulator/FamilienplanerWatch.build/DerivedSources/GeneratedAssetSymbols.swift --generate-objc-asset-symbols /Users/runner/Library/Developer/Xcode/DerivedData/Familienplaner-dmcrrzfthkjbwogvslwbznxtcpok/Build/Intermediates.noindex/Familienplaner.build/Debug-watchsimulator/FamilienplanerWatch.build/DerivedSources/GeneratedAssetSymbols.h --generate-asset-symbol-index /Users/runner/Library/Developer/Xcode/DerivedData/Familienplaner-dmcrrzfthkjbwogvslwbznxtcpok/Build/Intermediates.noindex/Familienplaner.build/Debug-watchsimulator/FamilienplanerWatch.build/DerivedSources/GeneratedAssetSymbols-Index.plist
/* com.apple.actool.compilation-results */
/Users/runner/Library/Developer/Xcode/DerivedData/Familienplaner-dmcrrzfthkjbwogvslwbznxtcpok/Build/Intermediates.noindex/Familienplaner.build/Debug-watchsimulator/FamilienplanerWatch.build/DerivedSources/GeneratedAssetSymbols-Index.plist
/Users/runner/Library/Developer/Xcode/DerivedData/Familienplaner-dmcrrzfthkjbwogvslwbznxtcpok/Build/Intermediates.noindex/Familienplaner.build/Debug-watchsimulator/FamilienplanerWatch.build/DerivedSources/GeneratedAssetSymbols.h
/Users/runner/Library/Developer/Xcode/DerivedData/Familienplaner-dmcrrzfthkjbwogvslwbznxtcpok/Build/Intermediates.noindex/Familienplaner.build/Debug-watchsimulator/FamilienplanerWatch.build/DerivedSources/GeneratedAssetSymbols.swift


CreateUniversalBinary /Users/runner/Library/Developer/Xcode/DerivedData/Familienplaner-dmcrrzfthkjbwogvslwbznxtcpok/Build/Products/Debug-watchsimulator/FamilienplanerWatchWidgets.appex/FamilienplanerWatchWidgets normal arm64\ x86_64 (in target 'FamilienplanerWatchWidgets' from project 'Familienplaner')
    cd /Users/runner/work/familienplaner/familienplaner
    /Applications/Xcode_26.6.app/Contents/Developer/Toolchains/XcodeDefault.xctoolchain/usr/bin/lipo -create /Users/runner/Library/Developer/Xcode/DerivedData/Familienplaner-dmcrrzfthkjbwogvslwbznxtcpok/Build/Intermediates.noindex/Familienplaner.build/Debug-watchsimulator/FamilienplanerWatchWidgets.build/Objects-normal/arm64/Binary/FamilienplanerWatchWidgets /Users/runner/Library/Developer/Xcode/DerivedData/Familienplaner-dmcrrzfthkjbwogvslwbznxtcpok/Build/Intermediates.noindex/Familienplaner.build/Debug-watchsimulator/FamilienplanerWatchWidgets.build/Objects-normal/x86_64/Binary/FamilienplanerWatchWidgets -output /Users/runner/Library/Developer/Xcode/DerivedData/Familienplaner-dmcrrzfthkjbwogvslwbznxtcpok/Build/Products/Debug-watchsimulator/FamilienplanerWatchWidgets.appex/FamilienplanerWatchWidgets

CompileAssetCatalogVariant thinned /Users/runner/Library/Developer/Xcode/DerivedData/Familienplaner-dmcrrzfthkjbwogvslwbznxtcpok/Build/Products/Debug-watchsimulator/FamilienplanerWatch.app /Users/runner/work/familienplaner/familienplaner/Watch/Assets.xcassets (in target 'FamilienplanerWatch' from project 'Familienplaner')
    cd /Users/runner/work/familienplaner/familienplaner
    /Applications/Xcode_26.6.app/Contents/Developer/usr/bin/actool /Users/runner/work/familienplaner/familienplaner/Watch/Assets.xcassets --compile /Users/runner/Library/Developer/Xcode/DerivedData/Familienplaner-dmcrrzfthkjbwogvslwbznxtcpok/Build/Intermediates.noindex/Familienplaner.build/Debug-watchsimulator/FamilienplanerWatch.build/assetcatalog_output/thinned --output-format human-readable-text --notices --warnings --export-dependency-info /Users/runner/Library/Developer/Xcode/DerivedData/Familienplaner-dmcrrzfthkjbwogvslwbznxtcpok/Build/Intermediates.noindex/Familienplaner.build/Debug-watchsimulator/FamilienplanerWatch.build/assetcatalog_dependencies_thinned --output-partial-info-plist /Users/runner/Library/Developer/Xcode/DerivedData/Familienplaner-dmcrrzfthkjbwogvslwbznxtcpok/Build/Intermediates.noindex/Familienplaner.build/Debug-watchsimulator/FamilienplanerWatch.build/assetcatalog_generated_info.plist_thinned --app-icon AppIcon --compress-pngs --enable-on-demand-resources YES --filter-for-thinning-device-configuration iPhone18,2 --filter-for-device-os-version 26.5 --development-region en --target-device watch --minimum-deployment-target 26.0 --platform watchsimulator
/* com.apple.actool.compilation-results */
/Users/runner/Library/Developer/Xcode/DerivedData/Familienplaner-dmcrrzfthkjbwogvslwbznxtcpok/Build/Intermediates.noindex/Familienplaner.build/Debug-watchsimulator/FamilienplanerWatch.build/assetcatalog_generated_info.plist_thinned
/Users/runner/Library/Developer/Xcode/DerivedData/Familienplaner-dmcrrzfthkjbwogvslwbznxtcpok/Build/Intermediates.noindex/Familienplaner.build/Debug-watchsimulator/FamilienplanerWatch.build/assetcatalog_output/thinned/Assets.car


ConstructStubExecutorLinkFileList /Users/runner/Library/Developer/Xcode/DerivedData/Familienplaner-dmcrrzfthkjbwogvslwbznxtcpok/Build/Intermediates.noindex/Familienplaner.build/Debug-iphonesimulator/FamilienplanerShare.build/FamilienplanerShare-ExecutorLinkFileList-normal-arm64.txt (in target 'FamilienplanerShare' from project 'Familienplaner')
    cd /Users/runner/work/familienplaner/familienplaner
    construct-stub-executor-link-file-list /Users/runner/Library/Developer/Xcode/DerivedData/Familienplaner-dmcrrzfthkjbwogvslwbznxtcpok/Build/Products/Debug-iphonesimulator/FamilienplanerShare.appex/FamilienplanerShare.debug.dylib /Applications/Xcode_26.6.app/Contents/Developer/Platforms/iPhoneSimulator.platform/Developer/usr/lib/libPreviewsJITStubExecutor_no_swift_entry_point.a /Applications/Xcode_26.6.app/Contents/Developer/Platforms/iPhoneSimulator.platform/Developer/usr/lib/libPreviewsJITStubExecutor.a --output /Users/runner/Library/Developer/Xcode/DerivedData/Familienplaner-dmcrrzfthkjbwogvslwbznxtcpok/Build/Intermediates.noindex/Familienplaner.build/Debug-iphonesimulator/FamilienplanerShare.build/FamilienplanerShare-ExecutorLinkFileList-normal-arm64.txt
note: Using stub executor library without Swift entry point. (in target 'FamilienplanerShare' from project 'Familienplaner')

Ld /Users/runner/Library/Developer/Xcode/DerivedData/Familienplaner-dmcrrzfthkjbwogvslwbznxtcpok/Build/Products/Debug-iphonesimulator/FamilienplanerShare.appex/FamilienplanerShare normal (in target 'FamilienplanerShare' from project 'Familienplaner')
    cd /Users/runner/work/familienplaner/familienplaner
    /Applications/Xcode_26.6.app/Contents/Developer/Toolchains/XcodeDefault.xctoolchain/usr/bin/clang -Xlinker -reproducible -target arm64-apple-ios26.0-simulator -isysroot /Applications/Xcode_26.6.app/Contents/Developer/Platforms/iPhoneSimulator.platform/Developer/SDKs/iPhoneSimulator26.5.sdk -O0 -L/Users/runner/Library/Developer/Xcode/DerivedData/Familienplaner-dmcrrzfthkjbwogvslwbznxtcpok/Build/Products/Debug-iphonesimulator -F/Users/runner/Library/Developer/Xcode/DerivedData/Familienplaner-dmcrrzfthkjbwogvslwbznxtcpok/Build/Products/Debug-iphonesimulator -Xlinker -rpath -Xlinker @executable_path -Xlinker -rpath -Xlinker @executable_path/Frameworks -Xlinker -rpath -Xlinker @executable_path/../../Frameworks -rdynamic -Xlinker -no_deduplicate -Xlinker -objc_abi_version -Xlinker 2 -Xlinker -debug_variant -e ___debug_blank_executor_main -Xlinker -sectcreate -Xlinker __TEXT -Xlinker __debug_dylib -Xlinker /Users/runner/Library/Developer/Xcode/DerivedData/Familienplaner-dmcrrzfthkjbwogvslwbznxtcpok/Build/Intermediates.noindex/Familienplaner.build/Debug-iphonesimulator/FamilienplanerShare.build/FamilienplanerShare-DebugDylibPath-normal-arm64.txt -Xlinker -sectcreate -Xlinker __TEXT -Xlinker __debug_entry -Xlinker /Users/runner/Library/Developer/Xcode/DerivedData/Familienplaner-dmcrrzfthkjbwogvslwbznxtcpok/Build/Intermediates.noindex/Familienplaner.build/Debug-iphonesimulator/FamilienplanerShare.build/FamilienplanerShare-DebugEntryPoint-normal-arm64.txt -Xlinker -sectcreate -Xlinker __TEXT -Xlinker __debug_instlnm -Xlinker /Users/runner/Library/Developer/Xcode/DerivedData/Familienplaner-dmcrrzfthkjbwogvslwbznxtcpok/Build/Intermediates.noindex/Familienplaner.build/Debug-iphonesimulator/FamilienplanerShare.build/FamilienplanerShare-DebugDylibInstallName-normal-arm64.txt -Xlinker -filelist -Xlinker /Users/runner/Library/Developer/Xcode/DerivedData/Familienplaner-dmcrrzfthkjbwogvslwbznxtcpok/Build/Intermediates.noindex/Familienplaner.build/Debug-iphonesimulator/FamilienplanerShare.build/FamilienplanerShare-ExecutorLinkFileList-normal-arm64.txt /Users/runner/Library/Developer/Xcode/DerivedData/Familienplaner-dmcrrzfthkjbwogvslwbznxtcpok/Build/Products/Debug-iphonesimulator/FamilienplanerShare.appex/FamilienplanerShare.debug.dylib -o /Users/runner/Library/Developer/Xcode/DerivedData/Familienplaner-dmcrrzfthkjbwogvslwbznxtcpok/Build/Products/Debug-iphonesimulator/FamilienplanerShare.appex/FamilienplanerShare

RegisterExecutionPolicyException /Users/runner/Library/Developer/Xcode/DerivedData/Familienplaner-dmcrrzfthkjbwogvslwbznxtcpok/Build/Products/Debug-iphonesimulator/FamilienplanerWidgets.appex (in target 'FamilienplanerWidgets' from project 'Familienplaner')
    cd /Users/runner/work/familienplaner/familienplaner
    builtin-RegisterExecutionPolicyException /Users/runner/Library/Developer/Xcode/DerivedData/Familienplaner-dmcrrzfthkjbwogvslwbznxtcpok/Build/Products/Debug-iphonesimulator/FamilienplanerWidgets.appex

ExtractAppIntentsMetadata (in target 'FamilienplanerWatchWidgets' from project 'Familienplaner')
    cd /Users/runner/work/familienplaner/familienplaner
    /Applications/Xcode_26.6.app/Contents/Developer/Toolchains/XcodeDefault.xctoolchain/usr/bin/appintentsmetadataprocessor --toolchain-dir /var/run/com.apple.security.cryptexd/mnt/com.apple.MobileAsset.MetalToolchain-v17.6.109.0.o5pn4K/Metal.xctoolchain --module-name FamilienplanerWatchWidgets --sdk-root /Applications/Xcode_26.6.app/Contents/Developer/Platforms/WatchSimulator.platform/Developer/SDKs/WatchSimulator26.5.sdk --xcode-version 17F113 --platform-family watchOS --deployment-target 26.0 --bundle-identifier de.barg.familienplaner.watchkitapp.widgets --output /Users/runner/Library/Developer/Xcode/DerivedData/Familienplaner-dmcrrzfthkjbwogvslwbznxtcpok/Build/Products/Debug-watchsimulator/FamilienplanerWatchWidgets.appex --target-triple arm64-apple-watchos26.0-simulator --target-triple x86_64-apple-watchos26.0-simulator --binary-file /Users/runner/Library/Developer/Xcode/DerivedData/Familienplaner-dmcrrzfthkjbwogvslwbznxtcpok/Build/Products/Debug-watchsimulator/FamilienplanerWatchWidgets.appex/FamilienplanerWatchWidgets --dependency-file /Users/runner/Library/Developer/Xcode/DerivedData/Familienplaner-dmcrrzfthkjbwogvslwbznxtcpok/Build/Intermediates.noindex/Familienplaner.build/Debug-watchsimulator/FamilienplanerWatchWidgets.build/Objects-normal/arm64/FamilienplanerWatchWidgets_dependency_info.dat --dependency-file /Users/runner/Library/Developer/Xcode/DerivedData/Familienplaner-dmcrrzfthkjbwogvslwbznxtcpok/Build/Intermediates.noindex/Familienplaner.build/Debug-watchsimulator/FamilienplanerWatchWidgets.build/Objects-normal/x86_64/FamilienplanerWatchWidgets_dependency_info.dat --stringsdata-file /Users/runner/Library/Developer/Xcode/DerivedData/Familienplaner-dmcrrzfthkjbwogvslwbznxtcpok/Build/Intermediates.noindex/Familienplaner.build/Debug-watchsimulator/FamilienplanerWatchWidgets.build/Objects-normal/arm64/ExtractedAppShortcutsMetadata.stringsdata --stringsdata-file /Users/runner/Library/Developer/Xcode/DerivedData/Familienplaner-dmcrrzfthkjbwogvslwbznxtcpok/Build/Intermediates.noindex/Familienplaner.build/Debug-watchsimulator/FamilienplanerWatchWidgets.build/Objects-normal/x86_64/ExtractedAppShortcutsMetadata.stringsdata --source-file-list /Users/runner/Library/Developer/Xcode/DerivedData/Familienplaner-dmcrrzfthkjbwogvslwbznxtcpok/Build/Intermediates.noindex/Familienplaner.build/Debug-watchsimulator/FamilienplanerWatchWidgets.build/Objects-normal/arm64/FamilienplanerWatchWidgets.SwiftFileList --source-file-list /Users/runner/Library/Developer/Xcode/DerivedData/Familienplaner-dmcrrzfthkjbwogvslwbznxtcpok/Build/Intermediates.noindex/Familienplaner.build/Debug-watchsimulator/FamilienplanerWatchWidgets.build/Objects-normal/x86_64/FamilienplanerWatchWidgets.SwiftFileList --metadata-file-list /Users/runner/Library/Developer/Xcode/DerivedData/Familienplaner-dmcrrzfthkjbwogvslwbznxtcpok/Build/Intermediates.noindex/Familienplaner.build/Debug-watchsimulator/FamilienplanerWatchWidgets.build/FamilienplanerWatchWidgets.DependencyMetadataFileList --static-metadata-file-list /Users/runner/Library/Developer/Xcode/DerivedData/Familienplaner-dmcrrzfthkjbwogvslwbznxtcpok/Build/Intermediates.noindex/Familienplaner.build/Debug-watchsimulator/FamilienplanerWatchWidgets.build/FamilienplanerWatchWidgets.DependencyStaticMetadataFileList --swift-const-vals-list /Users/runner/Library/Developer/Xcode/DerivedData/Familienplaner-dmcrrzfthkjbwogvslwbznxtcpok/Build/Intermediates.noindex/Familienplaner.build/Debug-watchsimulator/FamilienplanerWatchWidgets.build/Objects-normal/arm64/FamilienplanerWatchWidgets.SwiftConstValuesFileList --swift-const-vals-list /Users/runner/Library/Developer/Xcode/DerivedData/Familienplaner-dmcrrzfthkjbwogvslwbznxtcpok/Build/Intermediates.noindex/Familienplaner.build/Debug-watchsimulator/FamilienplanerWatchWidgets.build/Objects-normal/x86_64/FamilienplanerWatchWidgets.SwiftConstValuesFileList --compile-time-extraction --deployment-aware-processing --validate-assistant-intents --no-app-shortcuts-localization
2026-10-10 07:30:50.894 appintentsmetadataprocessor[14833:45668] Starting appintentsmetadataprocessor export
2026-10-10 07:30:50.903 appintentsmetadataprocessor[14833:45668] Extracted no relevant App Intents symbols, skipping writing output

Touch /Users/runner/Library/Developer/Xcode/DerivedData/Familienplaner-dmcrrzfthkjbwogvslwbznxtcpok/Build/Products/Debug-iphonesimulator/FamilienplanerWidgets.appex (in target 'FamilienplanerWidgets' from project 'Familienplaner')
    cd /Users/runner/work/familienplaner/familienplaner
    /usr/bin/touch -c /Users/runner/Library/Developer/Xcode/DerivedData/Familienplaner-dmcrrzfthkjbwogvslwbznxtcpok/Build/Products/Debug-iphonesimulator/FamilienplanerWidgets.appex

RegisterExecutionPolicyException /Users/runner/Library/Developer/Xcode/DerivedData/Familienplaner-dmcrrzfthkjbwogvslwbznxtcpok/Build/Products/Debug-watchsimulator/FamilienplanerWatchWidgets.appex (in target 'FamilienplanerWatchWidgets' from project 'Familienplaner')
    cd /Users/runner/work/familienplaner/familienplaner
    builtin-RegisterExecutionPolicyException /Users/runner/Library/Developer/Xcode/DerivedData/Familienplaner-dmcrrzfthkjbwogvslwbznxtcpok/Build/Products/Debug-watchsimulator/FamilienplanerWatchWidgets.appex

ExtractAppIntentsMetadata (in target 'FamilienplanerShare' from project 'Familienplaner')
    cd /Users/runner/work/familienplaner/familienplaner
    /Applications/Xcode_26.6.app/Contents/Developer/Toolchains/XcodeDefault.xctoolchain/usr/bin/appintentsmetadataprocessor --toolchain-dir /var/run/com.apple.security.cryptexd/mnt/com.apple.MobileAsset.MetalToolchain-v17.6.109.0.o5pn4K/Metal.xctoolchain --module-name FamilienplanerShare --sdk-root /Applications/Xcode_26.6.app/Contents/Developer/Platforms/iPhoneSimulator.platform/Developer/SDKs/iPhoneSimulator26.5.sdk --xcode-version 17F113 --platform-family iOS --deployment-target 26.0 --bundle-identifier de.barg.familienplaner.share --output /Users/runner/Library/Developer/Xcode/DerivedData/Familienplaner-dmcrrzfthkjbwogvslwbznxtcpok/Build/Products/Debug-iphonesimulator/FamilienplanerShare.appex --target-triple arm64-apple-ios26.0-simulator --binary-file /Users/runner/Library/Developer/Xcode/DerivedData/Familienplaner-dmcrrzfthkjbwogvslwbznxtcpok/Build/Products/Debug-iphonesimulator/FamilienplanerShare.appex/FamilienplanerShare --dependency-file /Users/runner/Library/Developer/Xcode/DerivedData/Familienplaner-dmcrrzfthkjbwogvslwbznxtcpok/Build/Intermediates.noindex/Familienplaner.build/Debug-iphonesimulator/FamilienplanerShare.build/Objects-normal/arm64/FamilienplanerShare_dependency_info.dat --stringsdata-file /Users/runner/Library/Developer/Xcode/DerivedData/Familienplaner-dmcrrzfthkjbwogvslwbznxtcpok/Build/Intermediates.noindex/Familienplaner.build/Debug-iphonesimulator/FamilienplanerShare.build/Objects-normal/arm64/ExtractedAppShortcutsMetadata.stringsdata --source-file-list /Users/runner/Library/Developer/Xcode/DerivedData/Familienplaner-dmcrrzfthkjbwogvslwbznxtcpok/Build/Intermediates.noindex/Familienplaner.build/Debug-iphonesimulator/FamilienplanerShare.build/Objects-normal/arm64/FamilienplanerShare.SwiftFileList --metadata-file-list /Users/runner/Library/Developer/Xcode/DerivedData/Familienplaner-dmcrrzfthkjbwogvslwbznxtcpok/Build/Intermediates.noindex/Familienplaner.build/Debug-iphonesimulator/FamilienplanerShare.build/FamilienplanerShare.DependencyMetadataFileList --static-metadata-file-list /Users/runner/Library/Developer/Xcode/DerivedData/Familienplaner-dmcrrzfthkjbwogvslwbznxtcpok/Build/Intermediates.noindex/Familienplaner.build/Debug-iphonesimulator/FamilienplanerShare.build/FamilienplanerShare.DependencyStaticMetadataFileList --swift-const-vals-list /Users/runner/Library/Developer/Xcode/DerivedData/Familienplaner-dmcrrzfthkjbwogvslwbznxtcpok/Build/Intermediates.noindex/Familienplaner.build/Debug-iphonesimulator/FamilienplanerShare.build/Objects-normal/arm64/FamilienplanerShare.SwiftConstValuesFileList --compile-time-extraction --deployment-aware-processing --validate-assistant-intents --no-app-shortcuts-localization
2026-10-10 07:30:50.933 appintentsmetadataprocessor[14835:45672] Starting appintentsmetadataprocessor export
2026-10-10 07:30:50.942 appintentsmetadataprocessor[14835:45672] Extracted no relevant App Intents symbols, skipping writing output

AppIntentsSSUTraining (in target 'FamilienplanerShare' from project 'Familienplaner')
    cd /Users/runner/work/familienplaner/familienplaner
    /Applications/Xcode_26.6.app/Contents/Developer/Toolchains/XcodeDefault.xctoolchain/usr/bin/appintentsnltrainingprocessor --infoplist-path /Users/runner/Library/Developer/Xcode/DerivedData/Familienplaner-dmcrrzfthkjbwogvslwbznxtcpok/Build/Products/Debug-iphonesimulator/FamilienplanerShare.appex/Info.plist --temp-dir-path /Users/runner/Library/Developer/Xcode/DerivedData/Familienplaner-dmcrrzfthkjbwogvslwbznxtcpok/Build/Intermediates.noindex/Familienplaner.build/Debug-iphonesimulator/FamilienplanerShare.build/ssu --bundle-id de.barg.familienplaner.share --product-path /Users/runner/Library/Developer/Xcode/DerivedData/Familienplaner-dmcrrzfthkjbwogvslwbznxtcpok/Build/Products/Debug-iphonesimulator/FamilienplanerShare.appex --extracted-metadata-path /Users/runner/Library/Developer/Xcode/DerivedData/Familienplaner-dmcrrzfthkjbwogvslwbznxtcpok/Build/Products/Debug-iphonesimulator/FamilienplanerShare.appex/Metadata.appintents --metadata-file-list /Users/runner/Library/Developer/Xcode/DerivedData/Familienplaner-dmcrrzfthkjbwogvslwbznxtcpok/Build/Intermediates.noindex/Familienplaner.build/Debug-iphonesimulator/FamilienplanerShare.build/FamilienplanerShare.DependencyMetadataFileList --source-file /Users/runner/Library/Developer/Xcode/DerivedData/Familienplaner-dmcrrzfthkjbwogvslwbznxtcpok/Build/Products/Debug-iphonesimulator/FamilienplanerShare.appex/Info.plist --archive-ssu-assets
2026-10-10 07:30:50.962 appintentsnltrainingprocessor[14836:45675] Parsing options for appintentsnltrainingprocessor
2026-10-10 07:30:50.962 appintentsnltrainingprocessor[14836:45675] Starting AppIntents SSU YAML Generation
2026-10-10 07:30:50.963 appintentsnltrainingprocessor[14836:45675] No AppShortcuts found - Skipping.

Touch /Users/runner/Library/Developer/Xcode/DerivedData/Familienplaner-dmcrrzfthkjbwogvslwbznxtcpok/Build/Products/Debug-watchsimulator/FamilienplanerWatchWidgets.appex (in target 'FamilienplanerWatchWidgets' from project 'Familienplaner')
    cd /Users/runner/work/familienplaner/familienplaner
    /usr/bin/touch -c /Users/runner/Library/Developer/Xcode/DerivedData/Familienplaner-dmcrrzfthkjbwogvslwbznxtcpok/Build/Products/Debug-watchsimulator/FamilienplanerWatchWidgets.appex

Ld /Users/runner/Library/Developer/Xcode/DerivedData/Familienplaner-dmcrrzfthkjbwogvslwbznxtcpok/Build/Intermediates.noindex/Familienplaner.build/Debug-watchsimulator/FamilienplanerWatch.build/Objects-normal/x86_64/Binary/__preview.dylib normal x86_64 (in target 'FamilienplanerWatch' from project 'Familienplaner')
    cd /Users/runner/work/familienplaner/familienplaner
    /Applications/Xcode_26.6.app/Contents/Developer/Toolchains/XcodeDefault.xctoolchain/usr/bin/clang -Xlinker -reproducible -target x86_64-apple-watchos26.0-simulator -dynamiclib -isysroot /Applications/Xcode_26.6.app/Contents/Developer/Platforms/WatchSimulator.platform/Developer/SDKs/WatchSimulator26.5.sdk -O0 -L/Users/runner/Library/Developer/Xcode/DerivedData/Familienplaner-dmcrrzfthkjbwogvslwbznxtcpok/Build/Products/Debug-watchsimulator -F/Users/runner/Library/Developer/Xcode/DerivedData/Familienplaner-dmcrrzfthkjbwogvslwbznxtcpok/Build/Products/Debug-watchsimulator -install_name @rpath/FamilienplanerWatch.debug.dylib -Xlinker -dead_strip -rdynamic -Xlinker -no_deduplicate -Xlinker -objc_abi_version -Xlinker 2 -Xlinker -debug_variant -Xlinker -dependency_info -Xlinker /Users/runner/Library/Developer/Xcode/DerivedData/Familienplaner-dmcrrzfthkjbwogvslwbznxtcpok/Build/Intermediates.noindex/Familienplaner.build/Debug-watchsimulator/FamilienplanerWatch.build/Objects-normal/x86_64/FamilienplanerWatch_dependency_info.dat -o /Users/runner/Library/Developer/Xcode/DerivedData/Familienplaner-dmcrrzfthkjbwogvslwbznxtcpok/Build/Intermediates.noindex/Familienplaner.build/Debug-watchsimulator/FamilienplanerWatch.build/Objects-normal/x86_64/Binary/__preview.dylib

Ld /Users/runner/Library/Developer/Xcode/DerivedData/Familienplaner-dmcrrzfthkjbwogvslwbznxtcpok/Build/Intermediates.noindex/Familienplaner.build/Debug-watchsimulator/FamilienplanerWatch.build/Objects-normal/arm64/Binary/__preview.dylib normal arm64 (in target 'FamilienplanerWatch' from project 'Familienplaner')
    cd /Users/runner/work/familienplaner/familienplaner
    /Applications/Xcode_26.6.app/Contents/Developer/Toolchains/XcodeDefault.xctoolchain/usr/bin/clang -Xlinker -reproducible -target arm64-apple-watchos26.0-simulator -dynamiclib -isysroot /Applications/Xcode_26.6.app/Contents/Developer/Platforms/WatchSimulator.platform/Developer/SDKs/WatchSimulator26.5.sdk -O0 -L/Users/runner/Library/Developer/Xcode/DerivedData/Familienplaner-dmcrrzfthkjbwogvslwbznxtcpok/Build/Products/Debug-watchsimulator -F/Users/runner/Library/Developer/Xcode/DerivedData/Familienplaner-dmcrrzfthkjbwogvslwbznxtcpok/Build/Products/Debug-watchsimulator -install_name @rpath/FamilienplanerWatch.debug.dylib -Xlinker -dead_strip -rdynamic -Xlinker -no_deduplicate -Xlinker -objc_abi_version -Xlinker 2 -Xlinker -debug_variant -Xlinker -dependency_info -Xlinker /Users/runner/Library/Developer/Xcode/DerivedData/Familienplaner-dmcrrzfthkjbwogvslwbznxtcpok/Build/Intermediates.noindex/Familienplaner.build/Debug-watchsimulator/FamilienplanerWatch.build/Objects-normal/arm64/FamilienplanerWatch_dependency_info.dat -o /Users/runner/Library/Developer/Xcode/DerivedData/Familienplaner-dmcrrzfthkjbwogvslwbznxtcpok/Build/Intermediates.noindex/Familienplaner.build/Debug-watchsimulator/FamilienplanerWatch.build/Objects-normal/arm64/Binary/__preview.dylib

CreateUniversalBinary /Users/runner/Library/Developer/Xcode/DerivedData/Familienplaner-dmcrrzfthkjbwogvslwbznxtcpok/Build/Products/Debug-watchsimulator/FamilienplanerWatch.app/__preview.dylib normal arm64\ x86_64 (in target 'FamilienplanerWatch' from project 'Familienplaner')
    cd /Users/runner/work/familienplaner/familienplaner
    /Applications/Xcode_26.6.app/Contents/Developer/Toolchains/XcodeDefault.xctoolchain/usr/bin/lipo -create /Users/runner/Library/Developer/Xcode/DerivedData/Familienplaner-dmcrrzfthkjbwogvslwbznxtcpok/Build/Intermediates.noindex/Familienplaner.build/Debug-watchsimulator/FamilienplanerWatch.build/Objects-normal/arm64/Binary/__preview.dylib /Users/runner/Library/Developer/Xcode/DerivedData/Familienplaner-dmcrrzfthkjbwogvslwbznxtcpok/Build/Intermediates.noindex/Familienplaner.build/Debug-watchsimulator/FamilienplanerWatch.build/Objects-normal/x86_64/Binary/__preview.dylib -output /Users/runner/Library/Developer/Xcode/DerivedData/Familienplaner-dmcrrzfthkjbwogvslwbznxtcpok/Build/Products/Debug-watchsimulator/FamilienplanerWatch.app/__preview.dylib

RegisterExecutionPolicyException /Users/runner/Library/Developer/Xcode/DerivedData/Familienplaner-dmcrrzfthkjbwogvslwbznxtcpok/Build/Products/Debug-iphonesimulator/FamilienplanerShare.appex (in target 'FamilienplanerShare' from project 'Familienplaner')
    cd /Users/runner/work/familienplaner/familienplaner
    builtin-RegisterExecutionPolicyException /Users/runner/Library/Developer/Xcode/DerivedData/Familienplaner-dmcrrzfthkjbwogvslwbznxtcpok/Build/Products/Debug-iphonesimulator/FamilienplanerShare.appex

Touch /Users/runner/Library/Developer/Xcode/DerivedData/Familienplaner-dmcrrzfthkjbwogvslwbznxtcpok/Build/Products/Debug-iphonesimulator/FamilienplanerShare.appex (in target 'FamilienplanerShare' from project 'Familienplaner')
    cd /Users/runner/work/familienplaner/familienplaner
    /usr/bin/touch -c /Users/runner/Library/Developer/Xcode/DerivedData/Familienplaner-dmcrrzfthkjbwogvslwbznxtcpok/Build/Products/Debug-iphonesimulator/FamilienplanerShare.appex

SwiftDriver FamilienplanerWatch normal arm64 com.apple.xcode.tools.swift.compiler (in target 'FamilienplanerWatch' from project 'Familienplaner')
    cd /Users/runner/work/familienplaner/familienplaner
    builtin-SwiftDriver -- /Applications/Xcode_26.6.app/Contents/Developer/Toolchains/XcodeDefault.xctoolchain/usr/bin/swiftc -module-name FamilienplanerWatch -Onone @/Users/runner/Library/Developer/Xcode/DerivedData/Familienplaner-dmcrrzfthkjbwogvslwbznxtcpok/Build/Intermediates.noindex/Familienplaner.build/Debug-watchsimulator/FamilienplanerWatch.build/Objects-normal/arm64/FamilienplanerWatch.SwiftFileList -DDEBUG -enable-bare-slash-regex -enable-experimental-feature DebugDescriptionMacro -sdk /Applications/Xcode_26.6.app/Contents/Developer/Platforms/WatchSimulator.platform/Developer/SDKs/WatchSimulator26.5.sdk -target arm64-apple-watchos26.0-simulator -g -module-cache-path /Users/runner/Library/Developer/Xcode/DerivedData/ModuleCache.noindex -Xfrontend -serialize-debugging-options -profile-coverage-mapping -profile-generate -enable-testing -index-store-path /Users/runner/Library/Developer/Xcode/DerivedData/Familienplaner-dmcrrzfthkjbwogvslwbznxtcpok/Index.noindex/DataStore -Xcc -D_LIBCPP_HARDENING_MODE\=_LIBCPP_HARDENING_MODE_DEBUG -swift-version 5 -I /Users/runner/Library/Developer/Xcode/DerivedData/Familienplaner-dmcrrzfthkjbwogvslwbznxtcpok/Build/Products/Debug-watchsimulator -F /Users/runner/Library/Developer/Xcode/DerivedData/Familienplaner-dmcrrzfthkjbwogvslwbznxtcpok/Build/Products/Debug-watchsimulator -c -j3 -enable-batch-mode -incremental -Xcc -ivfsstatcache -Xcc /Users/runner/Library/Developer/Xcode/DerivedData/SDKStatCaches.noindex/watchsimulator26.5-23T570-688ef53f1462e2c8f657fdc38a81448f4ff5b3021fd2b02f145790f94936b2db.sdkstatcache -output-file-map /Users/runner/Library/Developer/Xcode/DerivedData/Familienplaner-dmcrrzfthkjbwogvslwbznxtcpok/Build/Intermediates.noindex/Familienplaner.build/Debug-watchsimulator/FamilienplanerWatch.build/Objects-normal/arm64/FamilienplanerWatch-OutputFileMap.json -use-frontend-parseable-output -save-temps -no-color-diagnostics -explicit-module-build -module-cache-path /Users/runner/Library/Developer/Xcode/DerivedData/Familienplaner-dmcrrzfthkjbwogvslwbznxtcpok/Build/Intermediates.noindex/SwiftExplicitPrecompiledModules -clang-scanner-module-cache-path /Users/runner/Library/Developer/Xcode/DerivedData/ModuleCache.noindex -sdk-module-cache-path /Users/runner/Library/Developer/Xcode/DerivedData/ModuleCache.noindex -serialize-diagnostics -emit-dependencies -emit-module -emit-module-path /Users/runner/Library/Developer/Xcode/DerivedData/Familienplaner-dmcrrzfthkjbwogvslwbznxtcpok/Build/Intermediates.noindex/Familienplaner.build/Debug-watchsimulator/FamilienplanerWatch.build/Objects-normal/arm64/FamilienplanerWatch.swiftmodule -validate-clang-modules-once -clang-build-session-file /Users/runner/Library/Developer/Xcode/DerivedData/ModuleCache.noindex/Session.modulevalidation -Xcc -I/Users/runner/Library/Developer/Xcode/DerivedData/Familienplaner-dmcrrzfthkjbwogvslwbznxtcpok/Build/Intermediates.noindex/Familienplaner.build/Debug-watchsimulator/FamilienplanerWatch.build/swift-overrides.hmap -emit-const-values -Xfrontend -const-gather-protocols-file -Xfrontend /Users/runner/Library/Developer/Xcode/DerivedData/Familienplaner-dmcrrzfthkjbwogvslwbznxtcpok/Build/Intermediates.noindex/Familienplaner.build/Debug-watchsimulator/FamilienplanerWatch.build/Objects-normal/arm64/FamilienplanerWatch_const_extract_protocols.json -Xcc -iquote -Xcc /Users/runner/Library/Developer/Xcode/DerivedData/Familienplaner-dmcrrzfthkjbwogvslwbznxtcpok/Build/Intermediates.noindex/Familienplaner.build/Debug-watchsimulator/FamilienplanerWatch.build/FamilienplanerWatch-generated-files.hmap -Xcc -I/Users/runner/Library/Developer/Xcode/DerivedData/Familienplaner-dmcrrzfthkjbwogvslwbznxtcpok/Build/Intermediates.noindex/Familienplaner.build/Debug-watchsimulator/FamilienplanerWatch.build/FamilienplanerWatch-own-target-headers.hmap -Xcc -I/Users/runner/Library/Developer/Xcode/DerivedData/Familienplaner-dmcrrzfthkjbwogvslwbznxtcpok/Build/Intermediates.noindex/Familienplaner.build/Debug-watchsimulator/FamilienplanerWatch.build/FamilienplanerWatch-all-target-headers.hmap -Xcc -iquote -Xcc /Users/runner/Library/Developer/Xcode/DerivedData/Familienplaner-dmcrrzfthkjbwogvslwbznxtcpok/Build/Intermediates.noindex/Familienplaner.build/Debug-watchsimulator/FamilienplanerWatch.build/FamilienplanerWatch-project-headers.hmap -Xcc -I/Users/runner/Library/Developer/Xcode/DerivedData/Familienplaner-dmcrrzfthkjbwogvslwbznxtcpok/Build/Products/Debug-watchsimulator/include -Xcc -I/Users/runner/Library/Developer/Xcode/DerivedData/Familienplaner-dmcrrzfthkjbwogvslwbznxtcpok/Build/Intermediates.noindex/Familienplaner.build/Debug-watchsimulator/FamilienplanerWatch.build/DerivedSources-normal/arm64 -Xcc -I/Users/runner/Library/Developer/Xcode/DerivedData/Familienplaner-dmcrrzfthkjbwogvslwbznxtcpok/Build/Intermediates.noindex/Familienplaner.build/Debug-watchsimulator/FamilienplanerWatch.build/DerivedSources/arm64 -Xcc -I/Users/runner/Library/Developer/Xcode/DerivedData/Familienplaner-dmcrrzfthkjbwogvslwbznxtcpok/Build/Intermediates.noindex/Familienplaner.build/Debug-watchsimulator/FamilienplanerWatch.build/DerivedSources -Xcc -DDEBUG\=1 -emit-objc-header -emit-objc-header-path /Users/runner/Library/Developer/Xcode/DerivedData/Familienplaner-dmcrrzfthkjbwogvslwbznxtcpok/Build/Intermediates.noindex/Familienplaner.build/Debug-watchsimulator/FamilienplanerWatch.build/Objects-normal/arm64/FamilienplanerWatch-Swift.h -working-directory /Users/runner/work/familienplaner/familienplaner -experimental-emit-module-separately -disable-cmo

SwiftDriver FamilienplanerWatch normal x86_64 com.apple.xcode.tools.swift.compiler (in target 'FamilienplanerWatch' from project 'Familienplaner')
    cd /Users/runner/work/familienplaner/familienplaner
    builtin-SwiftDriver -- /Applications/Xcode_26.6.app/Contents/Developer/Toolchains/XcodeDefault.xctoolchain/usr/bin/swiftc -module-name FamilienplanerWatch -Onone @/Users/runner/Library/Developer/Xcode/DerivedData/Familienplaner-dmcrrzfthkjbwogvslwbznxtcpok/Build/Intermediates.noindex/Familienplaner.build/Debug-watchsimulator/FamilienplanerWatch.build/Objects-normal/x86_64/FamilienplanerWatch.SwiftFileList -DDEBUG -enable-bare-slash-regex -enable-experimental-feature DebugDescriptionMacro -sdk /Applications/Xcode_26.6.app/Contents/Developer/Platforms/WatchSimulator.platform/Developer/SDKs/WatchSimulator26.5.sdk -target x86_64-apple-watchos26.0-simulator -g -module-cache-path /Users/runner/Library/Developer/Xcode/DerivedData/ModuleCache.noindex -Xfrontend -serialize-debugging-options -profile-coverage-mapping -profile-generate -enable-testing -index-store-path /Users/runner/Library/Developer/Xcode/DerivedData/Familienplaner-dmcrrzfthkjbwogvslwbznxtcpok/Index.noindex/DataStore -Xcc -D_LIBCPP_HARDENING_MODE\=_LIBCPP_HARDENING_MODE_DEBUG -swift-version 5 -I /Users/runner/Library/Developer/Xcode/DerivedData/Familienplaner-dmcrrzfthkjbwogvslwbznxtcpok/Build/Products/Debug-watchsimulator -F /Users/runner/Library/Developer/Xcode/DerivedData/Familienplaner-dmcrrzfthkjbwogvslwbznxtcpok/Build/Products/Debug-watchsimulator -c -j3 -enable-batch-mode -incremental -Xcc -ivfsstatcache -Xcc /Users/runner/Library/Developer/Xcode/DerivedData/SDKStatCaches.noindex/watchsimulator26.5-23T570-688ef53f1462e2c8f657fdc38a81448f4ff5b3021fd2b02f145790f94936b2db.sdkstatcache -output-file-map /Users/runner/Library/Developer/Xcode/DerivedData/Familienplaner-dmcrrzfthkjbwogvslwbznxtcpok/Build/Intermediates.noindex/Familienplaner.build/Debug-watchsimulator/FamilienplanerWatch.build/Objects-normal/x86_64/FamilienplanerWatch-OutputFileMap.json -use-frontend-parseable-output -save-temps -no-color-diagnostics -explicit-module-build -module-cache-path /Users/runner/Library/Developer/Xcode/DerivedData/Familienplaner-dmcrrzfthkjbwogvslwbznxtcpok/Build/Intermediates.noindex/SwiftExplicitPrecompiledModules -clang-scanner-module-cache-path /Users/runner/Library/Developer/Xcode/DerivedData/ModuleCache.noindex -sdk-module-cache-path /Users/runner/Library/Developer/Xcode/DerivedData/ModuleCache.noindex -serialize-diagnostics -emit-dependencies -emit-module -emit-module-path /Users/runner/Library/Developer/Xcode/DerivedData/Familienplaner-dmcrrzfthkjbwogvslwbznxtcpok/Build/Intermediates.noindex/Familienplaner.build/Debug-watchsimulator/FamilienplanerWatch.build/Objects-normal/x86_64/FamilienplanerWatch.swiftmodule -validate-clang-modules-once -clang-build-session-file /Users/runner/Library/Developer/Xcode/DerivedData/ModuleCache.noindex/Session.modulevalidation -Xcc -I/Users/runner/Library/Developer/Xcode/DerivedData/Familienplaner-dmcrrzfthkjbwogvslwbznxtcpok/Build/Intermediates.noindex/Familienplaner.build/Debug-watchsimulator/FamilienplanerWatch.build/swift-overrides.hmap -emit-const-values -Xfrontend -const-gather-protocols-file -Xfrontend /Users/runner/Library/Developer/Xcode/DerivedData/Familienplaner-dmcrrzfthkjbwogvslwbznxtcpok/Build/Intermediates.noindex/Familienplaner.build/Debug-watchsimulator/FamilienplanerWatch.build/Objects-normal/x86_64/FamilienplanerWatch_const_extract_protocols.json -Xcc -iquote -Xcc /Users/runner/Library/Developer/Xcode/DerivedData/Familienplaner-dmcrrzfthkjbwogvslwbznxtcpok/Build/Intermediates.noindex/Familienplaner.build/Debug-watchsimulator/FamilienplanerWatch.build/FamilienplanerWatch-generated-files.hmap -Xcc -I/Users/runner/Library/Developer/Xcode/DerivedData/Familienplaner-dmcrrzfthkjbwogvslwbznxtcpok/Build/Intermediates.noindex/Familienplaner.build/Debug-watchsimulator/FamilienplanerWatch.build/FamilienplanerWatch-own-target-headers.hmap -Xcc -I/Users/runner/Library/Developer/Xcode/DerivedData/Familienplaner-dmcrrzfthkjbwogvslwbznxtcpok/Build/Intermediates.noindex/Familienplaner.build/Debug-watchsimulator/FamilienplanerWatch.build/FamilienplanerWatch-all-target-headers.hmap -Xcc -iquote -Xcc /Users/runner/Library/Developer/Xcode/DerivedData/Familienplaner-dmcrrzfthkjbwogvslwbznxtcpok/Build/Intermediates.noindex/Familienplaner.build/Debug-watchsimulator/FamilienplanerWatch.build/FamilienplanerWatch-project-headers.hmap -Xcc -I/Users/runner/Library/Developer/Xcode/DerivedData/Familienplaner-dmcrrzfthkjbwogvslwbznxtcpok/Build/Products/Debug-watchsimulator/include -Xcc -I/Users/runner/Library/Developer/Xcode/DerivedData/Familienplaner-dmcrrzfthkjbwogvslwbznxtcpok/Build/Intermediates.noindex/Familienplaner.build/Debug-watchsimulator/FamilienplanerWatch.build/DerivedSources-normal/x86_64 -Xcc -I/Users/runner/Library/Developer/Xcode/DerivedData/Familienplaner-dmcrrzfthkjbwogvslwbznxtcpok/Build/Intermediates.noindex/Familienplaner.build/Debug-watchsimulator/FamilienplanerWatch.build/DerivedSources/x86_64 -Xcc -I/Users/runner/Library/Developer/Xcode/DerivedData/Familienplaner-dmcrrzfthkjbwogvslwbznxtcpok/Build/Intermediates.noindex/Familienplaner.build/Debug-watchsimulator/FamilienplanerWatch.build/DerivedSources -Xcc -DDEBUG\=1 -emit-objc-header -emit-objc-header-path /Users/runner/Library/Developer/Xcode/DerivedData/Familienplaner-dmcrrzfthkjbwogvslwbznxtcpok/Build/Intermediates.noindex/Familienplaner.build/Debug-watchsimulator/FamilienplanerWatch.build/Objects-normal/x86_64/FamilienplanerWatch-Swift.h -working-directory /Users/runner/work/familienplaner/familienplaner -experimental-emit-module-separately -disable-cmo

SwiftExplicitDependencyGeneratePcm x86_64 /Users/runner/Library/Developer/Xcode/DerivedData/ModuleCache.noindex/_Builtin_stdbool-DSHO8S8AMFARKK5BHIT8ZTQCC.pcm

SwiftExplicitDependencyGeneratePcm x86_64 /Users/runner/Library/Developer/Xcode/DerivedData/ModuleCache.noindex/_AvailabilityInternal-DA70O32FL63W0P1PJHV6GDA85.pcm

SwiftExplicitDependencyGeneratePcm arm64 /Users/runner/Library/Developer/Xcode/DerivedData/ModuleCache.noindex/_Builtin_stdbool-9HTZUDPCGOWMI9BTSCIT03S8P.pcm

SwiftExplicitDependencyGeneratePcm x86_64 /Users/runner/Library/Developer/Xcode/DerivedData/ModuleCache.noindex/_Builtin_stdarg-1AQ3OQJS6ZE9JC31GM200Z03E.pcm

SwiftExplicitDependencyGeneratePcm arm64 /Users/runner/Library/Developer/Xcode/DerivedData/ModuleCache.noindex/SwiftShims-3T574HAIPA2GYCOGXFRUWZXUK.pcm

SwiftExplicitDependencyGeneratePcm arm64 /Users/runner/Library/Developer/Xcode/DerivedData/ModuleCache.noindex/_Builtin_stdarg-53OFC42Y7YEALWTP2O8KQ6807.pcm

SwiftExplicitDependencyGeneratePcm x86_64 /Users/runner/Library/Developer/Xcode/DerivedData/ModuleCache.noindex/_Builtin_stddef-ALI9LG76CJA7BMS9HIZERP8F7.pcm

SwiftExplicitDependencyGeneratePcm x86_64 /Users/runner/Library/Developer/Xcode/DerivedData/ModuleCache.noindex/ptrauth-4U6R2KV7OI20EWLXEBXQRC8FX.pcm

SwiftExplicitDependencyGeneratePcm arm64 /Users/runner/Library/Developer/Xcode/DerivedData/ModuleCache.noindex/DeveloperToolsSupport-A4DBUJNU8WETLEAGH7LIN15WB.pcm

SwiftExplicitDependencyGeneratePcm x86_64 /Users/runner/Library/Developer/Xcode/DerivedData/ModuleCache.noindex/ptrcheck-D51KA6MO6Z4EWZWI2TG7SPUAC.pcm

SwiftExplicitDependencyGeneratePcm arm64 /Users/runner/Library/Developer/Xcode/DerivedData/ModuleCache.noindex/_Builtin_float-AX54ZACCVCC3CKNV7SX97YR9S.pcm

SwiftExplicitDependencyGeneratePcm x86_64 /Users/runner/Library/Developer/Xcode/DerivedData/ModuleCache.noindex/_Builtin_float-8U55X5CIKF5OMMO8T62HV32TJ.pcm

SwiftExplicitDependencyGeneratePcm arm64 /Users/runner/Library/Developer/Xcode/DerivedData/ModuleCache.noindex/ptrcheck-40VJTP00236VIPIT45O2I4NHY.pcm

SwiftExplicitDependencyGeneratePcm x86_64 /Users/runner/Library/Developer/Xcode/DerivedData/ModuleCache.noindex/_DarwinFoundation1-BD2XIGI3YUWGI2KUQN7AQ1823.pcm

SwiftExplicitDependencyGeneratePcm arm64 /Users/runner/Library/Developer/Xcode/DerivedData/ModuleCache.noindex/_AvailabilityInternal-B0X33B34LPDZEFXLV4XXMCITH.pcm

SwiftExplicitDependencyGeneratePcm arm64 /Users/runner/Library/Developer/Xcode/DerivedData/ModuleCache.noindex/_SwiftConcurrencyShims-2D48BJ3RTGT14FNZHJCHZE0YD.pcm

SwiftExplicitDependencyGeneratePcm x86_64 /Users/runner/Library/Developer/Xcode/DerivedData/ModuleCache.noindex/ExtensionFoundation-2PKSMGNW8STCSE738H2E024V.pcm

SwiftExplicitDependencyGeneratePcm x86_64 /Users/runner/Library/Developer/Xcode/DerivedData/ModuleCache.noindex/_Builtin_limits-9YLGUX05JRSP4T9K24BLQ5O5O.pcm

SwiftExplicitDependencyGeneratePcm arm64 /Users/runner/Library/Developer/Xcode/DerivedData/ModuleCache.noindex/_DarwinFoundation1-45MAFHY5ZLCON4XOMF98Z35JK.pcm

SwiftExplicitDependencyGeneratePcm x86_64 /Users/runner/Library/Developer/Xcode/DerivedData/ModuleCache.noindex/SwiftShims-8UQVJ31GGTJI0FS8XRY3I6ZMV.pcm

SwiftExplicitDependencyGeneratePcm x86_64 /Users/runner/Library/Developer/Xcode/DerivedData/ModuleCache.noindex/DeveloperToolsSupport-5ZGCG6QJE3998MVI1Z0ZOL6HL.pcm

SwiftExplicitDependencyGeneratePcm x86_64 /Users/runner/Library/Developer/Xcode/DerivedData/ModuleCache.noindex/_SwiftConcurrencyShims-U46E7RDNDAFHW5NM6D7EGT6Q.pcm

SwiftExplicitDependencyGeneratePcm arm64 /Users/runner/Library/Developer/Xcode/DerivedData/ModuleCache.noindex/ExtensionFoundation-AJ61KGCV27YJT5XITP3SBMUG0.pcm

SwiftExplicitDependencyGeneratePcm arm64 /Users/runner/Library/Developer/Xcode/DerivedData/ModuleCache.noindex/_Builtin_stddef-2I8TG7K5XC7RRUNO8QL07NVNI.pcm

SwiftExplicitDependencyGeneratePcm arm64 /Users/runner/Library/Developer/Xcode/DerivedData/ModuleCache.noindex/_Builtin_limits-E1H49F6REOH19Z9SVNYDS87V4.pcm

SwiftExplicitDependencyGeneratePcm x86_64 /Users/runner/Library/Developer/Xcode/DerivedData/ModuleCache.noindex/_DarwinFoundation2-8IR1OVFIJFR8GSR10Z5JNOFMI.pcm

SwiftExplicitDependencyGeneratePcm arm64 /Users/runner/Library/Developer/Xcode/DerivedData/ModuleCache.noindex/_DarwinFoundation2-A9JPGF94DBSY68FWV6W7F3FMS.pcm

SwiftExplicitDependencyGeneratePcm arm64 /Users/runner/Library/Developer/Xcode/DerivedData/ModuleCache.noindex/ptrauth-DDGEN2C7ZJXH3B85FOIY2DUY4.pcm

SwiftExplicitDependencyGeneratePcm x86_64 /Users/runner/Library/Developer/Xcode/DerivedData/ModuleCache.noindex/_Builtin_tgmath-8CTUYBGO4P57IRR18DDNQH2BI.pcm

SwiftExplicitDependencyGeneratePcm arm64 /Users/runner/Library/Developer/Xcode/DerivedData/ModuleCache.noindex/_Builtin_tgmath-7SAPAUGV27VAV2F5CBV2SDFET.pcm

SwiftExplicitDependencyGeneratePcm arm64 /Users/runner/Library/Developer/Xcode/DerivedData/ModuleCache.noindex/sys_types-7WHIZ4KQ7T99CFZHQFFFYB4K1.pcm

SwiftExplicitDependencyGeneratePcm arm64 /Users/runner/Library/Developer/Xcode/DerivedData/ModuleCache.noindex/_Builtin_stdint-3ETLZZTIIQXJJI20TYQXLR996.pcm

SwiftExplicitDependencyGeneratePcm x86_64 /Users/runner/Library/Developer/Xcode/DerivedData/ModuleCache.noindex/_Builtin_stdint-3ZLCJD1WQSMRUSC7GL9195ZSU.pcm

SwiftExplicitDependencyGeneratePcm x86_64 /Users/runner/Library/Developer/Xcode/DerivedData/ModuleCache.noindex/sys_types-CRKKZANYCJ5QJ0E5VJQPZL0H4.pcm

SwiftExplicitDependencyGeneratePcm arm64 /Users/runner/Library/Developer/Xcode/DerivedData/ModuleCache.noindex/_Builtin_intrinsics-8IFAHZLIEOQYW72GI2MC8FNWA.pcm

SwiftExplicitDependencyGeneratePcm arm64 /Users/runner/Library/Developer/Xcode/DerivedData/ModuleCache.noindex/_Builtin_stdatomic-EYJZ5EGC5DGXVUOGV20O9HFUF.pcm

SwiftExplicitDependencyGeneratePcm arm64 /Users/runner/Library/Developer/Xcode/DerivedData/ModuleCache.noindex/_DarwinFoundation3-81E2PRV9QRMGNNG02GJRMFOZW.pcm

SwiftExplicitDependencyGeneratePcm x86_64 /Users/runner/Library/Developer/Xcode/DerivedData/ModuleCache.noindex/_Builtin_stdatomic-TSY7TDP5RPFBU4R43JJI2GZA.pcm

SwiftExplicitDependencyGeneratePcm x86_64 /Users/runner/Library/Developer/Xcode/DerivedData/ModuleCache.noindex/_DarwinFoundation3-A68DQNXLTFOFO1HPCOABBHPYZ.pcm

SwiftExplicitDependencyGeneratePcm arm64 /Users/runner/Library/Developer/Xcode/DerivedData/ModuleCache.noindex/simd-BDM3ETMX5DD66HA7L24F4KI1P.pcm

SwiftExplicitDependencyGeneratePcm arm64 /Users/runner/Library/Developer/Xcode/DerivedData/ModuleCache.noindex/_Builtin_inttypes-AXTESJ2HGLYV2IUH8KEC1BA8H.pcm

SwiftExplicitDependencyGeneratePcm x86_64 /Users/runner/Library/Developer/Xcode/DerivedData/ModuleCache.noindex/_Builtin_inttypes-2O6RK3PNZSL5B50F0MBMUP77H.pcm

SwiftExplicitDependencyGeneratePcm x86_64 /Users/runner/Library/Developer/Xcode/DerivedData/ModuleCache.noindex/_Builtin_intrinsics-8T5X90AU9S7Z5G2WB6N8EZBVA.pcm

SwiftExplicitDependencyGeneratePcm x86_64 /Users/runner/Library/Developer/Xcode/DerivedData/ModuleCache.noindex/Darwin-D0I4DMPM04XS0VXOMH2P3TM9S.pcm

SwiftExplicitDependencyGeneratePcm arm64 /Users/runner/Library/Developer/Xcode/DerivedData/ModuleCache.noindex/Spatial-CUWICC0NZ2QIK09LZTK542F7K.pcm

SwiftExplicitDependencyGeneratePcm x86_64 /Users/runner/Library/Developer/Xcode/DerivedData/ModuleCache.noindex/simd-CGTPGX4LU9HZSGCSGP865D15O.pcm

SwiftExplicitDependencyGeneratePcm x86_64 /Users/runner/Library/Developer/Xcode/DerivedData/ModuleCache.noindex/ObjectiveC-D8IDMRQN5RG0JY9BWH7YKZ38Q.pcm

SwiftExplicitDependencyGeneratePcm x86_64 /Users/runner/Library/Developer/Xcode/DerivedData/ModuleCache.noindex/MachO-418DKRYTIOS3D8BEST0TCOIK4.pcm

SwiftExplicitDependencyGeneratePcm arm64 /Users/runner/Library/Developer/Xcode/DerivedData/ModuleCache.noindex/Darwin-DLVGREU4OY582DOZZVES40YKL.pcm

SwiftExplicitDependencyGeneratePcm x86_64 /Users/runner/Library/Developer/Xcode/DerivedData/ModuleCache.noindex/os_object-1LJZCTP6ZXC4SR6FKQZ14HYWY.pcm

SwiftExplicitDependencyGeneratePcm x86_64 /Users/runner/Library/Developer/Xcode/DerivedData/ModuleCache.noindex/Spatial-4OZZDQ8CWQDETBNOYVBXXJ1SI.pcm

SwiftExplicitDependencyGeneratePcm arm64 /Users/runner/Library/Developer/Xcode/DerivedData/ModuleCache.noindex/MachO-9UMOYY260YRH8HMCQGYB3EF2V.pcm

SwiftExplicitDependencyGeneratePcm x86_64 /Users/runner/Library/Developer/Xcode/DerivedData/ModuleCache.noindex/os_workgroup-ASA0399B8YUFFGCF6GYIIWT7M.pcm

SwiftExplicitDependencyGeneratePcm arm64 /Users/runner/Library/Developer/Xcode/DerivedData/ModuleCache.noindex/ObjectiveC-4ZC8HUHCU9RNZU4BISOXKHLXS.pcm

SwiftExplicitDependencyGeneratePcm x86_64 /Users/runner/Library/Developer/Xcode/DerivedData/ModuleCache.noindex/Dispatch-CJEFVR4JQSE8Q2HL08H3DNUJK.pcm

SwiftExplicitDependencyGeneratePcm arm64 /Users/runner/Library/Developer/Xcode/DerivedData/ModuleCache.noindex/os_object-DH046QFFRL7KNP2WFZEG6V1Z5.pcm

SwiftExplicitDependencyGeneratePcm x86_64 /Users/runner/Library/Developer/Xcode/DerivedData/ModuleCache.noindex/XPC-A81F43E56F6MJTI0OPJ7A8T7F.pcm

SwiftExplicitDependencyGeneratePcm x86_64 /Users/runner/Library/Developer/Xcode/DerivedData/ModuleCache.noindex/CoreFoundation-95LH77OTVL7R8FX967QQGOU76.pcm

SwiftExplicitDependencyGeneratePcm arm64 /Users/runner/Library/Developer/Xcode/DerivedData/ModuleCache.noindex/os_workgroup-EMJEKGQMIZGU37EJDDSYYCU2H.pcm

SwiftExplicitDependencyGeneratePcm x86_64 /Users/runner/Library/Developer/Xcode/DerivedData/ModuleCache.noindex/dnssd-96OGK3H1YKKV3S3HASQYWSK6P.pcm

SwiftExplicitDependencyGeneratePcm arm64 /Users/runner/Library/Developer/Xcode/DerivedData/ModuleCache.noindex/Dispatch-7S1NWW3G2QLRJMJ4MCBL37ZKA.pcm

SwiftExplicitDependencyGeneratePcm x86_64 /Users/runner/Library/Developer/Xcode/DerivedData/ModuleCache.noindex/CoreGraphics-DLYHM59M6C66FDBFEF1X63K4F.pcm

SwiftExplicitDependencyGeneratePcm x86_64 /Users/runner/Library/Developer/Xcode/DerivedData/ModuleCache.noindex/Security-6L4KAXHIEC2GU35PDA8O2UGPH.pcm

SwiftExplicitDependencyGeneratePcm arm64 /Users/runner/Library/Developer/Xcode/DerivedData/ModuleCache.noindex/XPC-8EE6OIM1N08OYUJ52OENY6KXV.pcm

SwiftExplicitDependencyGeneratePcm x86_64 /Users/runner/Library/Developer/Xcode/DerivedData/ModuleCache.noindex/CoreText-F1123L2P9Z2MPWJEO4ERVJ7FH.pcm

SwiftExplicitDependencyGeneratePcm arm64 /Users/runner/Library/Developer/Xcode/DerivedData/ModuleCache.noindex/dnssd-78FGFYVAS1XOPXWKBN02AY2WM.pcm

SwiftExplicitDependencyGeneratePcm arm64 /Users/runner/Library/Developer/Xcode/DerivedData/ModuleCache.noindex/os-CZBAHXYP50JRPPNW9OSJZUX8I.pcm

SwiftExplicitDependencyGeneratePcm arm64 /Users/runner/Library/Developer/Xcode/DerivedData/ModuleCache.noindex/CoreFoundation-8B50UWIPN4X3F4Q80X13GIIUW.pcm

SwiftExplicitDependencyGeneratePcm x86_64 /Users/runner/Library/Developer/Xcode/DerivedData/ModuleCache.noindex/CoreVideo-3292S3V5U88JJS65H84U8HBQW.pcm

SwiftExplicitDependencyGeneratePcm x86_64 /Users/runner/Library/Developer/Xcode/DerivedData/ModuleCache.noindex/Foundation-2PN0G2YXT96FMIU8VKSOLMHYK.pcm

SwiftExplicitDependencyGeneratePcm arm64 /Users/runner/Library/Developer/Xcode/DerivedData/ModuleCache.noindex/CoreGraphics-8F6YY32E37YEOAUL99RG7FOFH.pcm

SwiftExplicitDependencyGeneratePcm arm64 /Users/runner/Library/Developer/Xcode/DerivedData/ModuleCache.noindex/Security-CX3U7UYS2SRNZGDW1U6SH4VPH.pcm

SwiftExplicitDependencyGeneratePcm arm64 /Users/runner/Library/Developer/Xcode/DerivedData/ModuleCache.noindex/CoreText-CBGZCB08JKIPQVR8Y436WGIEC.pcm

SwiftExplicitDependencyGeneratePcm arm64 /Users/runner/Library/Developer/Xcode/DerivedData/ModuleCache.noindex/CoreVideo-1H6LXJRYJUSTP56RH9HR624EO.pcm

SwiftExplicitDependencyGeneratePcm arm64 /Users/runner/Library/Developer/Xcode/DerivedData/ModuleCache.noindex/Foundation-BMWCPUH7PPQTQ503820VURVQP.pcm

SwiftExplicitDependencyGeneratePcm x86_64 /Users/runner/Library/Developer/Xcode/DerivedData/ModuleCache.noindex/SceneKit-7MGI6304UGHO3DJJTDCJL343I.pcm

SwiftExplicitDependencyGeneratePcm x86_64 /Users/runner/Library/Developer/Xcode/DerivedData/ModuleCache.noindex/Accessibility-A2AP2XHP991KHMFV4TM998K19.pcm

SwiftExplicitDependencyGeneratePcm x86_64 /Users/runner/Library/Developer/Xcode/DerivedData/ModuleCache.noindex/UIUtilities-382L4H2OA8JBZ9FBXJ2P6TYJS.pcm

SwiftExplicitDependencyGeneratePcm x86_64 /Users/runner/Library/Developer/Xcode/DerivedData/ModuleCache.noindex/_LocationEssentials-ESWBULYOQV22BNPIR1N60G0X4.pcm

SwiftExplicitDependencyGeneratePcm arm64 /Users/runner/Library/Developer/Xcode/DerivedData/ModuleCache.noindex/UniformTypeIdentifiers-2PDJOOYUQU3ZUA6S4P40EUGOO.pcm

SwiftExplicitDependencyGeneratePcm arm64 /Users/runner/Library/Developer/Xcode/DerivedData/ModuleCache.noindex/Network-7GAAIMY28RA2TD2YS8H5QD7G3.pcm

SwiftExplicitDependencyGeneratePcm arm64 /Users/runner/Library/Developer/Xcode/DerivedData/ModuleCache.noindex/WatchConnectivity-4UWSPTGEZ5KX9PBAQR8HJ6I6E.pcm

SwiftExplicitDependencyGeneratePcm arm64 /Users/runner/Library/Developer/Xcode/DerivedData/ModuleCache.noindex/WidgetKit-CIWV0QMH6YKGHUZF7HX6NCVQ.pcm

SwiftExplicitDependencyGeneratePcm arm64 /Users/runner/Library/Developer/Xcode/DerivedData/ModuleCache.noindex/UserNotifications-A81MTTRVH0694M8ZRBDNAO4FM.pcm

SwiftExplicitDependencyGeneratePcm arm64 /Users/runner/Library/Developer/Xcode/DerivedData/ModuleCache.noindex/DataDetection-5R156Q12FIRS664NKOTA9FO85.pcm

SwiftExplicitDependencyGeneratePcm arm64 /Users/runner/Library/Developer/Xcode/DerivedData/ModuleCache.noindex/CoreTransferable-1MH0E3IXQVYWP8T6S0DM9RZBJ.pcm

SwiftExplicitDependencyGeneratePcm arm64 /Users/runner/Library/Developer/Xcode/DerivedData/ModuleCache.noindex/UIUtilities-ER14BM4DIITSPSZMGG5614FM3.pcm

SwiftExplicitDependencyGeneratePcm arm64 /Users/runner/Library/Developer/Xcode/DerivedData/ModuleCache.noindex/OSLog-CYBV0HCE5ZQNG24B82I2SLH4P.pcm

SwiftExplicitDependencyGeneratePcm x86_64 /Users/runner/Library/Developer/Xcode/DerivedData/ModuleCache.noindex/Symbols-1YXTAFR39UDHNS4NOJ68UY8JT.pcm

SwiftExplicitDependencyGeneratePcm x86_64 /Users/runner/Library/Developer/Xcode/DerivedData/ModuleCache.noindex/UserNotifications-9WIR1468UTV3FDC9RLMQPNDNH.pcm

SwiftExplicitDependencyGeneratePcm x86_64 /Users/runner/Library/Developer/Xcode/DerivedData/ModuleCache.noindex/RelevanceKit-ET2GLZEI1KZR1XXIF3BCMKQZE.pcm

SwiftExplicitDependencyGeneratePcm arm64 /Users/runner/Library/Developer/Xcode/DerivedData/ModuleCache.noindex/_LocationEssentials-EOOQCIGSEMARLLJKT4K61X0CF.pcm

SwiftExplicitDependencyGeneratePcm x86_64 /Users/runner/Library/Developer/Xcode/DerivedData/ModuleCache.noindex/DataDetection-2696NAFCE78IK1A75CQVZSNZN.pcm

SwiftExplicitDependencyGeneratePcm x86_64 /Users/runner/Library/Developer/Xcode/DerivedData/ModuleCache.noindex/WatchConnectivity-AQDWBYEKYKW1AH92V2MYOHZEB.pcm

SwiftExplicitDependencyGeneratePcm x86_64 /Users/runner/Library/Developer/Xcode/DerivedData/ModuleCache.noindex/CoreData-8FH7PVB3VFSY9FB6QPBHKPIH3.pcm

SwiftExplicitDependencyGeneratePcm arm64 /Users/runner/Library/Developer/Xcode/DerivedData/ModuleCache.noindex/CoreLocation-F4Z97KFGJUE4BAN4I7NHSP2B4.pcm

SwiftExplicitDependencyGeneratePcm x86_64 /Users/runner/Library/Developer/Xcode/DerivedData/ModuleCache.noindex/WidgetKit-1OWFB1UVLS018TAJGI6YRBG6V.pcm

SwiftExplicitDependencyGeneratePcm x86_64 /Users/runner/Library/Developer/Xcode/DerivedData/ModuleCache.noindex/QuartzCore-BVVXQ57203KGRRKXKYF1TL163.pcm

SwiftExplicitDependencyGeneratePcm arm64 /Users/runner/Library/Developer/Xcode/DerivedData/ModuleCache.noindex/Intents-6BQ1VVY55SRF5ROOVS4PTQVHB.pcm

SwiftExplicitDependencyGeneratePcm x86_64 /Users/runner/Library/Developer/Xcode/DerivedData/ModuleCache.noindex/CoreTransferable-LU3LVXWKG4MFZQPYYUUPJ0FG.pcm

SwiftExplicitDependencyGeneratePcm x86_64 /Users/runner/Library/Developer/Xcode/DerivedData/ModuleCache.noindex/Network-6BFFD09EV22QFCPPVB6K76KLL.pcm

SwiftExplicitDependencyGeneratePcm x86_64 /Users/runner/Library/Developer/Xcode/DerivedData/ModuleCache.noindex/UniformTypeIdentifiers-CMAUN3KM6R6RUCO6XFGWQBFGA.pcm

SwiftExplicitDependencyGeneratePcm arm64 /Users/runner/Library/Developer/Xcode/DerivedData/ModuleCache.noindex/QuartzCore-8ISYLWLU4WOU28IZN0LMMJCLU.pcm

SwiftExplicitDependencyGeneratePcm arm64 /Users/runner/Library/Developer/Xcode/DerivedData/ModuleCache.noindex/RelevanceKit-2S3WIV3B2I1X5A4GD83WCDTY8.pcm

SwiftExplicitDependencyGeneratePcm arm64 /Users/runner/Library/Developer/Xcode/DerivedData/ModuleCache.noindex/SwiftUICore-1S27ELK60SCL1P25AWTI9MG7F.pcm

SwiftExplicitDependencyGeneratePcm x86_64 /Users/runner/Library/Developer/Xcode/DerivedData/ModuleCache.noindex/SwiftUICore-4Q22BPR4ZX2HDVSJYLS5KPMAG.pcm

SwiftExplicitDependencyGeneratePcm arm64 /Users/runner/Library/Developer/Xcode/DerivedData/ModuleCache.noindex/Accessibility-4RNGSETAP4HTNHH6LJ30T0H9O.pcm

SwiftExplicitDependencyGeneratePcm x86_64 /Users/runner/Library/Developer/Xcode/DerivedData/ModuleCache.noindex/AppIntents-240RFRJ5QNT35ZQC03SHD9ZB0.pcm

SwiftExplicitDependencyGeneratePcm x86_64 /Users/runner/Library/Developer/Xcode/DerivedData/ModuleCache.noindex/CoreLocation-7381OG7N5WPH5BLU60SH8J9XU.pcm

SwiftExplicitDependencyGeneratePcm arm64 /Users/runner/Library/Developer/Xcode/DerivedData/ModuleCache.noindex/AppIntents-5EXXGD64X120O5HJFE35V2ROT.pcm

SwiftExplicitDependencyGeneratePcm arm64 /Users/runner/Library/Developer/Xcode/DerivedData/ModuleCache.noindex/SceneKit-76PKBRE4GSEFDWEWV4SRHLXFG.pcm

SwiftExplicitDependencyGeneratePcm x86_64 /Users/runner/Library/Developer/Xcode/DerivedData/ModuleCache.noindex/UIKit-4Q9WW0J4AFN0YBH08B14UKZS.pcm

SwiftExplicitDependencyGeneratePcm x86_64 /Users/runner/Library/Developer/Xcode/DerivedData/ModuleCache.noindex/Intents-7AGBA1N9QPJ0DPSCWEWMY5JVA.pcm

SwiftExplicitDependencyGeneratePcm arm64 /Users/runner/Library/Developer/Xcode/DerivedData/ModuleCache.noindex/Symbols-DC6L4LBZ8ZAH9SQWUFEL9JNAZ.pcm

SwiftExplicitDependencyGeneratePcm x86_64 /Users/runner/Library/Developer/Xcode/DerivedData/ModuleCache.noindex/os-88WWFTZY1YP3WJ8E5CQNW3XJ9.pcm

SwiftExplicitDependencyGeneratePcm arm64 /Users/runner/Library/Developer/Xcode/DerivedData/ModuleCache.noindex/UIKit-79UOK7ZUE9IF7M6CURV24LXWL.pcm

SwiftExplicitDependencyGeneratePcm x86_64 /Users/runner/Library/Developer/Xcode/DerivedData/ModuleCache.noindex/OSLog-9LG0147H9FXLNZ7B1FESFR874.pcm

SwiftExplicitDependencyGeneratePcm x86_64 /Users/runner/Library/Developer/Xcode/DerivedData/ModuleCache.noindex/HomeKit-70VWR844QAP7POA54FG3S0B0W.pcm

SwiftExplicitDependencyGeneratePcm x86_64 /Users/runner/Library/Developer/Xcode/DerivedData/ModuleCache.noindex/MapKit-4VNQGB3Q0HHWV2RNO23OV53X1.pcm

SwiftExplicitDependencyGeneratePcm arm64 /Users/runner/Library/Developer/Xcode/DerivedData/ModuleCache.noindex/CoreData-BW2F85YQ5DB68P7V1B0ENT1T.pcm

SwiftExplicitDependencyGeneratePcm arm64 /Users/runner/Library/Developer/Xcode/DerivedData/ModuleCache.noindex/HomeKit-4PYWARJ8I8WDMWQC6GIQYK2IV.pcm

SwiftExplicitDependencyGeneratePcm arm64 /Users/runner/Library/Developer/Xcode/DerivedData/ModuleCache.noindex/MapKit-DSAOOPBXXMQ3S1FKH60KV1Q8M.pcm

SwiftExplicitDependencyGeneratePcm x86_64 /Users/runner/Library/Developer/Xcode/DerivedData/ModuleCache.noindex/WatchKit-8TBGOG344WBLL2KHDFYFPPC4E.pcm

SwiftExplicitDependencyGeneratePcm arm64 /Users/runner/Library/Developer/Xcode/DerivedData/ModuleCache.noindex/WatchKit-BPVPSP9IWSFZ6HGWD1BPQI421.pcm

SwiftExplicitDependencyGeneratePcm x86_64 /Users/runner/Library/Developer/Xcode/DerivedData/ModuleCache.noindex/SwiftUI-IQB0MY9BBS315BR5ONRL6JEM.pcm

SwiftExplicitDependencyGeneratePcm arm64 /Users/runner/Library/Developer/Xcode/DerivedData/ModuleCache.noindex/SwiftUI-ACML17JXHO55EIJILB7IQH8ZL.pcm

SwiftEmitModule normal x86_64 Emitting\ module\ for\ FamilienplanerWatch (in target 'FamilienplanerWatch' from project 'Familienplaner')

EmitSwiftModule normal x86_64 (in target 'FamilienplanerWatch' from project 'Familienplaner')
    cd /Users/runner/work/familienplaner/familienplaner
    

SwiftCompile normal x86_64 Compiling\ FamilienplanerWatchApp.swift,\ SharedInbox.swift,\ WatchContentView.swift /Users/runner/work/familienplaner/familienplaner/Watch/FamilienplanerWatchApp.swift /Users/runner/work/familienplaner/familienplaner/Shared/SharedInbox.swift /Users/runner/work/familienplaner/familienplaner/Watch/WatchContentView.swift (in target 'FamilienplanerWatch' from project 'Familienplaner')

SwiftCompile normal x86_64 /Users/runner/work/familienplaner/familienplaner/Watch/FamilienplanerWatchApp.swift (in target 'FamilienplanerWatch' from project 'Familienplaner')
    cd /Users/runner/work/familienplaner/familienplaner
    

SwiftCompile normal x86_64 /Users/runner/work/familienplaner/familienplaner/Shared/SharedInbox.swift (in target 'FamilienplanerWatch' from project 'Familienplaner')
    cd /Users/runner/work/familienplaner/familienplaner
    

SwiftCompile normal x86_64 /Users/runner/work/familienplaner/familienplaner/Watch/WatchContentView.swift (in target 'FamilienplanerWatch' from project 'Familienplaner')
    cd /Users/runner/work/familienplaner/familienplaner
    

SwiftEmitModule normal arm64 Emitting\ module\ for\ FamilienplanerWatch (in target 'FamilienplanerWatch' from project 'Familienplaner')

EmitSwiftModule normal arm64 (in target 'FamilienplanerWatch' from project 'Familienplaner')
    cd /Users/runner/work/familienplaner/familienplaner
    

SwiftDriverJobDiscovery normal x86_64 Emitting module for FamilienplanerWatch (in target 'FamilienplanerWatch' from project 'Familienplaner')

SwiftDriver\ Compilation\ Requirements FamilienplanerWatch normal x86_64 com.apple.xcode.tools.swift.compiler (in target 'FamilienplanerWatch' from project 'Familienplaner')
    cd /Users/runner/work/familienplaner/familienplaner
    builtin-Swift-Compilation-Requirements -- /Applications/Xcode_26.6.app/Contents/Developer/Toolchains/XcodeDefault.xctoolchain/usr/bin/swiftc -module-name FamilienplanerWatch -Onone @/Users/runner/Library/Developer/Xcode/DerivedData/Familienplaner-dmcrrzfthkjbwogvslwbznxtcpok/Build/Intermediates.noindex/Familienplaner.build/Debug-watchsimulator/FamilienplanerWatch.build/Objects-normal/x86_64/FamilienplanerWatch.SwiftFileList -DDEBUG -enable-bare-slash-regex -enable-experimental-feature DebugDescriptionMacro -sdk /Applications/Xcode_26.6.app/Contents/Developer/Platforms/WatchSimulator.platform/Developer/SDKs/WatchSimulator26.5.sdk -target x86_64-apple-watchos26.0-simulator -g -module-cache-path /Users/runner/Library/Developer/Xcode/DerivedData/ModuleCache.noindex -Xfrontend -serialize-debugging-options -profile-coverage-mapping -profile-generate -enable-testing -index-store-path /Users/runner/Library/Developer/Xcode/DerivedData/Familienplaner-dmcrrzfthkjbwogvslwbznxtcpok/Index.noindex/DataStore -Xcc -D_LIBCPP_HARDENING_MODE\=_LIBCPP_HARDENING_MODE_DEBUG -swift-version 5 -I /Users/runner/Library/Developer/Xcode/DerivedData/Familienplaner-dmcrrzfthkjbwogvslwbznxtcpok/Build/Products/Debug-watchsimulator -F /Users/runner/Library/Developer/Xcode/DerivedData/Familienplaner-dmcrrzfthkjbwogvslwbznxtcpok/Build/Products/Debug-watchsimulator -c -j3 -enable-batch-mode -incremental -Xcc -ivfsstatcache -Xcc /Users/runner/Library/Developer/Xcode/DerivedData/SDKStatCaches.noindex/watchsimulator26.5-23T570-688ef53f1462e2c8f657fdc38a81448f4ff5b3021fd2b02f145790f94936b2db.sdkstatcache -output-file-map /Users/runner/Library/Developer/Xcode/DerivedData/Familienplaner-dmcrrzfthkjbwogvslwbznxtcpok/Build/Intermediates.noindex/Familienplaner.build/Debug-watchsimulator/FamilienplanerWatch.build/Objects-normal/x86_64/FamilienplanerWatch-OutputFileMap.json -use-frontend-parseable-output -save-temps -no-color-diagnostics -explicit-module-build -module-cache-path /Users/runner/Library/Developer/Xcode/DerivedData/Familienplaner-dmcrrzfthkjbwogvslwbznxtcpok/Build/Intermediates.noindex/SwiftExplicitPrecompiledModules -clang-scanner-module-cache-path /Users/runner/Library/Developer/Xcode/DerivedData/ModuleCache.noindex -sdk-module-cache-path /Users/runner/Library/Developer/Xcode/DerivedData/ModuleCache.noindex -serialize-diagnostics -emit-dependencies -emit-module -emit-module-path /Users/runner/Library/Developer/Xcode/DerivedData/Familienplaner-dmcrrzfthkjbwogvslwbznxtcpok/Build/Intermediates.noindex/Familienplaner.build/Debug-watchsimulator/FamilienplanerWatch.build/Objects-normal/x86_64/FamilienplanerWatch.swiftmodule -validate-clang-modules-once -clang-build-session-file /Users/runner/Library/Developer/Xcode/DerivedData/ModuleCache.noindex/Session.modulevalidation -Xcc -I/Users/runner/Library/Developer/Xcode/DerivedData/Familienplaner-dmcrrzfthkjbwogvslwbznxtcpok/Build/Intermediates.noindex/Familienplaner.build/Debug-watchsimulator/FamilienplanerWatch.build/swift-overrides.hmap -emit-const-values -Xfrontend -const-gather-protocols-file -Xfrontend /Users/runner/Library/Developer/Xcode/DerivedData/Familienplaner-dmcrrzfthkjbwogvslwbznxtcpok/Build/Intermediates.noindex/Familienplaner.build/Debug-watchsimulator/FamilienplanerWatch.build/Objects-normal/x86_64/FamilienplanerWatch_const_extract_protocols.json -Xcc -iquote -Xcc /Users/runner/Library/Developer/Xcode/DerivedData/Familienplaner-dmcrrzfthkjbwogvslwbznxtcpok/Build/Intermediates.noindex/Familienplaner.build/Debug-watchsimulator/FamilienplanerWatch.build/FamilienplanerWatch-generated-files.hmap -Xcc -I/Users/runner/Library/Developer/Xcode/DerivedData/Familienplaner-dmcrrzfthkjbwogvslwbznxtcpok/Build/Intermediates.noindex/Familienplaner.build/Debug-watchsimulator/FamilienplanerWatch.build/FamilienplanerWatch-own-target-headers.hmap -Xcc -I/Users/runner/Library/Developer/Xcode/DerivedData/Familienplaner-dmcrrzfthkjbwogvslwbznxtcpok/Build/Intermediates.noindex/Familienplaner.build/Debug-watchsimulator/FamilienplanerWatch.build/FamilienplanerWatch-all-target-headers.hmap -Xcc -iquote -Xcc /Users/runner/Library/Developer/Xcode/DerivedData/Familienplaner-dmcrrzfthkjbwogvslwbznxtcpok/Build/Intermediates.noindex/Familienplaner.build/Debug-watchsimulator/FamilienplanerWatch.build/FamilienplanerWatch-project-headers.hmap -Xcc -I/Users/runner/Library/Developer/Xcode/DerivedData/Familienplaner-dmcrrzfthkjbwogvslwbznxtcpok/Build/Products/Debug-watchsimulator/include -Xcc -I/Users/runner/Library/Developer/Xcode/DerivedData/Familienplaner-dmcrrzfthkjbwogvslwbznxtcpok/Build/Intermediates.noindex/Familienplaner.build/Debug-watchsimulator/FamilienplanerWatch.build/DerivedSources-normal/x86_64 -Xcc -I/Users/runner/Library/Developer/Xcode/DerivedData/Familienplaner-dmcrrzfthkjbwogvslwbznxtcpok/Build/Intermediates.noindex/Familienplaner.build/Debug-watchsimulator/FamilienplanerWatch.build/DerivedSources/x86_64 -Xcc -I/Users/runner/Library/Developer/Xcode/DerivedData/Familienplaner-dmcrrzfthkjbwogvslwbznxtcpok/Build/Intermediates.noindex/Familienplaner.build/Debug-watchsimulator/FamilienplanerWatch.build/DerivedSources -Xcc -DDEBUG\=1 -emit-objc-header -emit-objc-header-path /Users/runner/Library/Developer/Xcode/DerivedData/Familienplaner-dmcrrzfthkjbwogvslwbznxtcpok/Build/Intermediates.noindex/Familienplaner.build/Debug-watchsimulator/FamilienplanerWatch.build/Objects-normal/x86_64/FamilienplanerWatch-Swift.h -working-directory /Users/runner/work/familienplaner/familienplaner -experimental-emit-module-separately -disable-cmo

SwiftDriverJobDiscovery normal arm64 Emitting module for FamilienplanerWatch (in target 'FamilienplanerWatch' from project 'Familienplaner')

SwiftDriver\ Compilation\ Requirements FamilienplanerWatch normal arm64 com.apple.xcode.tools.swift.compiler (in target 'FamilienplanerWatch' from project 'Familienplaner')
    cd /Users/runner/work/familienplaner/familienplaner
    builtin-Swift-Compilation-Requirements -- /Applications/Xcode_26.6.app/Contents/Developer/Toolchains/XcodeDefault.xctoolchain/usr/bin/swiftc -module-name FamilienplanerWatch -Onone @/Users/runner/Library/Developer/Xcode/DerivedData/Familienplaner-dmcrrzfthkjbwogvslwbznxtcpok/Build/Intermediates.noindex/Familienplaner.build/Debug-watchsimulator/FamilienplanerWatch.build/Objects-normal/arm64/FamilienplanerWatch.SwiftFileList -DDEBUG -enable-bare-slash-regex -enable-experimental-feature DebugDescriptionMacro -sdk /Applications/Xcode_26.6.app/Contents/Developer/Platforms/WatchSimulator.platform/Developer/SDKs/WatchSimulator26.5.sdk -target arm64-apple-watchos26.0-simulator -g -module-cache-path /Users/runner/Library/Developer/Xcode/DerivedData/ModuleCache.noindex -Xfrontend -serialize-debugging-options -profile-coverage-mapping -profile-generate -enable-testing -index-store-path /Users/runner/Library/Developer/Xcode/DerivedData/Familienplaner-dmcrrzfthkjbwogvslwbznxtcpok/Index.noindex/DataStore -Xcc -D_LIBCPP_HARDENING_MODE\=_LIBCPP_HARDENING_MODE_DEBUG -swift-version 5 -I /Users/runner/Library/Developer/Xcode/DerivedData/Familienplaner-dmcrrzfthkjbwogvslwbznxtcpok/Build/Products/Debug-watchsimulator -F /Users/runner/Library/Developer/Xcode/DerivedData/Familienplaner-dmcrrzfthkjbwogvslwbznxtcpok/Build/Products/Debug-watchsimulator -c -j3 -enable-batch-mode -incremental -Xcc -ivfsstatcache -Xcc /Users/runner/Library/Developer/Xcode/DerivedData/SDKStatCaches.noindex/watchsimulator26.5-23T570-688ef53f1462e2c8f657fdc38a81448f4ff5b3021fd2b02f145790f94936b2db.sdkstatcache -output-file-map /Users/runner/Library/Developer/Xcode/DerivedData/Familienplaner-dmcrrzfthkjbwogvslwbznxtcpok/Build/Intermediates.noindex/Familienplaner.build/Debug-watchsimulator/FamilienplanerWatch.build/Objects-normal/arm64/FamilienplanerWatch-OutputFileMap.json -use-frontend-parseable-output -save-temps -no-color-diagnostics -explicit-module-build -module-cache-path /Users/runner/Library/Developer/Xcode/DerivedData/Familienplaner-dmcrrzfthkjbwogvslwbznxtcpok/Build/Intermediates.noindex/SwiftExplicitPrecompiledModules -clang-scanner-module-cache-path /Users/runner/Library/Developer/Xcode/DerivedData/ModuleCache.noindex -sdk-module-cache-path /Users/runner/Library/Developer/Xcode/DerivedData/ModuleCache.noindex -serialize-diagnostics -emit-dependencies -emit-module -emit-module-path /Users/runner/Library/Developer/Xcode/DerivedData/Familienplaner-dmcrrzfthkjbwogvslwbznxtcpok/Build/Intermediates.noindex/Familienplaner.build/Debug-watchsimulator/FamilienplanerWatch.build/Objects-normal/arm64/FamilienplanerWatch.swiftmodule -validate-clang-modules-once -clang-build-session-file /Users/runner/Library/Developer/Xcode/DerivedData/ModuleCache.noindex/Session.modulevalidation -Xcc -I/Users/runner/Library/Developer/Xcode/DerivedData/Familienplaner-dmcrrzfthkjbwogvslwbznxtcpok/Build/Intermediates.noindex/Familienplaner.build/Debug-watchsimulator/FamilienplanerWatch.build/swift-overrides.hmap -emit-const-values -Xfrontend -const-gather-protocols-file -Xfrontend /Users/runner/Library/Developer/Xcode/DerivedData/Familienplaner-dmcrrzfthkjbwogvslwbznxtcpok/Build/Intermediates.noindex/Familienplaner.build/Debug-watchsimulator/FamilienplanerWatch.build/Objects-normal/arm64/FamilienplanerWatch_const_extract_protocols.json -Xcc -iquote -Xcc /Users/runner/Library/Developer/Xcode/DerivedData/Familienplaner-dmcrrzfthkjbwogvslwbznxtcpok/Build/Intermediates.noindex/Familienplaner.build/Debug-watchsimulator/FamilienplanerWatch.build/FamilienplanerWatch-generated-files.hmap -Xcc -I/Users/runner/Library/Developer/Xcode/DerivedData/Familienplaner-dmcrrzfthkjbwogvslwbznxtcpok/Build/Intermediates.noindex/Familienplaner.build/Debug-watchsimulator/FamilienplanerWatch.build/FamilienplanerWatch-own-target-headers.hmap -Xcc -I/Users/runner/Library/Developer/Xcode/DerivedData/Familienplaner-dmcrrzfthkjbwogvslwbznxtcpok/Build/Intermediates.noindex/Familienplaner.build/Debug-watchsimulator/FamilienplanerWatch.build/FamilienplanerWatch-all-target-headers.hmap -Xcc -iquote -Xcc /Users/runner/Library/Developer/Xcode/DerivedData/Familienplaner-dmcrrzfthkjbwogvslwbznxtcpok/Build/Intermediates.noindex/Familienplaner.build/Debug-watchsimulator/FamilienplanerWatch.build/FamilienplanerWatch-project-headers.hmap -Xcc -I/Users/runner/Library/Developer/Xcode/DerivedData/Familienplaner-dmcrrzfthkjbwogvslwbznxtcpok/Build/Products/Debug-watchsimulator/include -Xcc -I/Users/runner/Library/Developer/Xcode/DerivedData/Familienplaner-dmcrrzfthkjbwogvslwbznxtcpok/Build/Intermediates.noindex/Familienplaner.build/Debug-watchsimulator/FamilienplanerWatch.build/DerivedSources-normal/arm64 -Xcc -I/Users/runner/Library/Developer/Xcode/DerivedData/Familienplaner-dmcrrzfthkjbwogvslwbznxtcpok/Build/Intermediates.noindex/Familienplaner.build/Debug-watchsimulator/FamilienplanerWatch.build/DerivedSources/arm64 -Xcc -I/Users/runner/Library/Developer/Xcode/DerivedData/Familienplaner-dmcrrzfthkjbwogvslwbznxtcpok/Build/Intermediates.noindex/Familienplaner.build/Debug-watchsimulator/FamilienplanerWatch.build/DerivedSources -Xcc -DDEBUG\=1 -emit-objc-header -emit-objc-header-path /Users/runner/Library/Developer/Xcode/DerivedData/Familienplaner-dmcrrzfthkjbwogvslwbznxtcpok/Build/Intermediates.noindex/Familienplaner.build/Debug-watchsimulator/FamilienplanerWatch.build/Objects-normal/arm64/FamilienplanerWatch-Swift.h -working-directory /Users/runner/work/familienplaner/familienplaner -experimental-emit-module-separately -disable-cmo

Copy /Users/runner/Library/Developer/Xcode/DerivedData/Familienplaner-dmcrrzfthkjbwogvslwbznxtcpok/Build/Products/Debug-watchsimulator/FamilienplanerWatch.swiftmodule/x86_64-apple-watchos-simulator.swiftmodule /Users/runner/Library/Developer/Xcode/DerivedData/Familienplaner-dmcrrzfthkjbwogvslwbznxtcpok/Build/Intermediates.noindex/Familienplaner.build/Debug-watchsimulator/FamilienplanerWatch.build/Objects-normal/x86_64/FamilienplanerWatch.swiftmodule (in target 'FamilienplanerWatch' from project 'Familienplaner')
    cd /Users/runner/work/familienplaner/familienplaner
    builtin-copy -exclude .DS_Store -exclude CVS -exclude .svn -exclude .git -exclude .hg -resolve-src-symlinks -rename /Users/runner/Library/Developer/Xcode/DerivedData/Familienplaner-dmcrrzfthkjbwogvslwbznxtcpok/Build/Intermediates.noindex/Familienplaner.build/Debug-watchsimulator/FamilienplanerWatch.build/Objects-normal/x86_64/FamilienplanerWatch.swiftmodule /Users/runner/Library/Developer/Xcode/DerivedData/Familienplaner-dmcrrzfthkjbwogvslwbznxtcpok/Build/Products/Debug-watchsimulator/FamilienplanerWatch.swiftmodule/x86_64-apple-watchos-simulator.swiftmodule

SwiftMergeGeneratedHeaders /Users/runner/Library/Developer/Xcode/DerivedData/Familienplaner-dmcrrzfthkjbwogvslwbznxtcpok/Build/Intermediates.noindex/Familienplaner.build/Debug-watchsimulator/FamilienplanerWatch.build/DerivedSources/FamilienplanerWatch-Swift.h /Users/runner/Library/Developer/Xcode/DerivedData/Familienplaner-dmcrrzfthkjbwogvslwbznxtcpok/Build/Intermediates.noindex/Familienplaner.build/Debug-watchsimulator/FamilienplanerWatch.build/Objects-normal/arm64/FamilienplanerWatch-Swift.h /Users/runner/Library/Developer/Xcode/DerivedData/Familienplaner-dmcrrzfthkjbwogvslwbznxtcpok/Build/Intermediates.noindex/Familienplaner.build/Debug-watchsimulator/FamilienplanerWatch.build/Objects-normal/x86_64/FamilienplanerWatch-Swift.h (in target 'FamilienplanerWatch' from project 'Familienplaner')
    cd /Users/runner/work/familienplaner/familienplaner
    builtin-swiftHeaderTool -arch arm64 /Users/runner/Library/Developer/Xcode/DerivedData/Familienplaner-dmcrrzfthkjbwogvslwbznxtcpok/Build/Intermediates.noindex/Familienplaner.build/Debug-watchsimulator/FamilienplanerWatch.build/Objects-normal/arm64/FamilienplanerWatch-Swift.h -arch x86_64 /Users/runner/Library/Developer/Xcode/DerivedData/Familienplaner-dmcrrzfthkjbwogvslwbznxtcpok/Build/Intermediates.noindex/Familienplaner.build/Debug-watchsimulator/FamilienplanerWatch.build/Objects-normal/x86_64/FamilienplanerWatch-Swift.h -o /Users/runner/Library/Developer/Xcode/DerivedData/Familienplaner-dmcrrzfthkjbwogvslwbznxtcpok/Build/Intermediates.noindex/Familienplaner.build/Debug-watchsimulator/FamilienplanerWatch.build/DerivedSources/FamilienplanerWatch-Swift.h

Copy /Users/runner/Library/Developer/Xcode/DerivedData/Familienplaner-dmcrrzfthkjbwogvslwbznxtcpok/Build/Products/Debug-watchsimulator/FamilienplanerWatch.swiftmodule/x86_64-apple-watchos-simulator.swiftdoc /Users/runner/Library/Developer/Xcode/DerivedData/Familienplaner-dmcrrzfthkjbwogvslwbznxtcpok/Build/Intermediates.noindex/Familienplaner.build/Debug-watchsimulator/FamilienplanerWatch.build/Objects-normal/x86_64/FamilienplanerWatch.swiftdoc (in target 'FamilienplanerWatch' from project 'Familienplaner')
    cd /Users/runner/work/familienplaner/familienplaner
    builtin-copy -exclude .DS_Store -exclude CVS -exclude .svn -exclude .git -exclude .hg -resolve-src-symlinks -rename /Users/runner/Library/Developer/Xcode/DerivedData/Familienplaner-dmcrrzfthkjbwogvslwbznxtcpok/Build/Intermediates.noindex/Familienplaner.build/Debug-watchsimulator/FamilienplanerWatch.build/Objects-normal/x86_64/FamilienplanerWatch.swiftdoc /Users/runner/Library/Developer/Xcode/DerivedData/Familienplaner-dmcrrzfthkjbwogvslwbznxtcpok/Build/Products/Debug-watchsimulator/FamilienplanerWatch.swiftmodule/x86_64-apple-watchos-simulator.swiftdoc

Copy /Users/runner/Library/Developer/Xcode/DerivedData/Familienplaner-dmcrrzfthkjbwogvslwbznxtcpok/Build/Products/Debug-watchsimulator/FamilienplanerWatch.swiftmodule/x86_64-apple-watchos-simulator.abi.json /Users/runner/Library/Developer/Xcode/DerivedData/Familienplaner-dmcrrzfthkjbwogvslwbznxtcpok/Build/Intermediates.noindex/Familienplaner.build/Debug-watchsimulator/FamilienplanerWatch.build/Objects-normal/x86_64/FamilienplanerWatch.abi.json (in target 'FamilienplanerWatch' from project 'Familienplaner')
    cd /Users/runner/work/familienplaner/familienplaner
    builtin-copy -exclude .DS_Store -exclude CVS -exclude .svn -exclude .git -exclude .hg -resolve-src-symlinks -rename /Users/runner/Library/Developer/Xcode/DerivedData/Familienplaner-dmcrrzfthkjbwogvslwbznxtcpok/Build/Intermediates.noindex/Familienplaner.build/Debug-watchsimulator/FamilienplanerWatch.build/Objects-normal/x86_64/FamilienplanerWatch.abi.json /Users/runner/Library/Developer/Xcode/DerivedData/Familienplaner-dmcrrzfthkjbwogvslwbznxtcpok/Build/Products/Debug-watchsimulator/FamilienplanerWatch.swiftmodule/x86_64-apple-watchos-simulator.abi.json

Copy /Users/runner/Library/Developer/Xcode/DerivedData/Familienplaner-dmcrrzfthkjbwogvslwbznxtcpok/Build/Products/Debug-watchsimulator/FamilienplanerWatch.swiftmodule/arm64-apple-watchos-simulator.swiftmodule /Users/runner/Library/Developer/Xcode/DerivedData/Familienplaner-dmcrrzfthkjbwogvslwbznxtcpok/Build/Intermediates.noindex/Familienplaner.build/Debug-watchsimulator/FamilienplanerWatch.build/Objects-normal/arm64/FamilienplanerWatch.swiftmodule (in target 'FamilienplanerWatch' from project 'Familienplaner')
    cd /Users/runner/work/familienplaner/familienplaner
    builtin-copy -exclude .DS_Store -exclude CVS -exclude .svn -exclude .git -exclude .hg -resolve-src-symlinks -rename /Users/runner/Library/Developer/Xcode/DerivedData/Familienplaner-dmcrrzfthkjbwogvslwbznxtcpok/Build/Intermediates.noindex/Familienplaner.build/Debug-watchsimulator/FamilienplanerWatch.build/Objects-normal/arm64/FamilienplanerWatch.swiftmodule /Users/runner/Library/Developer/Xcode/DerivedData/Familienplaner-dmcrrzfthkjbwogvslwbznxtcpok/Build/Products/Debug-watchsimulator/FamilienplanerWatch.swiftmodule/arm64-apple-watchos-simulator.swiftmodule

Copy /Users/runner/Library/Developer/Xcode/DerivedData/Familienplaner-dmcrrzfthkjbwogvslwbznxtcpok/Build/Products/Debug-watchsimulator/FamilienplanerWatch.swiftmodule/arm64-apple-watchos-simulator.swiftdoc /Users/runner/Library/Developer/Xcode/DerivedData/Familienplaner-dmcrrzfthkjbwogvslwbznxtcpok/Build/Intermediates.noindex/Familienplaner.build/Debug-watchsimulator/FamilienplanerWatch.build/Objects-normal/arm64/FamilienplanerWatch.swiftdoc (in target 'FamilienplanerWatch' from project 'Familienplaner')
    cd /Users/runner/work/familienplaner/familienplaner
    builtin-copy -exclude .DS_Store -exclude CVS -exclude .svn -exclude .git -exclude .hg -resolve-src-symlinks -rename /Users/runner/Library/Developer/Xcode/DerivedData/Familienplaner-dmcrrzfthkjbwogvslwbznxtcpok/Build/Intermediates.noindex/Familienplaner.build/Debug-watchsimulator/FamilienplanerWatch.build/Objects-normal/arm64/FamilienplanerWatch.swiftdoc /Users/runner/Library/Developer/Xcode/DerivedData/Familienplaner-dmcrrzfthkjbwogvslwbznxtcpok/Build/Products/Debug-watchsimulator/FamilienplanerWatch.swiftmodule/arm64-apple-watchos-simulator.swiftdoc

Copy /Users/runner/Library/Developer/Xcode/DerivedData/Familienplaner-dmcrrzfthkjbwogvslwbznxtcpok/Build/Products/Debug-watchsimulator/FamilienplanerWatch.swiftmodule/arm64-apple-watchos-simulator.abi.json /Users/runner/Library/Developer/Xcode/DerivedData/Familienplaner-dmcrrzfthkjbwogvslwbznxtcpok/Build/Intermediates.noindex/Familienplaner.build/Debug-watchsimulator/FamilienplanerWatch.build/Objects-normal/arm64/FamilienplanerWatch.abi.json (in target 'FamilienplanerWatch' from project 'Familienplaner')
    cd /Users/runner/work/familienplaner/familienplaner
    builtin-copy -exclude .DS_Store -exclude CVS -exclude .svn -exclude .git -exclude .hg -resolve-src-symlinks -rename /Users/runner/Library/Developer/Xcode/DerivedData/Familienplaner-dmcrrzfthkjbwogvslwbznxtcpok/Build/Intermediates.noindex/Familienplaner.build/Debug-watchsimulator/FamilienplanerWatch.build/Objects-normal/arm64/FamilienplanerWatch.abi.json /Users/runner/Library/Developer/Xcode/DerivedData/Familienplaner-dmcrrzfthkjbwogvslwbznxtcpok/Build/Products/Debug-watchsimulator/FamilienplanerWatch.swiftmodule/arm64-apple-watchos-simulator.abi.json

Copy /Users/runner/Library/Developer/Xcode/DerivedData/Familienplaner-dmcrrzfthkjbwogvslwbznxtcpok/Build/Products/Debug-watchsimulator/FamilienplanerWatch.swiftmodule/Project/x86_64-apple-watchos-simulator.swiftsourceinfo /Users/runner/Library/Developer/Xcode/DerivedData/Familienplaner-dmcrrzfthkjbwogvslwbznxtcpok/Build/Intermediates.noindex/Familienplaner.build/Debug-watchsimulator/FamilienplanerWatch.build/Objects-normal/x86_64/FamilienplanerWatch.swiftsourceinfo (in target 'FamilienplanerWatch' from project 'Familienplaner')
    cd /Users/runner/work/familienplaner/familienplaner
    builtin-copy -exclude .DS_Store -exclude CVS -exclude .svn -exclude .git -exclude .hg -resolve-src-symlinks -rename /Users/runner/Library/Developer/Xcode/DerivedData/Familienplaner-dmcrrzfthkjbwogvslwbznxtcpok/Build/Intermediates.noindex/Familienplaner.build/Debug-watchsimulator/FamilienplanerWatch.build/Objects-normal/x86_64/FamilienplanerWatch.swiftsourceinfo /Users/runner/Library/Developer/Xcode/DerivedData/Familienplaner-dmcrrzfthkjbwogvslwbznxtcpok/Build/Products/Debug-watchsimulator/FamilienplanerWatch.swiftmodule/Project/x86_64-apple-watchos-simulator.swiftsourceinfo

Copy /Users/runner/Library/Developer/Xcode/DerivedData/Familienplaner-dmcrrzfthkjbwogvslwbznxtcpok/Build/Products/Debug-watchsimulator/FamilienplanerWatch.swiftmodule/Project/arm64-apple-watchos-simulator.swiftsourceinfo /Users/runner/Library/Developer/Xcode/DerivedData/Familienplaner-dmcrrzfthkjbwogvslwbznxtcpok/Build/Intermediates.noindex/Familienplaner.build/Debug-watchsimulator/FamilienplanerWatch.build/Objects-normal/arm64/FamilienplanerWatch.swiftsourceinfo (in target 'FamilienplanerWatch' from project 'Familienplaner')
    cd /Users/runner/work/familienplaner/familienplaner
    builtin-copy -exclude .DS_Store -exclude CVS -exclude .svn -exclude .git -exclude .hg -resolve-src-symlinks -rename /Users/runner/Library/Developer/Xcode/DerivedData/Familienplaner-dmcrrzfthkjbwogvslwbznxtcpok/Build/Intermediates.noindex/Familienplaner.build/Debug-watchsimulator/FamilienplanerWatch.build/Objects-normal/arm64/FamilienplanerWatch.swiftsourceinfo /Users/runner/Library/Developer/Xcode/DerivedData/Familienplaner-dmcrrzfthkjbwogvslwbznxtcpok/Build/Products/Debug-watchsimulator/FamilienplanerWatch.swiftmodule/Project/arm64-apple-watchos-simulator.swiftsourceinfo

SwiftCompile normal arm64 Compiling\ WatchSnapshot.swift,\ WatchStore.swift /Users/runner/work/familienplaner/familienplaner/Shared/WatchSnapshot.swift /Users/runner/work/familienplaner/familienplaner/Watch/WatchStore.swift (in target 'FamilienplanerWatch' from project 'Familienplaner')

SwiftCompile normal arm64 /Users/runner/work/familienplaner/familienplaner/Shared/WatchSnapshot.swift (in target 'FamilienplanerWatch' from project 'Familienplaner')
    cd /Users/runner/work/familienplaner/familienplaner
    

SwiftCompile normal arm64 /Users/runner/work/familienplaner/familienplaner/Watch/WatchStore.swift (in target 'FamilienplanerWatch' from project 'Familienplaner')
    cd /Users/runner/work/familienplaner/familienplaner
    

SwiftCompile normal x86_64 Compiling\ WatchSnapshot.swift,\ WatchStore.swift /Users/runner/work/familienplaner/familienplaner/Shared/WatchSnapshot.swift /Users/runner/work/familienplaner/familienplaner/Watch/WatchStore.swift (in target 'FamilienplanerWatch' from project 'Familienplaner')

SwiftCompile normal x86_64 /Users/runner/work/familienplaner/familienplaner/Shared/WatchSnapshot.swift (in target 'FamilienplanerWatch' from project 'Familienplaner')
    cd /Users/runner/work/familienplaner/familienplaner
    

SwiftCompile normal x86_64 /Users/runner/work/familienplaner/familienplaner/Watch/WatchStore.swift (in target 'FamilienplanerWatch' from project 'Familienplaner')
    cd /Users/runner/work/familienplaner/familienplaner
    

SwiftDriverJobDiscovery normal x86_64 Compiling FamilienplanerWatchApp.swift, SharedInbox.swift, WatchContentView.swift (in target 'FamilienplanerWatch' from project 'Familienplaner')

SwiftCompile normal arm64 Compiling\ FamilienplanerWatchApp.swift,\ SharedInbox.swift,\ WatchContentView.swift /Users/runner/work/familienplaner/familienplaner/Watch/FamilienplanerWatchApp.swift /Users/runner/work/familienplaner/familienplaner/Shared/SharedInbox.swift /Users/runner/work/familienplaner/familienplaner/Watch/WatchContentView.swift (in target 'FamilienplanerWatch' from project 'Familienplaner')

SwiftCompile normal arm64 /Users/runner/work/familienplaner/familienplaner/Watch/FamilienplanerWatchApp.swift (in target 'FamilienplanerWatch' from project 'Familienplaner')
    cd /Users/runner/work/familienplaner/familienplaner
    

SwiftCompile normal arm64 /Users/runner/work/familienplaner/familienplaner/Shared/SharedInbox.swift (in target 'FamilienplanerWatch' from project 'Familienplaner')
    cd /Users/runner/work/familienplaner/familienplaner
    

SwiftCompile normal arm64 /Users/runner/work/familienplaner/familienplaner/Watch/WatchContentView.swift (in target 'FamilienplanerWatch' from project 'Familienplaner')
    cd /Users/runner/work/familienplaner/familienplaner
    

SwiftDriverJobDiscovery normal arm64 Compiling WatchSnapshot.swift, WatchStore.swift (in target 'FamilienplanerWatch' from project 'Familienplaner')

SwiftDriverJobDiscovery normal x86_64 Compiling WatchSnapshot.swift, WatchStore.swift (in target 'FamilienplanerWatch' from project 'Familienplaner')

SwiftCompile normal x86_64 Compiling\ WidgetBridge.swift,\ GeneratedAssetSymbols.swift /Users/runner/work/familienplaner/familienplaner/Shared/WidgetBridge.swift /Users/runner/Library/Developer/Xcode/DerivedData/Familienplaner-dmcrrzfthkjbwogvslwbznxtcpok/Build/Intermediates.noindex/Familienplaner.build/Debug-watchsimulator/FamilienplanerWatch.build/DerivedSources/GeneratedAssetSymbols.swift (in target 'FamilienplanerWatch' from project 'Familienplaner')

SwiftCompile normal x86_64 /Users/runner/work/familienplaner/familienplaner/Shared/WidgetBridge.swift (in target 'FamilienplanerWatch' from project 'Familienplaner')
    cd /Users/runner/work/familienplaner/familienplaner
    

SwiftCompile normal x86_64 /Users/runner/Library/Developer/Xcode/DerivedData/Familienplaner-dmcrrzfthkjbwogvslwbznxtcpok/Build/Intermediates.noindex/Familienplaner.build/Debug-watchsimulator/FamilienplanerWatch.build/DerivedSources/GeneratedAssetSymbols.swift (in target 'FamilienplanerWatch' from project 'Familienplaner')
    cd /Users/runner/work/familienplaner/familienplaner
    

SwiftCompile normal arm64 Compiling\ WidgetBridge.swift,\ GeneratedAssetSymbols.swift /Users/runner/work/familienplaner/familienplaner/Shared/WidgetBridge.swift /Users/runner/Library/Developer/Xcode/DerivedData/Familienplaner-dmcrrzfthkjbwogvslwbznxtcpok/Build/Intermediates.noindex/Familienplaner.build/Debug-watchsimulator/FamilienplanerWatch.build/DerivedSources/GeneratedAssetSymbols.swift (in target 'FamilienplanerWatch' from project 'Familienplaner')

SwiftCompile normal arm64 /Users/runner/work/familienplaner/familienplaner/Shared/WidgetBridge.swift (in target 'FamilienplanerWatch' from project 'Familienplaner')
    cd /Users/runner/work/familienplaner/familienplaner
    

SwiftCompile normal arm64 /Users/runner/Library/Developer/Xcode/DerivedData/Familienplaner-dmcrrzfthkjbwogvslwbznxtcpok/Build/Intermediates.noindex/Familienplaner.build/Debug-watchsimulator/FamilienplanerWatch.build/DerivedSources/GeneratedAssetSymbols.swift (in target 'FamilienplanerWatch' from project 'Familienplaner')
    cd /Users/runner/work/familienplaner/familienplaner
    

SwiftDriverJobDiscovery normal arm64 Compiling FamilienplanerWatchApp.swift, SharedInbox.swift, WatchContentView.swift (in target 'FamilienplanerWatch' from project 'Familienplaner')

SwiftDriverJobDiscovery normal x86_64 Compiling WidgetBridge.swift, GeneratedAssetSymbols.swift (in target 'FamilienplanerWatch' from project 'Familienplaner')

SwiftDriver\ Compilation FamilienplanerWatch normal x86_64 com.apple.xcode.tools.swift.compiler (in target 'FamilienplanerWatch' from project 'Familienplaner')
    cd /Users/runner/work/familienplaner/familienplaner
    builtin-Swift-Compilation -- /Applications/Xcode_26.6.app/Contents/Developer/Toolchains/XcodeDefault.xctoolchain/usr/bin/swiftc -module-name FamilienplanerWatch -Onone @/Users/runner/Library/Developer/Xcode/DerivedData/Familienplaner-dmcrrzfthkjbwogvslwbznxtcpok/Build/Intermediates.noindex/Familienplaner.build/Debug-watchsimulator/FamilienplanerWatch.build/Objects-normal/x86_64/FamilienplanerWatch.SwiftFileList -DDEBUG -enable-bare-slash-regex -enable-experimental-feature DebugDescriptionMacro -sdk /Applications/Xcode_26.6.app/Contents/Developer/Platforms/WatchSimulator.platform/Developer/SDKs/WatchSimulator26.5.sdk -target x86_64-apple-watchos26.0-simulator -g -module-cache-path /Users/runner/Library/Developer/Xcode/DerivedData/ModuleCache.noindex -Xfrontend -serialize-debugging-options -profile-coverage-mapping -profile-generate -enable-testing -index-store-path /Users/runner/Library/Developer/Xcode/DerivedData/Familienplaner-dmcrrzfthkjbwogvslwbznxtcpok/Index.noindex/DataStore -Xcc -D_LIBCPP_HARDENING_MODE\=_LIBCPP_HARDENING_MODE_DEBUG -swift-version 5 -I /Users/runner/Library/Developer/Xcode/DerivedData/Familienplaner-dmcrrzfthkjbwogvslwbznxtcpok/Build/Products/Debug-watchsimulator -F /Users/runner/Library/Developer/Xcode/DerivedData/Familienplaner-dmcrrzfthkjbwogvslwbznxtcpok/Build/Products/Debug-watchsimulator -c -j3 -enable-batch-mode -incremental -Xcc -ivfsstatcache -Xcc /Users/runner/Library/Developer/Xcode/DerivedData/SDKStatCaches.noindex/watchsimulator26.5-23T570-688ef53f1462e2c8f657fdc38a81448f4ff5b3021fd2b02f145790f94936b2db.sdkstatcache -output-file-map /Users/runner/Library/Developer/Xcode/DerivedData/Familienplaner-dmcrrzfthkjbwogvslwbznxtcpok/Build/Intermediates.noindex/Familienplaner.build/Debug-watchsimulator/FamilienplanerWatch.build/Objects-normal/x86_64/FamilienplanerWatch-OutputFileMap.json -use-frontend-parseable-output -save-temps -no-color-diagnostics -explicit-module-build -module-cache-path /Users/runner/Library/Developer/Xcode/DerivedData/Familienplaner-dmcrrzfthkjbwogvslwbznxtcpok/Build/Intermediates.noindex/SwiftExplicitPrecompiledModules -clang-scanner-module-cache-path /Users/runner/Library/Developer/Xcode/DerivedData/ModuleCache.noindex -sdk-module-cache-path /Users/runner/Library/Developer/Xcode/DerivedData/ModuleCache.noindex -serialize-diagnostics -emit-dependencies -emit-module -emit-module-path /Users/runner/Library/Developer/Xcode/DerivedData/Familienplaner-dmcrrzfthkjbwogvslwbznxtcpok/Build/Intermediates.noindex/Familienplaner.build/Debug-watchsimulator/FamilienplanerWatch.build/Objects-normal/x86_64/FamilienplanerWatch.swiftmodule -validate-clang-modules-once -clang-build-session-file /Users/runner/Library/Developer/Xcode/DerivedData/ModuleCache.noindex/Session.modulevalidation -Xcc -I/Users/runner/Library/Developer/Xcode/DerivedData/Familienplaner-dmcrrzfthkjbwogvslwbznxtcpok/Build/Intermediates.noindex/Familienplaner.build/Debug-watchsimulator/FamilienplanerWatch.build/swift-overrides.hmap -emit-const-values -Xfrontend -const-gather-protocols-file -Xfrontend /Users/runner/Library/Developer/Xcode/DerivedData/Familienplaner-dmcrrzfthkjbwogvslwbznxtcpok/Build/Intermediates.noindex/Familienplaner.build/Debug-watchsimulator/FamilienplanerWatch.build/Objects-normal/x86_64/FamilienplanerWatch_const_extract_protocols.json -Xcc -iquote -Xcc /Users/runner/Library/Developer/Xcode/DerivedData/Familienplaner-dmcrrzfthkjbwogvslwbznxtcpok/Build/Intermediates.noindex/Familienplaner.build/Debug-watchsimulator/FamilienplanerWatch.build/FamilienplanerWatch-generated-files.hmap -Xcc -I/Users/runner/Library/Developer/Xcode/DerivedData/Familienplaner-dmcrrzfthkjbwogvslwbznxtcpok/Build/Intermediates.noindex/Familienplaner.build/Debug-watchsimulator/FamilienplanerWatch.build/FamilienplanerWatch-own-target-headers.hmap -Xcc -I/Users/runner/Library/Developer/Xcode/DerivedData/Familienplaner-dmcrrzfthkjbwogvslwbznxtcpok/Build/Intermediates.noindex/Familienplaner.build/Debug-watchsimulator/FamilienplanerWatch.build/FamilienplanerWatch-all-target-headers.hmap -Xcc -iquote -Xcc /Users/runner/Library/Developer/Xcode/DerivedData/Familienplaner-dmcrrzfthkjbwogvslwbznxtcpok/Build/Intermediates.noindex/Familienplaner.build/Debug-watchsimulator/FamilienplanerWatch.build/FamilienplanerWatch-project-headers.hmap -Xcc -I/Users/runner/Library/Developer/Xcode/DerivedData/Familienplaner-dmcrrzfthkjbwogvslwbznxtcpok/Build/Products/Debug-watchsimulator/include -Xcc -I/Users/runner/Library/Developer/Xcode/DerivedData/Familienplaner-dmcrrzfthkjbwogvslwbznxtcpok/Build/Intermediates.noindex/Familienplaner.build/Debug-watchsimulator/FamilienplanerWatch.build/DerivedSources-normal/x86_64 -Xcc -I/Users/runner/Library/Developer/Xcode/DerivedData/Familienplaner-dmcrrzfthkjbwogvslwbznxtcpok/Build/Intermediates.noindex/Familienplaner.build/Debug-watchsimulator/FamilienplanerWatch.build/DerivedSources/x86_64 -Xcc -I/Users/runner/Library/Developer/Xcode/DerivedData/Familienplaner-dmcrrzfthkjbwogvslwbznxtcpok/Build/Intermediates.noindex/Familienplaner.build/Debug-watchsimulator/FamilienplanerWatch.build/DerivedSources -Xcc -DDEBUG\=1 -emit-objc-header -emit-objc-header-path /Users/runner/Library/Developer/Xcode/DerivedData/Familienplaner-dmcrrzfthkjbwogvslwbznxtcpok/Build/Intermediates.noindex/Familienplaner.build/Debug-watchsimulator/FamilienplanerWatch.build/Objects-normal/x86_64/FamilienplanerWatch-Swift.h -working-directory /Users/runner/work/familienplaner/familienplaner -experimental-emit-module-separately -disable-cmo

Ld /Users/runner/Library/Developer/Xcode/DerivedData/Familienplaner-dmcrrzfthkjbwogvslwbznxtcpok/Build/Intermediates.noindex/Familienplaner.build/Debug-watchsimulator/FamilienplanerWatch.build/Objects-normal/x86_64/Binary/FamilienplanerWatch.debug.dylib normal x86_64 (in target 'FamilienplanerWatch' from project 'Familienplaner')
    cd /Users/runner/work/familienplaner/familienplaner
    /Applications/Xcode_26.6.app/Contents/Developer/Toolchains/XcodeDefault.xctoolchain/usr/bin/clang -Xlinker -reproducible -target x86_64-apple-watchos26.0-simulator -dynamiclib -isysroot /Applications/Xcode_26.6.app/Contents/Developer/Platforms/WatchSimulator.platform/Developer/SDKs/WatchSimulator26.5.sdk -O0 -L/Users/runner/Library/Developer/Xcode/DerivedData/Familienplaner-dmcrrzfthkjbwogvslwbznxtcpok/Build/Intermediates.noindex/EagerLinkingTBDs/Debug-watchsimulator -L/Users/runner/Library/Developer/Xcode/DerivedData/Familienplaner-dmcrrzfthkjbwogvslwbznxtcpok/Build/Products/Debug-watchsimulator -F/Users/runner/Library/Developer/Xcode/DerivedData/Familienplaner-dmcrrzfthkjbwogvslwbznxtcpok/Build/Intermediates.noindex/EagerLinkingTBDs/Debug-watchsimulator -F/Users/runner/Library/Developer/Xcode/DerivedData/Familienplaner-dmcrrzfthkjbwogvslwbznxtcpok/Build/Products/Debug-watchsimulator -filelist /Users/runner/Library/Developer/Xcode/DerivedData/Familienplaner-dmcrrzfthkjbwogvslwbznxtcpok/Build/Intermediates.noindex/Familienplaner.build/Debug-watchsimulator/FamilienplanerWatch.build/Objects-normal/x86_64/FamilienplanerWatch.LinkFileList -install_name @rpath/FamilienplanerWatch.debug.dylib -Xlinker -dead_strip -Xlinker -object_path_lto -Xlinker /Users/runner/Library/Developer/Xcode/DerivedData/Familienplaner-dmcrrzfthkjbwogvslwbznxtcpok/Build/Intermediates.noindex/Familienplaner.build/Debug-watchsimulator/FamilienplanerWatch.build/Objects-normal/x86_64/FamilienplanerWatch_lto.o -rdynamic -Xlinker -no_deduplicate -Xlinker -objc_abi_version -Xlinker 2 -Xlinker -debug_variant -Xlinker -dependency_info -Xlinker /Users/runner/Library/Developer/Xcode/DerivedData/Familienplaner-dmcrrzfthkjbwogvslwbznxtcpok/Build/Intermediates.noindex/Familienplaner.build/Debug-watchsimulator/FamilienplanerWatch.build/Objects-normal/x86_64/FamilienplanerWatch_dependency_info.dat -fobjc-link-runtime -fprofile-instr-generate -L/Applications/Xcode_26.6.app/Contents/Developer/Toolchains/XcodeDefault.xctoolchain/usr/lib/swift/watchsimulator -L/usr/lib/swift -Xlinker -add_ast_path -Xlinker /Users/runner/Library/Developer/Xcode/DerivedData/Familienplaner-dmcrrzfthkjbwogvslwbznxtcpok/Build/Intermediates.noindex/Familienplaner.build/Debug-watchsimulator/FamilienplanerWatch.build/Objects-normal/x86_64/FamilienplanerWatch.swiftmodule @/Users/runner/Library/Developer/Xcode/DerivedData/Familienplaner-dmcrrzfthkjbwogvslwbznxtcpok/Build/Intermediates.noindex/Familienplaner.build/Debug-watchsimulator/FamilienplanerWatch.build/Objects-normal/x86_64/FamilienplanerWatch-linker-args.resp -Xlinker -alias -Xlinker _main -Xlinker ___debug_main_executable_dylib_entry_point -o /Users/runner/Library/Developer/Xcode/DerivedData/Familienplaner-dmcrrzfthkjbwogvslwbznxtcpok/Build/Intermediates.noindex/Familienplaner.build/Debug-watchsimulator/FamilienplanerWatch.build/Objects-normal/x86_64/Binary/FamilienplanerWatch.debug.dylib

SwiftDriverJobDiscovery normal arm64 Compiling WidgetBridge.swift, GeneratedAssetSymbols.swift (in target 'FamilienplanerWatch' from project 'Familienplaner')

SwiftDriver\ Compilation FamilienplanerWatch normal arm64 com.apple.xcode.tools.swift.compiler (in target 'FamilienplanerWatch' from project 'Familienplaner')
    cd /Users/runner/work/familienplaner/familienplaner
    builtin-Swift-Compilation -- /Applications/Xcode_26.6.app/Contents/Developer/Toolchains/XcodeDefault.xctoolchain/usr/bin/swiftc -module-name FamilienplanerWatch -Onone @/Users/runner/Library/Developer/Xcode/DerivedData/Familienplaner-dmcrrzfthkjbwogvslwbznxtcpok/Build/Intermediates.noindex/Familienplaner.build/Debug-watchsimulator/FamilienplanerWatch.build/Objects-normal/arm64/FamilienplanerWatch.SwiftFileList -DDEBUG -enable-bare-slash-regex -enable-experimental-feature DebugDescriptionMacro -sdk /Applications/Xcode_26.6.app/Contents/Developer/Platforms/WatchSimulator.platform/Developer/SDKs/WatchSimulator26.5.sdk -target arm64-apple-watchos26.0-simulator -g -module-cache-path /Users/runner/Library/Developer/Xcode/DerivedData/ModuleCache.noindex -Xfrontend -serialize-debugging-options -profile-coverage-mapping -profile-generate -enable-testing -index-store-path /Users/runner/Library/Developer/Xcode/DerivedData/Familienplaner-dmcrrzfthkjbwogvslwbznxtcpok/Index.noindex/DataStore -Xcc -D_LIBCPP_HARDENING_MODE\=_LIBCPP_HARDENING_MODE_DEBUG -swift-version 5 -I /Users/runner/Library/Developer/Xcode/DerivedData/Familienplaner-dmcrrzfthkjbwogvslwbznxtcpok/Build/Products/Debug-watchsimulator -F /Users/runner/Library/Developer/Xcode/DerivedData/Familienplaner-dmcrrzfthkjbwogvslwbznxtcpok/Build/Products/Debug-watchsimulator -c -j3 -enable-batch-mode -incremental -Xcc -ivfsstatcache -Xcc /Users/runner/Library/Developer/Xcode/DerivedData/SDKStatCaches.noindex/watchsimulator26.5-23T570-688ef53f1462e2c8f657fdc38a81448f4ff5b3021fd2b02f145790f94936b2db.sdkstatcache -output-file-map /Users/runner/Library/Developer/Xcode/DerivedData/Familienplaner-dmcrrzfthkjbwogvslwbznxtcpok/Build/Intermediates.noindex/Familienplaner.build/Debug-watchsimulator/FamilienplanerWatch.build/Objects-normal/arm64/FamilienplanerWatch-OutputFileMap.json -use-frontend-parseable-output -save-temps -no-color-diagnostics -explicit-module-build -module-cache-path /Users/runner/Library/Developer/Xcode/DerivedData/Familienplaner-dmcrrzfthkjbwogvslwbznxtcpok/Build/Intermediates.noindex/SwiftExplicitPrecompiledModules -clang-scanner-module-cache-path /Users/runner/Library/Developer/Xcode/DerivedData/ModuleCache.noindex -sdk-module-cache-path /Users/runner/Library/Developer/Xcode/DerivedData/ModuleCache.noindex -serialize-diagnostics -emit-dependencies -emit-module -emit-module-path /Users/runner/Library/Developer/Xcode/DerivedData/Familienplaner-dmcrrzfthkjbwogvslwbznxtcpok/Build/Intermediates.noindex/Familienplaner.build/Debug-watchsimulator/FamilienplanerWatch.build/Objects-normal/arm64/FamilienplanerWatch.swiftmodule -validate-clang-modules-once -clang-build-session-file /Users/runner/Library/Developer/Xcode/DerivedData/ModuleCache.noindex/Session.modulevalidation -Xcc -I/Users/runner/Library/Developer/Xcode/DerivedData/Familienplaner-dmcrrzfthkjbwogvslwbznxtcpok/Build/Intermediates.noindex/Familienplaner.build/Debug-watchsimulator/FamilienplanerWatch.build/swift-overrides.hmap -emit-const-values -Xfrontend -const-gather-protocols-file -Xfrontend /Users/runner/Library/Developer/Xcode/DerivedData/Familienplaner-dmcrrzfthkjbwogvslwbznxtcpok/Build/Intermediates.noindex/Familienplaner.build/Debug-watchsimulator/FamilienplanerWatch.build/Objects-normal/arm64/FamilienplanerWatch_const_extract_protocols.json -Xcc -iquote -Xcc /Users/runner/Library/Developer/Xcode/DerivedData/Familienplaner-dmcrrzfthkjbwogvslwbznxtcpok/Build/Intermediates.noindex/Familienplaner.build/Debug-watchsimulator/FamilienplanerWatch.build/FamilienplanerWatch-generated-files.hmap -Xcc -I/Users/runner/Library/Developer/Xcode/DerivedData/Familienplaner-dmcrrzfthkjbwogvslwbznxtcpok/Build/Intermediates.noindex/Familienplaner.build/Debug-watchsimulator/FamilienplanerWatch.build/FamilienplanerWatch-own-target-headers.hmap -Xcc -I/Users/runner/Library/Developer/Xcode/DerivedData/Familienplaner-dmcrrzfthkjbwogvslwbznxtcpok/Build/Intermediates.noindex/Familienplaner.build/Debug-watchsimulator/FamilienplanerWatch.build/FamilienplanerWatch-all-target-headers.hmap -Xcc -iquote -Xcc /Users/runner/Library/Developer/Xcode/DerivedData/Familienplaner-dmcrrzfthkjbwogvslwbznxtcpok/Build/Intermediates.noindex/Familienplaner.build/Debug-watchsimulator/FamilienplanerWatch.build/FamilienplanerWatch-project-headers.hmap -Xcc -I/Users/runner/Library/Developer/Xcode/DerivedData/Familienplaner-dmcrrzfthkjbwogvslwbznxtcpok/Build/Products/Debug-watchsimulator/include -Xcc -I/Users/runner/Library/Developer/Xcode/DerivedData/Familienplaner-dmcrrzfthkjbwogvslwbznxtcpok/Build/Intermediates.noindex/Familienplaner.build/Debug-watchsimulator/FamilienplanerWatch.build/DerivedSources-normal/arm64 -Xcc -I/Users/runner/Library/Developer/Xcode/DerivedData/Familienplaner-dmcrrzfthkjbwogvslwbznxtcpok/Build/Intermediates.noindex/Familienplaner.build/Debug-watchsimulator/FamilienplanerWatch.build/DerivedSources/arm64 -Xcc -I/Users/runner/Library/Developer/Xcode/DerivedData/Familienplaner-dmcrrzfthkjbwogvslwbznxtcpok/Build/Intermediates.noindex/Familienplaner.build/Debug-watchsimulator/FamilienplanerWatch.build/DerivedSources -Xcc -DDEBUG\=1 -emit-objc-header -emit-objc-header-path /Users/runner/Library/Developer/Xcode/DerivedData/Familienplaner-dmcrrzfthkjbwogvslwbznxtcpok/Build/Intermediates.noindex/Familienplaner.build/Debug-watchsimulator/FamilienplanerWatch.build/Objects-normal/arm64/FamilienplanerWatch-Swift.h -working-directory /Users/runner/work/familienplaner/familienplaner -experimental-emit-module-separately -disable-cmo

Ld /Users/runner/Library/Developer/Xcode/DerivedData/Familienplaner-dmcrrzfthkjbwogvslwbznxtcpok/Build/Intermediates.noindex/Familienplaner.build/Debug-watchsimulator/FamilienplanerWatch.build/Objects-normal/arm64/Binary/FamilienplanerWatch.debug.dylib normal arm64 (in target 'FamilienplanerWatch' from project 'Familienplaner')
    cd /Users/runner/work/familienplaner/familienplaner
    /Applications/Xcode_26.6.app/Contents/Developer/Toolchains/XcodeDefault.xctoolchain/usr/bin/clang -Xlinker -reproducible -target arm64-apple-watchos26.0-simulator -dynamiclib -isysroot /Applications/Xcode_26.6.app/Contents/Developer/Platforms/WatchSimulator.platform/Developer/SDKs/WatchSimulator26.5.sdk -O0 -L/Users/runner/Library/Developer/Xcode/DerivedData/Familienplaner-dmcrrzfthkjbwogvslwbznxtcpok/Build/Intermediates.noindex/EagerLinkingTBDs/Debug-watchsimulator -L/Users/runner/Library/Developer/Xcode/DerivedData/Familienplaner-dmcrrzfthkjbwogvslwbznxtcpok/Build/Products/Debug-watchsimulator -F/Users/runner/Library/Developer/Xcode/DerivedData/Familienplaner-dmcrrzfthkjbwogvslwbznxtcpok/Build/Intermediates.noindex/EagerLinkingTBDs/Debug-watchsimulator -F/Users/runner/Library/Developer/Xcode/DerivedData/Familienplaner-dmcrrzfthkjbwogvslwbznxtcpok/Build/Products/Debug-watchsimulator -filelist /Users/runner/Library/Developer/Xcode/DerivedData/Familienplaner-dmcrrzfthkjbwogvslwbznxtcpok/Build/Intermediates.noindex/Familienplaner.build/Debug-watchsimulator/FamilienplanerWatch.build/Objects-normal/arm64/FamilienplanerWatch.LinkFileList -install_name @rpath/FamilienplanerWatch.debug.dylib -Xlinker -dead_strip -Xlinker -object_path_lto -Xlinker /Users/runner/Library/Developer/Xcode/DerivedData/Familienplaner-dmcrrzfthkjbwogvslwbznxtcpok/Build/Intermediates.noindex/Familienplaner.build/Debug-watchsimulator/FamilienplanerWatch.build/Objects-normal/arm64/FamilienplanerWatch_lto.o -rdynamic -Xlinker -no_deduplicate -Xlinker -objc_abi_version -Xlinker 2 -Xlinker -debug_variant -Xlinker -dependency_info -Xlinker /Users/runner/Library/Developer/Xcode/DerivedData/Familienplaner-dmcrrzfthkjbwogvslwbznxtcpok/Build/Intermediates.noindex/Familienplaner.build/Debug-watchsimulator/FamilienplanerWatch.build/Objects-normal/arm64/FamilienplanerWatch_dependency_info.dat -fobjc-link-runtime -fprofile-instr-generate -L/Applications/Xcode_26.6.app/Contents/Developer/Toolchains/XcodeDefault.xctoolchain/usr/lib/swift/watchsimulator -L/usr/lib/swift -Xlinker -add_ast_path -Xlinker /Users/runner/Library/Developer/Xcode/DerivedData/Familienplaner-dmcrrzfthkjbwogvslwbznxtcpok/Build/Intermediates.noindex/Familienplaner.build/Debug-watchsimulator/FamilienplanerWatch.build/Objects-normal/arm64/FamilienplanerWatch.swiftmodule @/Users/runner/Library/Developer/Xcode/DerivedData/Familienplaner-dmcrrzfthkjbwogvslwbznxtcpok/Build/Intermediates.noindex/Familienplaner.build/Debug-watchsimulator/FamilienplanerWatch.build/Objects-normal/arm64/FamilienplanerWatch-linker-args.resp -Xlinker -alias -Xlinker _main -Xlinker ___debug_main_executable_dylib_entry_point -o /Users/runner/Library/Developer/Xcode/DerivedData/Familienplaner-dmcrrzfthkjbwogvslwbznxtcpok/Build/Intermediates.noindex/Familienplaner.build/Debug-watchsimulator/FamilienplanerWatch.build/Objects-normal/arm64/Binary/FamilienplanerWatch.debug.dylib

ConstructStubExecutorLinkFileList /Users/runner/Library/Developer/Xcode/DerivedData/Familienplaner-dmcrrzfthkjbwogvslwbznxtcpok/Build/Intermediates.noindex/Familienplaner.build/Debug-watchsimulator/FamilienplanerWatch.build/FamilienplanerWatch-ExecutorLinkFileList-normal-x86_64.txt (in target 'FamilienplanerWatch' from project 'Familienplaner')
    cd /Users/runner/work/familienplaner/familienplaner
    construct-stub-executor-link-file-list /Users/runner/Library/Developer/Xcode/DerivedData/Familienplaner-dmcrrzfthkjbwogvslwbznxtcpok/Build/Intermediates.noindex/Familienplaner.build/Debug-watchsimulator/FamilienplanerWatch.build/Objects-normal/x86_64/Binary/FamilienplanerWatch.debug.dylib /Applications/Xcode_26.6.app/Contents/Developer/Platforms/WatchSimulator.platform/Developer/usr/lib/libPreviewsJITStubExecutor_no_swift_entry_point.a /Applications/Xcode_26.6.app/Contents/Developer/Platforms/WatchSimulator.platform/Developer/usr/lib/libPreviewsJITStubExecutor.a --output /Users/runner/Library/Developer/Xcode/DerivedData/Familienplaner-dmcrrzfthkjbwogvslwbznxtcpok/Build/Intermediates.noindex/Familienplaner.build/Debug-watchsimulator/FamilienplanerWatch.build/FamilienplanerWatch-ExecutorLinkFileList-normal-x86_64.txt
note: Using stub executor library with Swift entry point. (in target 'FamilienplanerWatch' from project 'Familienplaner')

Ld /Users/runner/Library/Developer/Xcode/DerivedData/Familienplaner-dmcrrzfthkjbwogvslwbznxtcpok/Build/Intermediates.noindex/Familienplaner.build/Debug-watchsimulator/FamilienplanerWatch.build/Objects-normal/x86_64/Binary/FamilienplanerWatch normal x86_64 (in target 'FamilienplanerWatch' from project 'Familienplaner')
    cd /Users/runner/work/familienplaner/familienplaner
    /Applications/Xcode_26.6.app/Contents/Developer/Toolchains/XcodeDefault.xctoolchain/usr/bin/clang -Xlinker -reproducible -target x86_64-apple-watchos26.0-simulator -isysroot /Applications/Xcode_26.6.app/Contents/Developer/Platforms/WatchSimulator.platform/Developer/SDKs/WatchSimulator26.5.sdk -O0 -L/Users/runner/Library/Developer/Xcode/DerivedData/Familienplaner-dmcrrzfthkjbwogvslwbznxtcpok/Build/Products/Debug-watchsimulator -F/Users/runner/Library/Developer/Xcode/DerivedData/Familienplaner-dmcrrzfthkjbwogvslwbznxtcpok/Build/Products/Debug-watchsimulator -Xlinker -rpath -Xlinker @executable_path -rdynamic -Xlinker -no_deduplicate -Xlinker -objc_abi_version -Xlinker 2 -Xlinker -debug_variant -e ___debug_blank_executor_main -Xlinker -sectcreate -Xlinker __TEXT -Xlinker __debug_dylib -Xlinker /Users/runner/Library/Developer/Xcode/DerivedData/Familienplaner-dmcrrzfthkjbwogvslwbznxtcpok/Build/Intermediates.noindex/Familienplaner.build/Debug-watchsimulator/FamilienplanerWatch.build/FamilienplanerWatch-DebugDylibPath-normal-x86_64.txt -Xlinker -sectcreate -Xlinker __TEXT -Xlinker __debug_instlnm -Xlinker /Users/runner/Library/Developer/Xcode/DerivedData/Familienplaner-dmcrrzfthkjbwogvslwbznxtcpok/Build/Intermediates.noindex/Familienplaner.build/Debug-watchsimulator/FamilienplanerWatch.build/FamilienplanerWatch-DebugDylibInstallName-normal-x86_64.txt -Xlinker -filelist -Xlinker /Users/runner/Library/Developer/Xcode/DerivedData/Familienplaner-dmcrrzfthkjbwogvslwbznxtcpok/Build/Intermediates.noindex/Familienplaner.build/Debug-watchsimulator/FamilienplanerWatch.build/FamilienplanerWatch-ExecutorLinkFileList-normal-x86_64.txt /Users/runner/Library/Developer/Xcode/DerivedData/Familienplaner-dmcrrzfthkjbwogvslwbznxtcpok/Build/Intermediates.noindex/Familienplaner.build/Debug-watchsimulator/FamilienplanerWatch.build/Objects-normal/x86_64/Binary/FamilienplanerWatch.debug.dylib -o /Users/runner/Library/Developer/Xcode/DerivedData/Familienplaner-dmcrrzfthkjbwogvslwbznxtcpok/Build/Intermediates.noindex/Familienplaner.build/Debug-watchsimulator/FamilienplanerWatch.build/Objects-normal/x86_64/Binary/FamilienplanerWatch

MkDir /Users/runner/Library/Developer/Xcode/DerivedData/Familienplaner-dmcrrzfthkjbwogvslwbznxtcpok/Build/Intermediates.noindex/Familienplaner.build/Debug-iphonesimulator/Familienplaner.build/assetcatalog_output/unthinned (in target 'Familienplaner' from project 'Familienplaner')
    cd /Users/runner/work/familienplaner/familienplaner
    /bin/mkdir -p /Users/runner/Library/Developer/Xcode/DerivedData/Familienplaner-dmcrrzfthkjbwogvslwbznxtcpok/Build/Intermediates.noindex/Familienplaner.build/Debug-iphonesimulator/Familienplaner.build/assetcatalog_output/unthinned

MkDir /Users/runner/Library/Developer/Xcode/DerivedData/Familienplaner-dmcrrzfthkjbwogvslwbznxtcpok/Build/Intermediates.noindex/Familienplaner.build/Debug-iphonesimulator/Familienplaner.build/assetcatalog_output/thinned (in target 'Familienplaner' from project 'Familienplaner')
    cd /Users/runner/work/familienplaner/familienplaner
    /bin/mkdir -p /Users/runner/Library/Developer/Xcode/DerivedData/Familienplaner-dmcrrzfthkjbwogvslwbznxtcpok/Build/Intermediates.noindex/Familienplaner.build/Debug-iphonesimulator/Familienplaner.build/assetcatalog_output/thinned

GenerateAssetSymbols /Users/runner/work/familienplaner/familienplaner/Assets/Assets.xcassets (in target 'Familienplaner' from project 'Familienplaner')
    cd /Users/runner/work/familienplaner/familienplaner
    /Applications/Xcode_26.6.app/Contents/Developer/usr/bin/actool /Users/runner/work/familienplaner/familienplaner/Assets/Assets.xcassets --compile /Users/runner/Library/Developer/Xcode/DerivedData/Familienplaner-dmcrrzfthkjbwogvslwbznxtcpok/Build/Products/Debug-iphonesimulator/Familienplaner.app --output-format human-readable-text --notices --warnings --export-dependency-info /Users/runner/Library/Developer/Xcode/DerivedData/Familienplaner-dmcrrzfthkjbwogvslwbznxtcpok/Build/Intermediates.noindex/Familienplaner.build/Debug-iphonesimulator/Familienplaner.build/assetcatalog_dependencies --output-partial-info-plist /Users/runner/Library/Developer/Xcode/DerivedData/Familienplaner-dmcrrzfthkjbwogvslwbznxtcpok/Build/Intermediates.noindex/Familienplaner.build/Debug-iphonesimulator/Familienplaner.build/assetcatalog_generated_info.plist --app-icon AppIcon --compress-pngs --enable-on-demand-resources YES --development-region en --target-device iphone --target-device ipad --minimum-deployment-target 26.0 --platform iphonesimulator --bundle-identifier de.barg.familienplaner --generate-swift-asset-symbol-extensions NO --generate-swift-asset-symbols /Users/runner/Library/Developer/Xcode/DerivedData/Familienplaner-dmcrrzfthkjbwogvslwbznxtcpok/Build/Intermediates.noindex/Familienplaner.build/Debug-iphonesimulator/Familienplaner.build/DerivedSources/GeneratedAssetSymbols.swift --generate-objc-asset-symbols /Users/runner/Library/Developer/Xcode/DerivedData/Familienplaner-dmcrrzfthkjbwogvslwbznxtcpok/Build/Intermediates.noindex/Familienplaner.build/Debug-iphonesimulator/Familienplaner.build/DerivedSources/GeneratedAssetSymbols.h --generate-asset-symbol-index /Users/runner/Library/Developer/Xcode/DerivedData/Familienplaner-dmcrrzfthkjbwogvslwbznxtcpok/Build/Intermediates.noindex/Familienplaner.build/Debug-iphonesimulator/Familienplaner.build/DerivedSources/GeneratedAssetSymbols-Index.plist
/* com.apple.actool.compilation-results */
/Users/runner/Library/Developer/Xcode/DerivedData/Familienplaner-dmcrrzfthkjbwogvslwbznxtcpok/Build/Intermediates.noindex/Familienplaner.build/Debug-iphonesimulator/Familienplaner.build/DerivedSources/GeneratedAssetSymbols-Index.plist
/Users/runner/Library/Developer/Xcode/DerivedData/Familienplaner-dmcrrzfthkjbwogvslwbznxtcpok/Build/Intermediates.noindex/Familienplaner.build/Debug-iphonesimulator/Familienplaner.build/DerivedSources/GeneratedAssetSymbols.h
/Users/runner/Library/Developer/Xcode/DerivedData/Familienplaner-dmcrrzfthkjbwogvslwbznxtcpok/Build/Intermediates.noindex/Familienplaner.build/Debug-iphonesimulator/Familienplaner.build/DerivedSources/GeneratedAssetSymbols.swift


DataModelCompile /Users/runner/Library/Developer/Xcode/DerivedData/Familienplaner-dmcrrzfthkjbwogvslwbznxtcpok/Build/Products/Debug-iphonesimulator/Familienplaner.app/ /Users/runner/work/familienplaner/familienplaner/Sources/Persistence/Familienplaner.xcdatamodeld (in target 'Familienplaner' from project 'Familienplaner')
    cd /Users/runner/work/familienplaner/familienplaner
    /Applications/Xcode_26.6.app/Contents/Developer/usr/bin/momc --sdkroot /Applications/Xcode_26.6.app/Contents/Developer/Platforms/iPhoneSimulator.platform/Developer/SDKs/iPhoneSimulator26.5.sdk --iphonesimulator-deployment-target 26.0 --module Familienplaner /Users/runner/work/familienplaner/familienplaner/Sources/Persistence/Familienplaner.xcdatamodeld /Users/runner/Library/Developer/Xcode/DerivedData/Familienplaner-dmcrrzfthkjbwogvslwbznxtcpok/Build/Products/Debug-iphonesimulator/Familienplaner.app/
Familienplaner 2.xcdatamodel: note: Model Familienplaner 2 version checksum: ke/0xscLaqibj5+OJOmTfLMdl5SnySywvM6ZkO304+I=
Familienplaner.xcdatamodel: note: Model Familienplaner version checksum: lB0K8a7XK4RDMSxxxnB9iny6g7rs24av7RNm8kou/gA=

DataModelCodegen /Users/runner/work/familienplaner/familienplaner/Sources/Persistence/Familienplaner.xcdatamodeld (in target 'Familienplaner' from project 'Familienplaner')
    cd /Users/runner/work/familienplaner/familienplaner
    /Applications/Xcode_26.6.app/Contents/Developer/usr/bin/momc --action generate --swift-version 5.0 --sdkroot /Applications/Xcode_26.6.app/Contents/Developer/Platforms/iPhoneSimulator.platform/Developer/SDKs/iPhoneSimulator26.5.sdk --iphonesimulator-deployment-target 26.0 --module Familienplaner /Users/runner/work/familienplaner/familienplaner/Sources/Persistence/Familienplaner.xcdatamodeld /Users/runner/Library/Developer/Xcode/DerivedData/Familienplaner-dmcrrzfthkjbwogvslwbznxtcpok/Build/Intermediates.noindex/Familienplaner.build/Debug-iphonesimulator/Familienplaner.build/DerivedSources/CoreDataGenerated/Familienplaner

CreateUniversalBinary /Users/runner/Library/Developer/Xcode/DerivedData/Familienplaner-dmcrrzfthkjbwogvslwbznxtcpok/Build/Products/Debug-watchsimulator/FamilienplanerWatch.app/FamilienplanerWatch.debug.dylib normal arm64\ x86_64 (in target 'FamilienplanerWatch' from project 'Familienplaner')
    cd /Users/runner/work/familienplaner/familienplaner
    /Applications/Xcode_26.6.app/Contents/Developer/Toolchains/XcodeDefault.xctoolchain/usr/bin/lipo -create /Users/runner/Library/Developer/Xcode/DerivedData/Familienplaner-dmcrrzfthkjbwogvslwbznxtcpok/Build/Intermediates.noindex/Familienplaner.build/Debug-watchsimulator/FamilienplanerWatch.build/Objects-normal/arm64/Binary/FamilienplanerWatch.debug.dylib /Users/runner/Library/Developer/Xcode/DerivedData/Familienplaner-dmcrrzfthkjbwogvslwbznxtcpok/Build/Intermediates.noindex/Familienplaner.build/Debug-watchsimulator/FamilienplanerWatch.build/Objects-normal/x86_64/Binary/FamilienplanerWatch.debug.dylib -output /Users/runner/Library/Developer/Xcode/DerivedData/Familienplaner-dmcrrzfthkjbwogvslwbznxtcpok/Build/Products/Debug-watchsimulator/FamilienplanerWatch.app/FamilienplanerWatch.debug.dylib

ConstructStubExecutorLinkFileList /Users/runner/Library/Developer/Xcode/DerivedData/Familienplaner-dmcrrzfthkjbwogvslwbznxtcpok/Build/Intermediates.noindex/Familienplaner.build/Debug-watchsimulator/FamilienplanerWatch.build/FamilienplanerWatch-ExecutorLinkFileList-normal-arm64.txt (in target 'FamilienplanerWatch' from project 'Familienplaner')
    cd /Users/runner/work/familienplaner/familienplaner
    construct-stub-executor-link-file-list /Users/runner/Library/Developer/Xcode/DerivedData/Familienplaner-dmcrrzfthkjbwogvslwbznxtcpok/Build/Intermediates.noindex/Familienplaner.build/Debug-watchsimulator/FamilienplanerWatch.build/Objects-normal/arm64/Binary/FamilienplanerWatch.debug.dylib /Applications/Xcode_26.6.app/Contents/Developer/Platforms/WatchSimulator.platform/Developer/usr/lib/libPreviewsJITStubExecutor_no_swift_entry_point.a /Applications/Xcode_26.6.app/Contents/Developer/Platforms/WatchSimulator.platform/Developer/usr/lib/libPreviewsJITStubExecutor.a --output /Users/runner/Library/Developer/Xcode/DerivedData/Familienplaner-dmcrrzfthkjbwogvslwbznxtcpok/Build/Intermediates.noindex/Familienplaner.build/Debug-watchsimulator/FamilienplanerWatch.build/FamilienplanerWatch-ExecutorLinkFileList-normal-arm64.txt
note: Using stub executor library with Swift entry point. (in target 'FamilienplanerWatch' from project 'Familienplaner')

Ld /Users/runner/Library/Developer/Xcode/DerivedData/Familienplaner-dmcrrzfthkjbwogvslwbznxtcpok/Build/Intermediates.noindex/Familienplaner.build/Debug-watchsimulator/FamilienplanerWatch.build/Objects-normal/arm64/Binary/FamilienplanerWatch normal arm64 (in target 'FamilienplanerWatch' from project 'Familienplaner')
    cd /Users/runner/work/familienplaner/familienplaner
    /Applications/Xcode_26.6.app/Contents/Developer/Toolchains/XcodeDefault.xctoolchain/usr/bin/clang -Xlinker -reproducible -target arm64-apple-watchos26.0-simulator -isysroot /Applications/Xcode_26.6.app/Contents/Developer/Platforms/WatchSimulator.platform/Developer/SDKs/WatchSimulator26.5.sdk -O0 -L/Users/runner/Library/Developer/Xcode/DerivedData/Familienplaner-dmcrrzfthkjbwogvslwbznxtcpok/Build/Products/Debug-watchsimulator -F/Users/runner/Library/Developer/Xcode/DerivedData/Familienplaner-dmcrrzfthkjbwogvslwbznxtcpok/Build/Products/Debug-watchsimulator -Xlinker -rpath -Xlinker @executable_path -rdynamic -Xlinker -no_deduplicate -Xlinker -objc_abi_version -Xlinker 2 -Xlinker -debug_variant -e ___debug_blank_executor_main -Xlinker -sectcreate -Xlinker __TEXT -Xlinker __debug_dylib -Xlinker /Users/runner/Library/Developer/Xcode/DerivedData/Familienplaner-dmcrrzfthkjbwogvslwbznxtcpok/Build/Intermediates.noindex/Familienplaner.build/Debug-watchsimulator/FamilienplanerWatch.build/FamilienplanerWatch-DebugDylibPath-normal-arm64.txt -Xlinker -sectcreate -Xlinker __TEXT -Xlinker __debug_instlnm -Xlinker /Users/runner/Library/Developer/Xcode/DerivedData/Familienplaner-dmcrrzfthkjbwogvslwbznxtcpok/Build/Intermediates.noindex/Familienplaner.build/Debug-watchsimulator/FamilienplanerWatch.build/FamilienplanerWatch-DebugDylibInstallName-normal-arm64.txt -Xlinker -filelist -Xlinker /Users/runner/Library/Developer/Xcode/DerivedData/Familienplaner-dmcrrzfthkjbwogvslwbznxtcpok/Build/Intermediates.noindex/Familienplaner.build/Debug-watchsimulator/FamilienplanerWatch.build/FamilienplanerWatch-ExecutorLinkFileList-normal-arm64.txt /Users/runner/Library/Developer/Xcode/DerivedData/Familienplaner-dmcrrzfthkjbwogvslwbznxtcpok/Build/Intermediates.noindex/Familienplaner.build/Debug-watchsimulator/FamilienplanerWatch.build/Objects-normal/arm64/Binary/FamilienplanerWatch.debug.dylib -o /Users/runner/Library/Developer/Xcode/DerivedData/Familienplaner-dmcrrzfthkjbwogvslwbznxtcpok/Build/Intermediates.noindex/Familienplaner.build/Debug-watchsimulator/FamilienplanerWatch.build/Objects-normal/arm64/Binary/FamilienplanerWatch

CompileAssetCatalogVariant thinned /Users/runner/Library/Developer/Xcode/DerivedData/Familienplaner-dmcrrzfthkjbwogvslwbznxtcpok/Build/Products/Debug-iphonesimulator/Familienplaner.app /Users/runner/work/familienplaner/familienplaner/Assets/Assets.xcassets (in target 'Familienplaner' from project 'Familienplaner')
    cd /Users/runner/work/familienplaner/familienplaner
    /Applications/Xcode_26.6.app/Contents/Developer/usr/bin/actool /Users/runner/work/familienplaner/familienplaner/Assets/Assets.xcassets --compile /Users/runner/Library/Developer/Xcode/DerivedData/Familienplaner-dmcrrzfthkjbwogvslwbznxtcpok/Build/Intermediates.noindex/Familienplaner.build/Debug-iphonesimulator/Familienplaner.build/assetcatalog_output/thinned --output-format human-readable-text --notices --warnings --export-dependency-info /Users/runner/Library/Developer/Xcode/DerivedData/Familienplaner-dmcrrzfthkjbwogvslwbznxtcpok/Build/Intermediates.noindex/Familienplaner.build/Debug-iphonesimulator/Familienplaner.build/assetcatalog_dependencies_thinned --output-partial-info-plist /Users/runner/Library/Developer/Xcode/DerivedData/Familienplaner-dmcrrzfthkjbwogvslwbznxtcpok/Build/Intermediates.noindex/Familienplaner.build/Debug-iphonesimulator/Familienplaner.build/assetcatalog_generated_info.plist_thinned --app-icon AppIcon --compress-pngs --enable-on-demand-resources YES --filter-for-thinning-device-configuration iPhone18,2 --filter-for-device-os-version 26.5 --development-region en --target-device iphone --target-device ipad --minimum-deployment-target 26.0 --platform iphonesimulator
/* com.apple.actool.compilation-results */
/Users/runner/Library/Developer/Xcode/DerivedData/Familienplaner-dmcrrzfthkjbwogvslwbznxtcpok/Build/Intermediates.noindex/Familienplaner.build/Debug-iphonesimulator/Familienplaner.build/assetcatalog_generated_info.plist_thinned
/Users/runner/Library/Developer/Xcode/DerivedData/Familienplaner-dmcrrzfthkjbwogvslwbznxtcpok/Build/Intermediates.noindex/Familienplaner.build/Debug-iphonesimulator/Familienplaner.build/assetcatalog_output/thinned/AppIcon60x60@2x.png
/Users/runner/Library/Developer/Xcode/DerivedData/Familienplaner-dmcrrzfthkjbwogvslwbznxtcpok/Build/Intermediates.noindex/Familienplaner.build/Debug-iphonesimulator/Familienplaner.build/assetcatalog_output/thinned/AppIcon76x76@2x~ipad.png
/Users/runner/Library/Developer/Xcode/DerivedData/Familienplaner-dmcrrzfthkjbwogvslwbznxtcpok/Build/Intermediates.noindex/Familienplaner.build/Debug-iphonesimulator/Familienplaner.build/assetcatalog_output/thinned/Assets.car


CreateUniversalBinary /Users/runner/Library/Developer/Xcode/DerivedData/Familienplaner-dmcrrzfthkjbwogvslwbznxtcpok/Build/Products/Debug-watchsimulator/FamilienplanerWatch.app/FamilienplanerWatch normal arm64\ x86_64 (in target 'FamilienplanerWatch' from project 'Familienplaner')
    cd /Users/runner/work/familienplaner/familienplaner
    /Applications/Xcode_26.6.app/Contents/Developer/Toolchains/XcodeDefault.xctoolchain/usr/bin/lipo -create /Users/runner/Library/Developer/Xcode/DerivedData/Familienplaner-dmcrrzfthkjbwogvslwbznxtcpok/Build/Intermediates.noindex/Familienplaner.build/Debug-watchsimulator/FamilienplanerWatch.build/Objects-normal/arm64/Binary/FamilienplanerWatch /Users/runner/Library/Developer/Xcode/DerivedData/Familienplaner-dmcrrzfthkjbwogvslwbznxtcpok/Build/Intermediates.noindex/Familienplaner.build/Debug-watchsimulator/FamilienplanerWatch.build/Objects-normal/x86_64/Binary/FamilienplanerWatch -output /Users/runner/Library/Developer/Xcode/DerivedData/Familienplaner-dmcrrzfthkjbwogvslwbznxtcpok/Build/Products/Debug-watchsimulator/FamilienplanerWatch.app/FamilienplanerWatch

SwiftDriver Familienplaner normal arm64 com.apple.xcode.tools.swift.compiler (in target 'Familienplaner' from project 'Familienplaner')
    cd /Users/runner/work/familienplaner/familienplaner
    builtin-SwiftDriver -- /Applications/Xcode_26.6.app/Contents/Developer/Toolchains/XcodeDefault.xctoolchain/usr/bin/swiftc -module-name Familienplaner -Onone @/Users/runner/Library/Developer/Xcode/DerivedData/Familienplaner-dmcrrzfthkjbwogvslwbznxtcpok/Build/Intermediates.noindex/Familienplaner.build/Debug-iphonesimulator/Familienplaner.build/Objects-normal/arm64/Familienplaner.SwiftFileList -DDEBUG -enable-bare-slash-regex -enable-experimental-feature DebugDescriptionMacro -sdk /Applications/Xcode_26.6.app/Contents/Developer/Platforms/iPhoneSimulator.platform/Developer/SDKs/iPhoneSimulator26.5.sdk -target arm64-apple-ios26.0-simulator -g -module-cache-path /Users/runner/Library/Developer/Xcode/DerivedData/ModuleCache.noindex -Xfrontend -serialize-debugging-options -profile-coverage-mapping -profile-generate -enable-testing -index-store-path /Users/runner/Library/Developer/Xcode/DerivedData/Familienplaner-dmcrrzfthkjbwogvslwbznxtcpok/Index.noindex/DataStore -Xcc -D_LIBCPP_HARDENING_MODE\=_LIBCPP_HARDENING_MODE_DEBUG -swift-version 5 -I /Users/runner/Library/Developer/Xcode/DerivedData/Familienplaner-dmcrrzfthkjbwogvslwbznxtcpok/Build/Products/Debug-iphonesimulator -F /Users/runner/Library/Developer/Xcode/DerivedData/Familienplaner-dmcrrzfthkjbwogvslwbznxtcpok/Build/Products/Debug-iphonesimulator -c -j3 -enable-batch-mode -incremental -Xcc -ivfsstatcache -Xcc /Users/runner/Library/Developer/Xcode/DerivedData/SDKStatCaches.noindex/iphonesimulator26.5-23F81a-688ef53f1462e2c8f657fdc38a81448ff45c64a1807a658693f2a61704f17a36.sdkstatcache -output-file-map /Users/runner/Library/Developer/Xcode/DerivedData/Familienplaner-dmcrrzfthkjbwogvslwbznxtcpok/Build/Intermediates.noindex/Familienplaner.build/Debug-iphonesimulator/Familienplaner.build/Objects-normal/arm64/Familienplaner-OutputFileMap.json -use-frontend-parseable-output -save-temps -no-color-diagnostics -explicit-module-build -module-cache-path /Users/runner/Library/Developer/Xcode/DerivedData/Familienplaner-dmcrrzfthkjbwogvslwbznxtcpok/Build/Intermediates.noindex/SwiftExplicitPrecompiledModules -clang-scanner-module-cache-path /Users/runner/Library/Developer/Xcode/DerivedData/ModuleCache.noindex -sdk-module-cache-path /Users/runner/Library/Developer/Xcode/DerivedData/ModuleCache.noindex -serialize-diagnostics -emit-dependencies -emit-module -emit-module-path /Users/runner/Library/Developer/Xcode/DerivedData/Familienplaner-dmcrrzfthkjbwogvslwbznxtcpok/Build/Intermediates.noindex/Familienplaner.build/Debug-iphonesimulator/Familienplaner.build/Objects-normal/arm64/Familienplaner.swiftmodule -validate-clang-modules-once -clang-build-session-file /Users/runner/Library/Developer/Xcode/DerivedData/ModuleCache.noindex/Session.modulevalidation -Xcc -I/Users/runner/Library/Developer/Xcode/DerivedData/Familienplaner-dmcrrzfthkjbwogvslwbznxtcpok/Build/Intermediates.noindex/Familienplaner.build/Debug-iphonesimulator/Familienplaner.build/swift-overrides.hmap -emit-const-values -Xfrontend -const-gather-protocols-file -Xfrontend /Users/runner/Library/Developer/Xcode/DerivedData/Familienplaner-dmcrrzfthkjbwogvslwbznxtcpok/Build/Intermediates.noindex/Familienplaner.build/Debug-iphonesimulator/Familienplaner.build/Objects-normal/arm64/Familienplaner_const_extract_protocols.json -Xcc -iquote -Xcc /Users/runner/Library/Developer/Xcode/DerivedData/Familienplaner-dmcrrzfthkjbwogvslwbznxtcpok/Build/Intermediates.noindex/Familienplaner.build/Debug-iphonesimulator/Familienplaner.build/Familienplaner-generated-files.hmap -Xcc -I/Users/runner/Library/Developer/Xcode/DerivedData/Familienplaner-dmcrrzfthkjbwogvslwbznxtcpok/Build/Intermediates.noindex/Familienplaner.build/Debug-iphonesimulator/Familienplaner.build/Familienplaner-own-target-headers.hmap -Xcc -I/Users/runner/Library/Developer/Xcode/DerivedData/Familienplaner-dmcrrzfthkjbwogvslwbznxtcpok/Build/Intermediates.noindex/Familienplaner.build/Debug-iphonesimulator/Familienplaner.build/Familienplaner-all-target-headers.hmap -Xcc -iquote -Xcc /Users/runner/Library/Developer/Xcode/DerivedData/Familienplaner-dmcrrzfthkjbwogvslwbznxtcpok/Build/Intermediates.noindex/Familienplaner.build/Debug-iphonesimulator/Familienplaner.build/Familienplaner-project-headers.hmap -Xcc -I/Users/runner/Library/Developer/Xcode/DerivedData/Familienplaner-dmcrrzfthkjbwogvslwbznxtcpok/Build/Products/Debug-iphonesimulator/include -Xcc -I/Users/runner/Library/Developer/Xcode/DerivedData/Familienplaner-dmcrrzfthkjbwogvslwbznxtcpok/Build/Intermediates.noindex/Familienplaner.build/Debug-iphonesimulator/Familienplaner.build/DerivedSources-normal/arm64 -Xcc -I/Users/runner/Library/Developer/Xcode/DerivedData/Familienplaner-dmcrrzfthkjbwogvslwbznxtcpok/Build/Intermediates.noindex/Familienplaner.build/Debug-iphonesimulator/Familienplaner.build/DerivedSources/arm64 -Xcc -I/Users/runner/Library/Developer/Xcode/DerivedData/Familienplaner-dmcrrzfthkjbwogvslwbznxtcpok/Build/Intermediates.noindex/Familienplaner.build/Debug-iphonesimulator/Familienplaner.build/DerivedSources -Xcc -DDEBUG\=1 -emit-objc-header -emit-objc-header-path /Users/runner/Library/Developer/Xcode/DerivedData/Familienplaner-dmcrrzfthkjbwogvslwbznxtcpok/Build/Intermediates.noindex/Familienplaner.build/Debug-iphonesimulator/Familienplaner.build/Objects-normal/arm64/Familienplaner-Swift.h -working-directory /Users/runner/work/familienplaner/familienplaner -experimental-emit-module-separately -disable-cmo

SwiftExplicitDependencyGeneratePcm arm64 /Users/runner/Library/Developer/Xcode/DerivedData/ModuleCache.noindex/DeveloperToolsSupport-61KBSG06XH7JULTKC4JJAZYGU.pcm

SwiftExplicitDependencyGeneratePcm arm64 /Users/runner/Library/Developer/Xcode/DerivedData/ModuleCache.noindex/ActivityKit-6F04RT12A84FHSROHAF925RY7.pcm

SwiftExplicitDependencyGeneratePcm arm64 /Users/runner/Library/Developer/Xcode/DerivedData/ModuleCache.noindex/_Builtin_stdarg-20TTVJBLLUY68CTJF1YJ48AZH.pcm

SwiftExplicitDependencyGeneratePcm arm64 /Users/runner/Library/Developer/Xcode/DerivedData/ModuleCache.noindex/ptrauth-99KW7CKVZXSQOHY38O3KXSSTT.pcm

SwiftExplicitDependencyGeneratePcm arm64 /Users/runner/Library/Developer/Xcode/DerivedData/ModuleCache.noindex/_AvailabilityInternal-6DZPBQ1GDR5VQVTX2KC3CFZKH.pcm

SwiftExplicitDependencyGeneratePcm arm64 /Users/runner/Library/Developer/Xcode/DerivedData/ModuleCache.noindex/_Builtin_float-DRI87QHPGHDIV0UGRIVM1OVSM.pcm

SwiftExplicitDependencyGeneratePcm arm64 /Users/runner/Library/Developer/Xcode/DerivedData/ModuleCache.noindex/_Builtin_stddef-DWO58UINTQGF5NN6EL74ARD99.pcm

SwiftExplicitDependencyGeneratePcm arm64 /Users/runner/Library/Developer/Xcode/DerivedData/ModuleCache.noindex/ptrcheck-WAV18TPZUVHKV3LXIRAFLYN7.pcm

SwiftExplicitDependencyGeneratePcm arm64 /Users/runner/Library/Developer/Xcode/DerivedData/ModuleCache.noindex/SwiftShims-25GF3K3ZWSIY4T115Z2UEBZRL.pcm

SwiftExplicitDependencyGeneratePcm arm64 /Users/runner/Library/Developer/Xcode/DerivedData/ModuleCache.noindex/_DarwinFoundation1-ANGWZ3QPJMCIIRYDIFF6F0A2Q.pcm

SwiftExplicitDependencyGeneratePcm arm64 /Users/runner/Library/Developer/Xcode/DerivedData/ModuleCache.noindex/_Builtin_stdbool-BXY040X58V8IZOC6WDNJXHXCV.pcm

SwiftExplicitDependencyGeneratePcm arm64 /Users/runner/Library/Developer/Xcode/DerivedData/ModuleCache.noindex/_SwiftConcurrencyShims-4KKVRAVQYQHYK78482W4R7Y0E.pcm

SwiftExplicitDependencyGeneratePcm arm64 /Users/runner/Library/Developer/Xcode/DerivedData/ModuleCache.noindex/_Builtin_limits-AV62CHGU5T6PIMK4ZV6R4N1WH.pcm

SwiftExplicitDependencyGeneratePcm arm64 /Users/runner/Library/Developer/Xcode/DerivedData/ModuleCache.noindex/ExtensionFoundation-6628HWWV07UYCHL51SSUY6CVX.pcm

SwiftExplicitDependencyGeneratePcm arm64 /Users/runner/Library/Developer/Xcode/DerivedData/ModuleCache.noindex/_DarwinFoundation2-30EAKIEMLPFIAZ2LNB2G4ILWF.pcm

SwiftExplicitDependencyGeneratePcm arm64 /Users/runner/Library/Developer/Xcode/DerivedData/ModuleCache.noindex/_Builtin_tgmath-BJVZJINKJNFRZCMY9V2E2E98U.pcm

SwiftExplicitDependencyGeneratePcm arm64 /Users/runner/Library/Developer/Xcode/DerivedData/ModuleCache.noindex/_Builtin_stdint-A50XLKTB75Q7HJSX20NLCDUCC.pcm

SwiftExplicitDependencyGeneratePcm arm64 /Users/runner/Library/Developer/Xcode/DerivedData/ModuleCache.noindex/sys_types-3WFJB1QNQT9HFLHJI0FG7PKCY.pcm

SwiftExplicitDependencyGeneratePcm arm64 /Users/runner/Library/Developer/Xcode/DerivedData/ModuleCache.noindex/_Builtin_stdatomic-8PHN86WU604AYPILVOIQTNR65.pcm

SwiftExplicitDependencyGeneratePcm arm64 /Users/runner/Library/Developer/Xcode/DerivedData/ModuleCache.noindex/_DarwinFoundation3-6DD217POB8BARVOV9UQ89H754.pcm

SwiftExplicitDependencyGeneratePcm arm64 /Users/runner/Library/Developer/Xcode/DerivedData/ModuleCache.noindex/_Builtin_intrinsics-4KGL842L7V5UUL5DB22ZU9HDA.pcm

SwiftExplicitDependencyGeneratePcm arm64 /Users/runner/Library/Developer/Xcode/DerivedData/ModuleCache.noindex/_Builtin_inttypes-73EZH83H58MM24JFLUTCF3XBR.pcm

SwiftExplicitDependencyGeneratePcm arm64 /Users/runner/Library/Developer/Xcode/DerivedData/ModuleCache.noindex/simd-8GVFQ6R6BWGAURRZG38Y8OE1A.pcm

SwiftExplicitDependencyGeneratePcm arm64 /Users/runner/Library/Developer/Xcode/DerivedData/ModuleCache.noindex/Darwin-APF3C2ZN9FXR10PA1SRA3PO98.pcm

SwiftExplicitDependencyGeneratePcm arm64 /Users/runner/Library/Developer/Xcode/DerivedData/ModuleCache.noindex/Spatial-C7MHDB01YPJTHLBLLIQ7CMENC.pcm

SwiftExplicitDependencyGeneratePcm arm64 /Users/runner/Library/Developer/Xcode/DerivedData/ModuleCache.noindex/ObjectiveC-B802B6QK4BJJ63CGILBWI02OB.pcm

SwiftExplicitDependencyGeneratePcm arm64 /Users/runner/Library/Developer/Xcode/DerivedData/ModuleCache.noindex/MachO-EJV0RP6V75PXZFNOFMV7VU8RV.pcm

SwiftExplicitDependencyGeneratePcm arm64 /Users/runner/Library/Developer/Xcode/DerivedData/ModuleCache.noindex/os_object-AF02TD8G4ZEZ3GXQY1PH0FSNT.pcm

SwiftExplicitDependencyGeneratePcm arm64 /Users/runner/Library/Developer/Xcode/DerivedData/ModuleCache.noindex/os_workgroup-73NYE0NKG4RHX1UTM23RBIAWC.pcm

SwiftExplicitDependencyGeneratePcm arm64 /Users/runner/Library/Developer/Xcode/DerivedData/ModuleCache.noindex/Dispatch-3KN2919J4WK06BTC8UFCB42FN.pcm

SwiftExplicitDependencyGeneratePcm arm64 /Users/runner/Library/Developer/Xcode/DerivedData/ModuleCache.noindex/XPC-55NK3COZI48F3N2K2V8KFWCC1.pcm

SwiftExplicitDependencyGeneratePcm arm64 /Users/runner/Library/Developer/Xcode/DerivedData/ModuleCache.noindex/CoreFoundation-8O1NNKID9BZPZI1HHDYA9QSN8.pcm

SwiftExplicitDependencyGeneratePcm arm64 /Users/runner/Library/Developer/Xcode/DerivedData/ModuleCache.noindex/os-7HEU2P5Q9W31LMJ19ZXYYVXSS.pcm

SwiftExplicitDependencyGeneratePcm arm64 /Users/runner/Library/Developer/Xcode/DerivedData/ModuleCache.noindex/CFNetwork-2GF6GF914KIFQ38MZKXVA3J7I.pcm

SwiftExplicitDependencyGeneratePcm arm64 /Users/runner/Library/Developer/Xcode/DerivedData/ModuleCache.noindex/CoreGraphics-BLKTZREZS9TJL5Y3Y0V3MUFRO.pcm

SwiftExplicitDependencyGeneratePcm arm64 /Users/runner/Library/Developer/Xcode/DerivedData/ModuleCache.noindex/AddressBook-5B7E44PMHUQO9GGF0Z7HZN09M.pcm

SwiftExplicitDependencyGeneratePcm arm64 /Users/runner/Library/Developer/Xcode/DerivedData/ModuleCache.noindex/ImageIO-1E2X9DD074CC95S3HN9D1IL5U.pcm

SwiftExplicitDependencyGeneratePcm arm64 /Users/runner/Library/Developer/Xcode/DerivedData/ModuleCache.noindex/CoreAudioTypes-637BIT0GWSGA5EQD0W66BA81T.pcm

SwiftExplicitDependencyGeneratePcm arm64 /Users/runner/Library/Developer/Xcode/DerivedData/ModuleCache.noindex/CoreText-4EBQHS853T98K6ZTQTFX16U9I.pcm

SwiftExplicitDependencyGeneratePcm arm64 /Users/runner/Library/Developer/Xcode/DerivedData/ModuleCache.noindex/Security-95EHSFZOAPJ358UFK25YA3AQD.pcm

SwiftExplicitDependencyGeneratePcm arm64 /Users/runner/Library/Developer/Xcode/DerivedData/ModuleCache.noindex/CoreAudio-21VVU26L7MM8334C04KNQCELT.pcm

SwiftExplicitDependencyGeneratePcm arm64 /Users/runner/Library/Developer/Xcode/DerivedData/ModuleCache.noindex/Foundation-1PTEE9RGH68MBUWZNWKWC193Z.pcm

SwiftExplicitDependencyGeneratePcm arm64 /Users/runner/Library/Developer/Xcode/DerivedData/ModuleCache.noindex/dnssd-ADI1EP21JY0T7XPB85BID4OJU.pcm

SwiftExplicitDependencyGeneratePcm arm64 /Users/runner/Library/Developer/Xcode/DerivedData/ModuleCache.noindex/UIUtilities-DXFEK0IECSX8PAMNU2S9G0GGX.pcm

SwiftExplicitDependencyGeneratePcm arm64 /Users/runner/Library/Developer/Xcode/DerivedData/ModuleCache.noindex/UserNotifications-7P7MEL69A4HM1XOO31HBWLEPC.pcm

SwiftExplicitDependencyGeneratePcm arm64 /Users/runner/Library/Developer/Xcode/DerivedData/ModuleCache.noindex/WidgetKit-49EW0XDPGJQCM5CQ16SVAY3ES.pcm

SwiftExplicitDependencyGeneratePcm arm64 /Users/runner/Library/Developer/Xcode/DerivedData/ModuleCache.noindex/FileProvider-EV22JPVA1HLL2AQ1VKDPT5ACG.pcm

SwiftExplicitDependencyGeneratePcm arm64 /Users/runner/Library/Developer/Xcode/DerivedData/ModuleCache.noindex/CoreTransferable-ATYR50YZ8UXEMVZ0C414V2ATZ.pcm

SwiftExplicitDependencyGeneratePcm arm64 /Users/runner/Library/Developer/Xcode/DerivedData/ModuleCache.noindex/BackgroundTasks-8ZVMP0YEDFF3SYLZWRTCJEIJ1.pcm

SwiftExplicitDependencyGeneratePcm arm64 /Users/runner/Library/Developer/Xcode/DerivedData/ModuleCache.noindex/_LocationEssentials-6SZUXY6WL6IEM2CZVO7IXRBS0.pcm

SwiftExplicitDependencyGeneratePcm arm64 /Users/runner/Library/Developer/Xcode/DerivedData/ModuleCache.noindex/DataDetection-6SYUEZOG1HRAXQ176ZCACSYXQ.pcm

SwiftExplicitDependencyGeneratePcm arm64 /Users/runner/Library/Developer/Xcode/DerivedData/ModuleCache.noindex/RelevanceKit-A472B57E8S291WOY3DRJPXG1B.pcm

SwiftExplicitDependencyGeneratePcm arm64 /Users/runner/Library/Developer/Xcode/DerivedData/ModuleCache.noindex/NaturalLanguage-AADOXOXRZEFLCMYGMWXYMFGXZ.pcm

SwiftExplicitDependencyGeneratePcm arm64 /Users/runner/Library/Developer/Xcode/DerivedData/ModuleCache.noindex/IOSurface-97KA04QGQHV850AXUA05LMB58.pcm

SwiftExplicitDependencyGeneratePcm arm64 /Users/runner/Library/Developer/Xcode/DerivedData/ModuleCache.noindex/UniformTypeIdentifiers-47LTBOG29G6NM2EM2NGT5R1T6.pcm

SwiftExplicitDependencyGeneratePcm arm64 /Users/runner/Library/Developer/Xcode/DerivedData/ModuleCache.noindex/CoreData-8LDZC0X103VE8R8OBZTLG3OUC.pcm

SwiftExplicitDependencyGeneratePcm arm64 /Users/runner/Library/Developer/Xcode/DerivedData/ModuleCache.noindex/Accessibility-6RYZQOEO1N4UXHKDPKMT1D45A.pcm

SwiftExplicitDependencyGeneratePcm arm64 /Users/runner/Library/Developer/Xcode/DerivedData/ModuleCache.noindex/_CoreData_CloudKit-DXAP2LPN82OW9ZGKMN580P0EK.pcm

SwiftExplicitDependencyGeneratePcm arm64 /Users/runner/Library/Developer/Xcode/DerivedData/ModuleCache.noindex/Network-3QROYKFIEUE3JVAFUBCFX7VVQ.pcm

SwiftExplicitDependencyGeneratePcm arm64 /Users/runner/Library/Developer/Xcode/DerivedData/ModuleCache.noindex/Metal-CLJRFHE5G9CUUKBMXC13CSYDO.pcm

SwiftExplicitDependencyGeneratePcm arm64 /Users/runner/Library/Developer/Xcode/DerivedData/ModuleCache.noindex/AVRouting-6IUHQK6PODQOASO1EGIMDPHDN.pcm

SwiftExplicitDependencyGeneratePcm arm64 /Users/runner/Library/Developer/Xcode/DerivedData/ModuleCache.noindex/OpenGLES-4NKEV3L6CLUARBBYKZS70K8V.pcm

SwiftExplicitDependencyGeneratePcm arm64 /Users/runner/Library/Developer/Xcode/DerivedData/ModuleCache.noindex/WatchConnectivity-E6U8738L5J2XRV8PH9PBQQZGB.pcm

SwiftExplicitDependencyGeneratePcm arm64 /Users/runner/Library/Developer/Xcode/DerivedData/ModuleCache.noindex/CoreLocation-D6RCRQPC3SQ66OKL5NCC8WD0J.pcm

SwiftExplicitDependencyGeneratePcm arm64 /Users/runner/Library/Developer/Xcode/DerivedData/ModuleCache.noindex/Symbols-9GQ0YDSHLIVN04OWAYR6HDOHL.pcm

SwiftExplicitDependencyGeneratePcm arm64 /Users/runner/Library/Developer/Xcode/DerivedData/ModuleCache.noindex/CloudKit-C7NGZINAOV0G6N2CBLA4QW8M9.pcm

SwiftExplicitDependencyGeneratePcm arm64 /Users/runner/Library/Developer/Xcode/DerivedData/ModuleCache.noindex/OSLog-JELT6ZLAXSAQA917ROMIQAQD.pcm

SwiftExplicitDependencyGeneratePcm arm64 /Users/runner/Library/Developer/Xcode/DerivedData/ModuleCache.noindex/EventKit-8NFJ2A7G4UVSI4HXYDSM9ZHM1.pcm

SwiftExplicitDependencyGeneratePcm arm64 /Users/runner/Library/Developer/Xcode/DerivedData/ModuleCache.noindex/CoreMIDI-DO256TCQTO4OD7EXH3H3V9VBB.pcm

SwiftExplicitDependencyGeneratePcm arm64 /Users/runner/Library/Developer/Xcode/DerivedData/ModuleCache.noindex/CoreSpotlight-24LHOI2OWTQJPM4CRA95P63J0.pcm

SwiftExplicitDependencyGeneratePcm arm64 /Users/runner/Library/Developer/Xcode/DerivedData/ModuleCache.noindex/AudioToolbox-43UCAROOY1DHH69S9URSWB6UU.pcm

SwiftExplicitDependencyGeneratePcm arm64 /Users/runner/Library/Developer/Xcode/DerivedData/ModuleCache.noindex/AppIntents-5BPSNW9VJ4X0BU9A2L5SB7B9E.pcm

SwiftExplicitDependencyGeneratePcm arm64 /Users/runner/Library/Developer/Xcode/DerivedData/ModuleCache.noindex/CoreVideo-4QFECY7SPZQ1AQJAIUXCZ4GFZ.pcm

SwiftExplicitDependencyGeneratePcm arm64 /Users/runner/Library/Developer/Xcode/DerivedData/ModuleCache.noindex/Intents-4PG9D8IGGB9QSN6LLCH9KU80I.pcm

SwiftExplicitDependencyGeneratePcm arm64 /Users/runner/Library/Developer/Xcode/DerivedData/ModuleCache.noindex/QuartzCore-66AHQ13MM6PSTBWUZAIY7XCW9.pcm

SwiftExplicitDependencyGeneratePcm arm64 /Users/runner/Library/Developer/Xcode/DerivedData/ModuleCache.noindex/Accelerate-8X252BU9WEDRAQNB5AIERYWM7.pcm

SwiftExplicitDependencyGeneratePcm arm64 /Users/runner/Library/Developer/Xcode/DerivedData/ModuleCache.noindex/CoreMedia-9A9WQWD5EUDNBD0KA7LUK5Q0L.pcm

SwiftExplicitDependencyGeneratePcm arm64 /Users/runner/Library/Developer/Xcode/DerivedData/ModuleCache.noindex/CoreImage-2XOWYSEH6N8WXT2PHC5R1THSB.pcm

SwiftExplicitDependencyGeneratePcm arm64 /Users/runner/Library/Developer/Xcode/DerivedData/ModuleCache.noindex/MediaToolbox-PHW0Q1QIN1GMSG4K87OJRC6C.pcm

SwiftExplicitDependencyGeneratePcm arm64 /Users/runner/Library/Developer/Xcode/DerivedData/ModuleCache.noindex/UIKit-CVDQ4ZFZ3C09E3QHZA1IQWWUB.pcm

SwiftExplicitDependencyGeneratePcm arm64 /Users/runner/Library/Developer/Xcode/DerivedData/ModuleCache.noindex/AVFAudio-11D48A21UKXFZU81UJP6AGPIJ.pcm

SwiftExplicitDependencyGeneratePcm arm64 /Users/runner/Library/Developer/Xcode/DerivedData/ModuleCache.noindex/SwiftUI-21HO5GXGWMPI9BSAIULZAIM08.pcm

SwiftExplicitDependencyGeneratePcm arm64 /Users/runner/Library/Developer/Xcode/DerivedData/ModuleCache.noindex/AVFoundation-DT2WVBDKOTGISK0E7JKWE62FS.pcm

SwiftExplicitDependencyGeneratePcm arm64 /Users/runner/Library/Developer/Xcode/DerivedData/ModuleCache.noindex/CoreML-7QGS0PUTDLDF41VZ5MK4O5DXK.pcm

SwiftExplicitDependencyGeneratePcm arm64 /Users/runner/Library/Developer/Xcode/DerivedData/ModuleCache.noindex/Photos-3YP5ERM3T1XDWBXSTN5P98I6I.pcm

SwiftExplicitDependencyGeneratePcm arm64 /Users/runner/Library/Developer/Xcode/DerivedData/ModuleCache.noindex/Vision-EJ0LS1XE3ZUHZLTJC4NFEHA2E.pcm

SwiftExplicitDependencyGeneratePcm arm64 /Users/runner/Library/Developer/Xcode/DerivedData/ModuleCache.noindex/PhotosUI-CUXW3PBA1A7NL8V4FSUB5GXBV.pcm

SwiftExplicitDependencyGeneratePcm arm64 /Users/runner/Library/Developer/Xcode/DerivedData/ModuleCache.noindex/SwiftUICore-4XCD93VCTZTA0381JBAMF03NF.pcm

SwiftEmitModule normal arm64 Emitting\ module\ for\ Familienplaner (in target 'Familienplaner' from project 'Familienplaner')

EmitSwiftModule normal arm64 (in target 'Familienplaner' from project 'Familienplaner')
    cd /Users/runner/work/familienplaner/familienplaner
    

SwiftCompile normal arm64 Compiling\ WeekTimelineView.swift,\ WidgetBridge.swift,\ CDHousehold+CoreDataClass.swift,\ CDHousehold+CoreDataProperties.swift,\ CDMember+CoreDataClass.swift,\ CDMember+CoreDataProperties.swift,\ CDEvent+CoreDataClass.swift,\ CDEvent+CoreDataProperties.swift,\ CDEventParticipation+CoreDataClass.swift,\ CDEventParticipation+CoreDataProperties.swift,\ CDTag+CoreDataClass.swift,\ CDTag+CoreDataProperties.swift,\ CDSuggestionDraft+CoreDataClass.swift,\ CDSuggestionDraft+CoreDataProperties.swift,\ CDCalendarSource+CoreDataClass.swift,\ CDCalendarSource+CoreDataProperties.swift,\ CDLocalEventMirror+CoreDataClass.swift,\ CDLocalEventMirror+CoreDataProperties.swift,\ CDDeviceRegistration+CoreDataClass.swift,\ CDDeviceRegistration+CoreDataProperties.swift,\ Familienplaner+CoreDataModel.swift,\ GeneratedAssetSymbols.swift /Users/runner/work/familienplaner/familienplaner/Sources/Features/Week/WeekTimelineView.swift /Users/runner/work/familienplaner/familienplaner/Shared/WidgetBridge.swift /Users/runner/Library/Developer/Xcode/DerivedData/Familienplaner-dmcrrzfthkjbwogvslwbznxtcpok/Build/Intermediates.noindex/Familienplaner.build/Debug-iphonesimulator/Familienplaner.build/DerivedSources/CoreDataGenerated/Familienplaner/CDHousehold+CoreDataClass.swift /Users/runner/Library/Developer/Xcode/DerivedData/Familienplaner-dmcrrzfthkjbwogvslwbznxtcpok/Build/Intermediates.noindex/Familienplaner.build/Debug-iphonesimulator/Familienplaner.build/DerivedSources/CoreDataGenerated/Familienplaner/CDHousehold+CoreDataProperties.swift /Users/runner/Library/Developer/Xcode/DerivedData/Familienplaner-dmcrrzfthkjbwogvslwbznxtcpok/Build/Intermediates.noindex/Familienplaner.build/Debug-iphonesimulator/Familienplaner.build/DerivedSources/CoreDataGenerated/Familienplaner/CDMember+CoreDataClass.swift /Users/runner/Library/Developer/Xcode/DerivedData/Familienplaner-dmcrrzfthkjbwogvslwbznxtcpok/Build/Intermediates.noindex/Familienplaner.build/Debug-iphonesimulator/Familienplaner.build/DerivedSources/CoreDataGenerated/Familienplaner/CDMember+CoreDataProperties.swift /Users/runner/Library/Developer/Xcode/DerivedData/Familienplaner-dmcrrzfthkjbwogvslwbznxtcpok/Build/Intermediates.noindex/Familienplaner.build/Debug-iphonesimulator/Familienplaner.build/DerivedSources/CoreDataGenerated/Familienplaner/CDEvent+CoreDataClass.swift /Users/runner/Library/Developer/Xcode/DerivedData/Familienplaner-dmcrrzfthkjbwogvslwbznxtcpok/Build/Intermediates.noindex/Familienplaner.build/Debug-iphonesimulator/Familienplaner.build/DerivedSources/CoreDataGenerated/Familienplaner/CDEvent+CoreDataProperties.swift /Users/runner/Library/Developer/Xcode/DerivedData/Familienplaner-dmcrrzfthkjbwogvslwbznxtcpok/Build/Intermediates.noindex/Familienplaner.build/Debug-iphonesimulator/Familienplaner.build/DerivedSources/CoreDataGenerated/Familienplaner/CDEventParticipation+CoreDataClass.swift /Users/runner/Library/Developer/Xcode/DerivedData/Familienplaner-dmcrrzfthkjbwogvslwbznxtcpok/Build/Intermediates.noindex/Familienplaner.build/Debug-iphonesimulator/Familienplaner.build/DerivedSources/CoreDataGenerated/Familienplaner/CDEventParticipation+CoreDataProperties.swift /Users/runner/Library/Developer/Xcode/DerivedData/Familienplaner-dmcrrzfthkjbwogvslwbznxtcpok/Build/Intermediates.noindex/Familienplaner.build/Debug-iphonesimulator/Familienplaner.build/DerivedSources/CoreDataGenerated/Familienplaner/CDTag+CoreDataClass.swift /Users/runner/Library/Developer/Xcode/DerivedData/Familienplaner-dmcrrzfthkjbwogvslwbznxtcpok/Build/Intermediates.noindex/Familienplaner.build/Debug-iphonesimulator/Familienplaner.build/DerivedSources/CoreDataGenerated/Familienplaner/CDTag+CoreDataProperties.swift /Users/runner/Library/Developer/Xcode/DerivedData/Familienplaner-dmcrrzfthkjbwogvslwbznxtcpok/Build/Intermediates.noindex/Familienplaner.build/Debug-iphonesimulator/Familienplaner.build/DerivedSources/CoreDataGenerated/Familienplaner/CDSuggestionDraft+CoreDataClass.swift /Users/runner/Library/Developer/Xcode/DerivedData/Familienplaner-dmcrrzfthkjbwogvslwbznxtcpok/Build/Intermediates.noindex/Familienplaner.build/Debug-iphonesimulator/Familienplaner.build/DerivedSources/CoreDataGenerated/Familienplaner/CDSuggestionDraft+CoreDataProperties.swift /Users/runner/Library/Developer/Xcode/DerivedData/Familienplaner-dmcrrzfthkjbwogvslwbznxtcpok/Build/Intermediates.noindex/Familienplaner.build/Debug-iphonesimulator/Familienplaner.build/DerivedSources/CoreDataGenerated/Familienplaner/CDCalendarSource+CoreDataClass.swift /Users/runner/Library/Developer/Xcode/DerivedData/Familienplaner-dmcrrzfthkjbwogvslwbznxtcpok/Build/Intermediates.noindex/Familienplaner.build/Debug-iphonesimulator/Familienplaner.build/DerivedSources/CoreDataGenerated/Familienplaner/CDCalendarSource+CoreDataProperties.swift /Users/runner/Library/Developer/Xcode/DerivedData/Familienplaner-dmcrrzfthkjbwogvslwbznxtcpok/Build/Intermediates.noindex/Familienplaner.build/Debug-iphonesimulator/Familienplaner.build/DerivedSources/CoreDataGenerated/Familienplaner/CDLocalEventMirror+CoreDataClass.swift /Users/runner/Library/Developer/Xcode/DerivedData/Familienplaner-dmcrrzfthkjbwogvslwbznxtcpok/Build/Intermediates.noindex/Familienplaner.build/Debug-iphonesimulator/Familienplaner.build/DerivedSources/CoreDataGenerated/Familienplaner/CDLocalEventMirror+CoreDataProperties.swift /Users/runner/Library/Developer/Xcode/DerivedData/Familienplaner-dmcrrzfthkjbwogvslwbznxtcpok/Build/Intermediates.noindex/Familienplaner.build/Debug-iphonesimulator/Familienplaner.build/DerivedSources/CoreDataGenerated/Familienplaner/CDDeviceRegistration+CoreDataClass.swift /Users/runner/Library/Developer/Xcode/DerivedData/Familienplaner-dmcrrzfthkjbwogvslwbznxtcpok/Build/Intermediates.noindex/Familienplaner.build/Debug-iphonesimulator/Familienplaner.build/DerivedSources/CoreDataGenerated/Familienplaner/CDDeviceRegistration+CoreDataProperties.swift /Users/runner/Library/Developer/Xcode/DerivedData/Familienplaner-dmcrrzfthkjbwogvslwbznxtcpok/Build/Intermediates.noindex/Familienplaner.build/Debug-iphonesimulator/Familienplaner.build/DerivedSources/CoreDataGenerated/Familienplaner/Familienplaner+CoreDataModel.swift /Users/runner/Library/Developer/Xcode/DerivedData/Familienplaner-dmcrrzfthkjbwogvslwbznxtcpok/Build/Intermediates.noindex/Familienplaner.build/Debug-iphonesimulator/Familienplaner.build/DerivedSources/GeneratedAssetSymbols.swift (in target 'Familienplaner' from project 'Familienplaner')

SwiftCompile normal arm64 /Users/runner/work/familienplaner/familienplaner/Sources/Features/Week/WeekTimelineView.swift (in target 'Familienplaner' from project 'Familienplaner')
    cd /Users/runner/work/familienplaner/familienplaner
    

SwiftCompile normal arm64 /Users/runner/work/familienplaner/familienplaner/Shared/WidgetBridge.swift (in target 'Familienplaner' from project 'Familienplaner')
    cd /Users/runner/work/familienplaner/familienplaner
    

SwiftCompile normal arm64 /Users/runner/Library/Developer/Xcode/DerivedData/Familienplaner-dmcrrzfthkjbwogvslwbznxtcpok/Build/Intermediates.noindex/Familienplaner.build/Debug-iphonesimulator/Familienplaner.build/DerivedSources/CoreDataGenerated/Familienplaner/CDHousehold+CoreDataClass.swift (in target 'Familienplaner' from project 'Familienplaner')
    cd /Users/runner/work/familienplaner/familienplaner
    

SwiftCompile normal arm64 /Users/runner/Library/Developer/Xcode/DerivedData/Familienplaner-dmcrrzfthkjbwogvslwbznxtcpok/Build/Intermediates.noindex/Familienplaner.build/Debug-iphonesimulator/Familienplaner.build/DerivedSources/CoreDataGenerated/Familienplaner/CDHousehold+CoreDataProperties.swift (in target 'Familienplaner' from project 'Familienplaner')
    cd /Users/runner/work/familienplaner/familienplaner
    

SwiftCompile normal arm64 /Users/runner/Library/Developer/Xcode/DerivedData/Familienplaner-dmcrrzfthkjbwogvslwbznxtcpok/Build/Intermediates.noindex/Familienplaner.build/Debug-iphonesimulator/Familienplaner.build/DerivedSources/CoreDataGenerated/Familienplaner/CDMember+CoreDataClass.swift (in target 'Familienplaner' from project 'Familienplaner')
    cd /Users/runner/work/familienplaner/familienplaner
    

SwiftCompile normal arm64 /Users/runner/Library/Developer/Xcode/DerivedData/Familienplaner-dmcrrzfthkjbwogvslwbznxtcpok/Build/Intermediates.noindex/Familienplaner.build/Debug-iphonesimulator/Familienplaner.build/DerivedSources/CoreDataGenerated/Familienplaner/CDMember+CoreDataProperties.swift (in target 'Familienplaner' from project 'Familienplaner')
    cd /Users/runner/work/familienplaner/familienplaner
    

SwiftCompile normal arm64 /Users/runner/Library/Developer/Xcode/DerivedData/Familienplaner-dmcrrzfthkjbwogvslwbznxtcpok/Build/Intermediates.noindex/Familienplaner.build/Debug-iphonesimulator/Familienplaner.build/DerivedSources/CoreDataGenerated/Familienplaner/CDEvent+CoreDataClass.swift (in target 'Familienplaner' from project 'Familienplaner')
    cd /Users/runner/work/familienplaner/familienplaner
    

SwiftCompile normal arm64 /Users/runner/Library/Developer/Xcode/DerivedData/Familienplaner-dmcrrzfthkjbwogvslwbznxtcpok/Build/Intermediates.noindex/Familienplaner.build/Debug-iphonesimulator/Familienplaner.build/DerivedSources/CoreDataGenerated/Familienplaner/CDEvent+CoreDataProperties.swift (in target 'Familienplaner' from project 'Familienplaner')
    cd /Users/runner/work/familienplaner/familienplaner
    

SwiftCompile normal arm64 /Users/runner/Library/Developer/Xcode/DerivedData/Familienplaner-dmcrrzfthkjbwogvslwbznxtcpok/Build/Intermediates.noindex/Familienplaner.build/Debug-iphonesimulator/Familienplaner.build/DerivedSources/CoreDataGenerated/Familienplaner/CDEventParticipation+CoreDataClass.swift (in target 'Familienplaner' from project 'Familienplaner')
    cd /Users/runner/work/familienplaner/familienplaner
    

SwiftCompile normal arm64 /Users/runner/Library/Developer/Xcode/DerivedData/Familienplaner-dmcrrzfthkjbwogvslwbznxtcpok/Build/Intermediates.noindex/Familienplaner.build/Debug-iphonesimulator/Familienplaner.build/DerivedSources/CoreDataGenerated/Familienplaner/CDEventParticipation+CoreDataProperties.swift (in target 'Familienplaner' from project 'Familienplaner')
    cd /Users/runner/work/familienplaner/familienplaner
    

SwiftCompile normal arm64 /Users/runner/Library/Developer/Xcode/DerivedData/Familienplaner-dmcrrzfthkjbwogvslwbznxtcpok/Build/Intermediates.noindex/Familienplaner.build/Debug-iphonesimulator/Familienplaner.build/DerivedSources/CoreDataGenerated/Familienplaner/CDTag+CoreDataClass.swift (in target 'Familienplaner' from project 'Familienplaner')
    cd /Users/runner/work/familienplaner/familienplaner
    

SwiftCompile normal arm64 /Users/runner/Library/Developer/Xcode/DerivedData/Familienplaner-dmcrrzfthkjbwogvslwbznxtcpok/Build/Intermediates.noindex/Familienplaner.build/Debug-iphonesimulator/Familienplaner.build/DerivedSources/CoreDataGenerated/Familienplaner/CDTag+CoreDataProperties.swift (in target 'Familienplaner' from project 'Familienplaner')
    cd /Users/runner/work/familienplaner/familienplaner
    

SwiftCompile normal arm64 /Users/runner/Library/Developer/Xcode/DerivedData/Familienplaner-dmcrrzfthkjbwogvslwbznxtcpok/Build/Intermediates.noindex/Familienplaner.build/Debug-iphonesimulator/Familienplaner.build/DerivedSources/CoreDataGenerated/Familienplaner/CDSuggestionDraft+CoreDataClass.swift (in target 'Familienplaner' from project 'Familienplaner')
    cd /Users/runner/work/familienplaner/familienplaner
    

SwiftCompile normal arm64 /Users/runner/Library/Developer/Xcode/DerivedData/Familienplaner-dmcrrzfthkjbwogvslwbznxtcpok/Build/Intermediates.noindex/Familienplaner.build/Debug-iphonesimulator/Familienplaner.build/DerivedSources/CoreDataGenerated/Familienplaner/CDSuggestionDraft+CoreDataProperties.swift (in target 'Familienplaner' from project 'Familienplaner')
    cd /Users/runner/work/familienplaner/familienplaner
    

SwiftCompile normal arm64 /Users/runner/Library/Developer/Xcode/DerivedData/Familienplaner-dmcrrzfthkjbwogvslwbznxtcpok/Build/Intermediates.noindex/Familienplaner.build/Debug-iphonesimulator/Familienplaner.build/DerivedSources/CoreDataGenerated/Familienplaner/CDCalendarSource+CoreDataClass.swift (in target 'Familienplaner' from project 'Familienplaner')
    cd /Users/runner/work/familienplaner/familienplaner
    

SwiftCompile normal arm64 /Users/runner/Library/Developer/Xcode/DerivedData/Familienplaner-dmcrrzfthkjbwogvslwbznxtcpok/Build/Intermediates.noindex/Familienplaner.build/Debug-iphonesimulator/Familienplaner.build/DerivedSources/CoreDataGenerated/Familienplaner/CDCalendarSource+CoreDataProperties.swift (in target 'Familienplaner' from project 'Familienplaner')
    cd /Users/runner/work/familienplaner/familienplaner
    

SwiftCompile normal arm64 /Users/runner/Library/Developer/Xcode/DerivedData/Familienplaner-dmcrrzfthkjbwogvslwbznxtcpok/Build/Intermediates.noindex/Familienplaner.build/Debug-iphonesimulator/Familienplaner.build/DerivedSources/CoreDataGenerated/Familienplaner/CDLocalEventMirror+CoreDataClass.swift (in target 'Familienplaner' from project 'Familienplaner')
    cd /Users/runner/work/familienplaner/familienplaner
    

SwiftCompile normal arm64 /Users/runner/Library/Developer/Xcode/DerivedData/Familienplaner-dmcrrzfthkjbwogvslwbznxtcpok/Build/Intermediates.noindex/Familienplaner.build/Debug-iphonesimulator/Familienplaner.build/DerivedSources/CoreDataGenerated/Familienplaner/CDLocalEventMirror+CoreDataProperties.swift (in target 'Familienplaner' from project 'Familienplaner')
    cd /Users/runner/work/familienplaner/familienplaner
    

SwiftCompile normal arm64 /Users/runner/Library/Developer/Xcode/DerivedData/Familienplaner-dmcrrzfthkjbwogvslwbznxtcpok/Build/Intermediates.noindex/Familienplaner.build/Debug-iphonesimulator/Familienplaner.build/DerivedSources/CoreDataGenerated/Familienplaner/CDDeviceRegistration+CoreDataClass.swift (in target 'Familienplaner' from project 'Familienplaner')
    cd /Users/runner/work/familienplaner/familienplaner
    

SwiftCompile normal arm64 /Users/runner/Library/Developer/Xcode/DerivedData/Familienplaner-dmcrrzfthkjbwogvslwbznxtcpok/Build/Intermediates.noindex/Familienplaner.build/Debug-iphonesimulator/Familienplaner.build/DerivedSources/CoreDataGenerated/Familienplaner/CDDeviceRegistration+CoreDataProperties.swift (in target 'Familienplaner' from project 'Familienplaner')
    cd /Users/runner/work/familienplaner/familienplaner
    

SwiftCompile normal arm64 /Users/runner/Library/Developer/Xcode/DerivedData/Familienplaner-dmcrrzfthkjbwogvslwbznxtcpok/Build/Intermediates.noindex/Familienplaner.build/Debug-iphonesimulator/Familienplaner.build/DerivedSources/CoreDataGenerated/Familienplaner/Familienplaner+CoreDataModel.swift (in target 'Familienplaner' from project 'Familienplaner')
    cd /Users/runner/work/familienplaner/familienplaner
    

SwiftCompile normal arm64 /Users/runner/Library/Developer/Xcode/DerivedData/Familienplaner-dmcrrzfthkjbwogvslwbznxtcpok/Build/Intermediates.noindex/Familienplaner.build/Debug-iphonesimulator/Familienplaner.build/DerivedSources/GeneratedAssetSymbols.swift (in target 'Familienplaner' from project 'Familienplaner')
    cd /Users/runner/work/familienplaner/familienplaner
    

SwiftDriverJobDiscovery normal arm64 Emitting module for Familienplaner (in target 'Familienplaner' from project 'Familienplaner')

SwiftDriver\ Compilation\ Requirements Familienplaner normal arm64 com.apple.xcode.tools.swift.compiler (in target 'Familienplaner' from project 'Familienplaner')
    cd /Users/runner/work/familienplaner/familienplaner
    builtin-Swift-Compilation-Requirements -- /Applications/Xcode_26.6.app/Contents/Developer/Toolchains/XcodeDefault.xctoolchain/usr/bin/swiftc -module-name Familienplaner -Onone @/Users/runner/Library/Developer/Xcode/DerivedData/Familienplaner-dmcrrzfthkjbwogvslwbznxtcpok/Build/Intermediates.noindex/Familienplaner.build/Debug-iphonesimulator/Familienplaner.build/Objects-normal/arm64/Familienplaner.SwiftFileList -DDEBUG -enable-bare-slash-regex -enable-experimental-feature DebugDescriptionMacro -sdk /Applications/Xcode_26.6.app/Contents/Developer/Platforms/iPhoneSimulator.platform/Developer/SDKs/iPhoneSimulator26.5.sdk -target arm64-apple-ios26.0-simulator -g -module-cache-path /Users/runner/Library/Developer/Xcode/DerivedData/ModuleCache.noindex -Xfrontend -serialize-debugging-options -profile-coverage-mapping -profile-generate -enable-testing -index-store-path /Users/runner/Library/Developer/Xcode/DerivedData/Familienplaner-dmcrrzfthkjbwogvslwbznxtcpok/Index.noindex/DataStore -Xcc -D_LIBCPP_HARDENING_MODE\=_LIBCPP_HARDENING_MODE_DEBUG -swift-version 5 -I /Users/runner/Library/Developer/Xcode/DerivedData/Familienplaner-dmcrrzfthkjbwogvslwbznxtcpok/Build/Products/Debug-iphonesimulator -F /Users/runner/Library/Developer/Xcode/DerivedData/Familienplaner-dmcrrzfthkjbwogvslwbznxtcpok/Build/Products/Debug-iphonesimulator -c -j3 -enable-batch-mode -incremental -Xcc -ivfsstatcache -Xcc /Users/runner/Library/Developer/Xcode/DerivedData/SDKStatCaches.noindex/iphonesimulator26.5-23F81a-688ef53f1462e2c8f657fdc38a81448ff45c64a1807a658693f2a61704f17a36.sdkstatcache -output-file-map /Users/runner/Library/Developer/Xcode/DerivedData/Familienplaner-dmcrrzfthkjbwogvslwbznxtcpok/Build/Intermediates.noindex/Familienplaner.build/Debug-iphonesimulator/Familienplaner.build/Objects-normal/arm64/Familienplaner-OutputFileMap.json -use-frontend-parseable-output -save-temps -no-color-diagnostics -explicit-module-build -module-cache-path /Users/runner/Library/Developer/Xcode/DerivedData/Familienplaner-dmcrrzfthkjbwogvslwbznxtcpok/Build/Intermediates.noindex/SwiftExplicitPrecompiledModules -clang-scanner-module-cache-path /Users/runner/Library/Developer/Xcode/DerivedData/ModuleCache.noindex -sdk-module-cache-path /Users/runner/Library/Developer/Xcode/DerivedData/ModuleCache.noindex -serialize-diagnostics -emit-dependencies -emit-module -emit-module-path /Users/runner/Library/Developer/Xcode/DerivedData/Familienplaner-dmcrrzfthkjbwogvslwbznxtcpok/Build/Intermediates.noindex/Familienplaner.build/Debug-iphonesimulator/Familienplaner.build/Objects-normal/arm64/Familienplaner.swiftmodule -validate-clang-modules-once -clang-build-session-file /Users/runner/Library/Developer/Xcode/DerivedData/ModuleCache.noindex/Session.modulevalidation -Xcc -I/Users/runner/Library/Developer/Xcode/DerivedData/Familienplaner-dmcrrzfthkjbwogvslwbznxtcpok/Build/Intermediates.noindex/Familienplaner.build/Debug-iphonesimulator/Familienplaner.build/swift-overrides.hmap -emit-const-values -Xfrontend -const-gather-protocols-file -Xfrontend /Users/runner/Library/Developer/Xcode/DerivedData/Familienplaner-dmcrrzfthkjbwogvslwbznxtcpok/Build/Intermediates.noindex/Familienplaner.build/Debug-iphonesimulator/Familienplaner.build/Objects-normal/arm64/Familienplaner_const_extract_protocols.json -Xcc -iquote -Xcc /Users/runner/Library/Developer/Xcode/DerivedData/Familienplaner-dmcrrzfthkjbwogvslwbznxtcpok/Build/Intermediates.noindex/Familienplaner.build/Debug-iphonesimulator/Familienplaner.build/Familienplaner-generated-files.hmap -Xcc -I/Users/runner/Library/Developer/Xcode/DerivedData/Familienplaner-dmcrrzfthkjbwogvslwbznxtcpok/Build/Intermediates.noindex/Familienplaner.build/Debug-iphonesimulator/Familienplaner.build/Familienplaner-own-target-headers.hmap -Xcc -I/Users/runner/Library/Developer/Xcode/DerivedData/Familienplaner-dmcrrzfthkjbwogvslwbznxtcpok/Build/Intermediates.noindex/Familienplaner.build/Debug-iphonesimulator/Familienplaner.build/Familienplaner-all-target-headers.hmap -Xcc -iquote -Xcc /Users/runner/Library/Developer/Xcode/DerivedData/Familienplaner-dmcrrzfthkjbwogvslwbznxtcpok/Build/Intermediates.noindex/Familienplaner.build/Debug-iphonesimulator/Familienplaner.build/Familienplaner-project-headers.hmap -Xcc -I/Users/runner/Library/Developer/Xcode/DerivedData/Familienplaner-dmcrrzfthkjbwogvslwbznxtcpok/Build/Products/Debug-iphonesimulator/include -Xcc -I/Users/runner/Library/Developer/Xcode/DerivedData/Familienplaner-dmcrrzfthkjbwogvslwbznxtcpok/Build/Intermediates.noindex/Familienplaner.build/Debug-iphonesimulator/Familienplaner.build/DerivedSources-normal/arm64 -Xcc -I/Users/runner/Library/Developer/Xcode/DerivedData/Familienplaner-dmcrrzfthkjbwogvslwbznxtcpok/Build/Intermediates.noindex/Familienplaner.build/Debug-iphonesimulator/Familienplaner.build/DerivedSources/arm64 -Xcc -I/Users/runner/Library/Developer/Xcode/DerivedData/Familienplaner-dmcrrzfthkjbwogvslwbznxtcpok/Build/Intermediates.noindex/Familienplaner.build/Debug-iphonesimulator/Familienplaner.build/DerivedSources -Xcc -DDEBUG\=1 -emit-objc-header -emit-objc-header-path /Users/runner/Library/Developer/Xcode/DerivedData/Familienplaner-dmcrrzfthkjbwogvslwbznxtcpok/Build/Intermediates.noindex/Familienplaner.build/Debug-iphonesimulator/Familienplaner.build/Objects-normal/arm64/Familienplaner-Swift.h -working-directory /Users/runner/work/familienplaner/familienplaner -experimental-emit-module-separately -disable-cmo

SwiftDriverJobDiscovery normal arm64 Compiling WeekTimelineView.swift, WidgetBridge.swift, CDHousehold+CoreDataClass.swift, CDHousehold+CoreDataProperties.swift, CDMember+CoreDataClass.swift, CDMember+CoreDataProperties.swift, CDEvent+CoreDataClass.swift, CDEvent+CoreDataProperties.swift, CDEventParticipation+CoreDataClass.swift, CDEventParticipation+CoreDataProperties.swift, CDTag+CoreDataClass.swift, CDTag+CoreDataProperties.swift, CDSuggestionDraft+CoreDataClass.swift, CDSuggestionDraft+CoreDataProperties.swift, CDCalendarSource+CoreDataClass.swift, CDCalendarSource+CoreDataProperties.swift, CDLocalEventMirror+CoreDataClass.swift, CDLocalEventMirror+CoreDataProperties.swift, CDDeviceRegistration+CoreDataClass.swift, CDDeviceRegistration+CoreDataProperties.swift, Familienplaner+CoreDataModel.swift, GeneratedAssetSymbols.swift (in target 'Familienplaner' from project 'Familienplaner')

SwiftCompile normal arm64 Compiling\ MembersScreen.swift,\ MonthGridView.swift,\ OnboardingScreen.swift,\ PersistenceController.swift,\ ReminderService.swift,\ ReminderSettingsScreen.swift,\ ResponsibilitiesSheet.swift,\ SampleData.swift,\ SearchScreen.swift,\ SeriesService.swift,\ SetupScreen.swift,\ ShareAcceptance.swift,\ SharedInbox.swift,\ SharingService.swift,\ SuggestionExtractor.swift,\ SuggestionReviewScreen.swift,\ SuggestionService.swift,\ SyncStatus.swift,\ TestMode.swift,\ Theme.swift,\ TodayScreen.swift,\ WatchSnapshot.swift,\ WatchSyncService.swift /Users/runner/work/familienplaner/familienplaner/Sources/Features/Members/MembersScreen.swift /Users/runner/work/familienplaner/familienplaner/Sources/Features/Month/MonthGridView.swift /Users/runner/work/familienplaner/familienplaner/Sources/Features/Onboarding/OnboardingScreen.swift /Users/runner/work/familienplaner/familienplaner/Sources/Persistence/PersistenceController.swift /Users/runner/work/familienplaner/familienplaner/Sources/Reminders/ReminderService.swift /Users/runner/work/familienplaner/familienplaner/Sources/Reminders/ReminderSettingsScreen.swift /Users/runner/work/familienplaner/familienplaner/Sources/Features/Today/ResponsibilitiesSheet.swift /Users/runner/work/familienplaner/familienplaner/Sources/Features/Debug/SampleData.swift /Users/runner/work/familienplaner/familienplaner/Sources/Features/Search/SearchScreen.swift /Users/runner/work/familienplaner/familienplaner/Sources/Persistence/SeriesService.swift /Users/runner/work/familienplaner/familienplaner/Sources/Features/Setup/SetupScreen.swift /Users/runner/work/familienplaner/familienplaner/Sources/Sharing/ShareAcceptance.swift /Users/runner/work/familienplaner/familienplaner/Shared/SharedInbox.swift /Users/runner/work/familienplaner/familienplaner/Sources/Sharing/SharingService.swift /Users/runner/work/familienplaner/familienplaner/Sources/Suggestions/SuggestionExtractor.swift /Users/runner/work/familienplaner/familienplaner/Sources/Suggestions/SuggestionReviewScreen.swift /Users/runner/work/familienplaner/familienplaner/Sources/Suggestions/SuggestionService.swift /Users/runner/work/familienplaner/familienplaner/Sources/App/SyncStatus.swift /Users/runner/work/familienplaner/familienplaner/Sources/App/TestMode.swift /Users/runner/work/familienplaner/familienplaner/Sources/DesignSystem/Theme.swift /Users/runner/work/familienplaner/familienplaner/Sources/Features/Today/TodayScreen.swift /Users/runner/work/familienplaner/familienplaner/Shared/WatchSnapshot.swift /Users/runner/work/familienplaner/familienplaner/Sources/Watch/WatchSyncService.swift (in target 'Familienplaner' from project 'Familienplaner')

SwiftCompile normal arm64 /Users/runner/work/familienplaner/familienplaner/Sources/Features/Members/MembersScreen.swift (in target 'Familienplaner' from project 'Familienplaner')
    cd /Users/runner/work/familienplaner/familienplaner
    

SwiftCompile normal arm64 /Users/runner/work/familienplaner/familienplaner/Sources/Features/Month/MonthGridView.swift (in target 'Familienplaner' from project 'Familienplaner')
    cd /Users/runner/work/familienplaner/familienplaner
    

SwiftCompile normal arm64 /Users/runner/work/familienplaner/familienplaner/Sources/Features/Onboarding/OnboardingScreen.swift (in target 'Familienplaner' from project 'Familienplaner')
    cd /Users/runner/work/familienplaner/familienplaner
    

SwiftCompile normal arm64 /Users/runner/work/familienplaner/familienplaner/Sources/Persistence/PersistenceController.swift (in target 'Familienplaner' from project 'Familienplaner')
    cd /Users/runner/work/familienplaner/familienplaner
    

SwiftCompile normal arm64 /Users/runner/work/familienplaner/familienplaner/Sources/Reminders/ReminderService.swift (in target 'Familienplaner' from project 'Familienplaner')
    cd /Users/runner/work/familienplaner/familienplaner
    

SwiftCompile normal arm64 /Users/runner/work/familienplaner/familienplaner/Sources/Reminders/ReminderSettingsScreen.swift (in target 'Familienplaner' from project 'Familienplaner')
    cd /Users/runner/work/familienplaner/familienplaner
    

SwiftCompile normal arm64 /Users/runner/work/familienplaner/familienplaner/Sources/Features/Today/ResponsibilitiesSheet.swift (in target 'Familienplaner' from project 'Familienplaner')
    cd /Users/runner/work/familienplaner/familienplaner
    

SwiftCompile normal arm64 /Users/runner/work/familienplaner/familienplaner/Sources/Features/Debug/SampleData.swift (in target 'Familienplaner' from project 'Familienplaner')
    cd /Users/runner/work/familienplaner/familienplaner
    

SwiftCompile normal arm64 /Users/runner/work/familienplaner/familienplaner/Sources/Features/Search/SearchScreen.swift (in target 'Familienplaner' from project 'Familienplaner')
    cd /Users/runner/work/familienplaner/familienplaner
    

SwiftCompile normal arm64 /Users/runner/work/familienplaner/familienplaner/Sources/Persistence/SeriesService.swift (in target 'Familienplaner' from project 'Familienplaner')
    cd /Users/runner/work/familienplaner/familienplaner
    

SwiftCompile normal arm64 /Users/runner/work/familienplaner/familienplaner/Sources/Features/Setup/SetupScreen.swift (in target 'Familienplaner' from project 'Familienplaner')
    cd /Users/runner/work/familienplaner/familienplaner
    

SwiftCompile normal arm64 /Users/runner/work/familienplaner/familienplaner/Sources/Sharing/ShareAcceptance.swift (in target 'Familienplaner' from project 'Familienplaner')
    cd /Users/runner/work/familienplaner/familienplaner
    

SwiftCompile normal arm64 /Users/runner/work/familienplaner/familienplaner/Shared/SharedInbox.swift (in target 'Familienplaner' from project 'Familienplaner')
    cd /Users/runner/work/familienplaner/familienplaner
    

SwiftCompile normal arm64 /Users/runner/work/familienplaner/familienplaner/Sources/Sharing/SharingService.swift (in target 'Familienplaner' from project 'Familienplaner')
    cd /Users/runner/work/familienplaner/familienplaner
    

SwiftCompile normal arm64 /Users/runner/work/familienplaner/familienplaner/Sources/Suggestions/SuggestionExtractor.swift (in target 'Familienplaner' from project 'Familienplaner')
    cd /Users/runner/work/familienplaner/familienplaner
    

SwiftCompile normal arm64 /Users/runner/work/familienplaner/familienplaner/Sources/Suggestions/SuggestionReviewScreen.swift (in target 'Familienplaner' from project 'Familienplaner')
    cd /Users/runner/work/familienplaner/familienplaner
    

SwiftCompile normal arm64 /Users/runner/work/familienplaner/familienplaner/Sources/Suggestions/SuggestionService.swift (in target 'Familienplaner' from project 'Familienplaner')
    cd /Users/runner/work/familienplaner/familienplaner
    

SwiftCompile normal arm64 /Users/runner/work/familienplaner/familienplaner/Sources/App/SyncStatus.swift (in target 'Familienplaner' from project 'Familienplaner')
    cd /Users/runner/work/familienplaner/familienplaner
    

SwiftCompile normal arm64 /Users/runner/work/familienplaner/familienplaner/Sources/App/TestMode.swift (in target 'Familienplaner' from project 'Familienplaner')
    cd /Users/runner/work/familienplaner/familienplaner
    

SwiftCompile normal arm64 /Users/runner/work/familienplaner/familienplaner/Sources/DesignSystem/Theme.swift (in target 'Familienplaner' from project 'Familienplaner')
    cd /Users/runner/work/familienplaner/familienplaner
    

SwiftCompile normal arm64 /Users/runner/work/familienplaner/familienplaner/Sources/Features/Today/TodayScreen.swift (in target 'Familienplaner' from project 'Familienplaner')
    cd /Users/runner/work/familienplaner/familienplaner
    

SwiftCompile normal arm64 /Users/runner/work/familienplaner/familienplaner/Shared/WatchSnapshot.swift (in target 'Familienplaner' from project 'Familienplaner')
    cd /Users/runner/work/familienplaner/familienplaner
    

SwiftCompile normal arm64 /Users/runner/work/familienplaner/familienplaner/Sources/Watch/WatchSyncService.swift (in target 'Familienplaner' from project 'Familienplaner')
    cd /Users/runner/work/familienplaner/familienplaner
    

SwiftMergeGeneratedHeaders /Users/runner/Library/Developer/Xcode/DerivedData/Familienplaner-dmcrrzfthkjbwogvslwbznxtcpok/Build/Intermediates.noindex/Familienplaner.build/Debug-iphonesimulator/Familienplaner.build/DerivedSources/Familienplaner-Swift.h /Users/runner/Library/Developer/Xcode/DerivedData/Familienplaner-dmcrrzfthkjbwogvslwbznxtcpok/Build/Intermediates.noindex/Familienplaner.build/Debug-iphonesimulator/Familienplaner.build/Objects-normal/arm64/Familienplaner-Swift.h (in target 'Familienplaner' from project 'Familienplaner')
    cd /Users/runner/work/familienplaner/familienplaner
    builtin-swiftHeaderTool -arch arm64 /Users/runner/Library/Developer/Xcode/DerivedData/Familienplaner-dmcrrzfthkjbwogvslwbznxtcpok/Build/Intermediates.noindex/Familienplaner.build/Debug-iphonesimulator/Familienplaner.build/Objects-normal/arm64/Familienplaner-Swift.h -o /Users/runner/Library/Developer/Xcode/DerivedData/Familienplaner-dmcrrzfthkjbwogvslwbznxtcpok/Build/Intermediates.noindex/Familienplaner.build/Debug-iphonesimulator/Familienplaner.build/DerivedSources/Familienplaner-Swift.h

Copy /Users/runner/Library/Developer/Xcode/DerivedData/Familienplaner-dmcrrzfthkjbwogvslwbznxtcpok/Build/Products/Debug-iphonesimulator/Familienplaner.swiftmodule/arm64-apple-ios-simulator.swiftmodule /Users/runner/Library/Developer/Xcode/DerivedData/Familienplaner-dmcrrzfthkjbwogvslwbznxtcpok/Build/Intermediates.noindex/Familienplaner.build/Debug-iphonesimulator/Familienplaner.build/Objects-normal/arm64/Familienplaner.swiftmodule (in target 'Familienplaner' from project 'Familienplaner')
    cd /Users/runner/work/familienplaner/familienplaner
    builtin-copy -exclude .DS_Store -exclude CVS -exclude .svn -exclude .git -exclude .hg -resolve-src-symlinks -rename /Users/runner/Library/Developer/Xcode/DerivedData/Familienplaner-dmcrrzfthkjbwogvslwbznxtcpok/Build/Intermediates.noindex/Familienplaner.build/Debug-iphonesimulator/Familienplaner.build/Objects-normal/arm64/Familienplaner.swiftmodule /Users/runner/Library/Developer/Xcode/DerivedData/Familienplaner-dmcrrzfthkjbwogvslwbznxtcpok/Build/Products/Debug-iphonesimulator/Familienplaner.swiftmodule/arm64-apple-ios-simulator.swiftmodule

Copy /Users/runner/Library/Developer/Xcode/DerivedData/Familienplaner-dmcrrzfthkjbwogvslwbznxtcpok/Build/Products/Debug-iphonesimulator/Familienplaner.swiftmodule/arm64-apple-ios-simulator.swiftdoc /Users/runner/Library/Developer/Xcode/DerivedData/Familienplaner-dmcrrzfthkjbwogvslwbznxtcpok/Build/Intermediates.noindex/Familienplaner.build/Debug-iphonesimulator/Familienplaner.build/Objects-normal/arm64/Familienplaner.swiftdoc (in target 'Familienplaner' from project 'Familienplaner')
    cd /Users/runner/work/familienplaner/familienplaner
    builtin-copy -exclude .DS_Store -exclude CVS -exclude .svn -exclude .git -exclude .hg -resolve-src-symlinks -rename /Users/runner/Library/Developer/Xcode/DerivedData/Familienplaner-dmcrrzfthkjbwogvslwbznxtcpok/Build/Intermediates.noindex/Familienplaner.build/Debug-iphonesimulator/Familienplaner.build/Objects-normal/arm64/Familienplaner.swiftdoc /Users/runner/Library/Developer/Xcode/DerivedData/Familienplaner-dmcrrzfthkjbwogvslwbznxtcpok/Build/Products/Debug-iphonesimulator/Familienplaner.swiftmodule/arm64-apple-ios-simulator.swiftdoc

Copy /Users/runner/Library/Developer/Xcode/DerivedData/Familienplaner-dmcrrzfthkjbwogvslwbznxtcpok/Build/Products/Debug-iphonesimulator/Familienplaner.swiftmodule/arm64-apple-ios-simulator.abi.json /Users/runner/Library/Developer/Xcode/DerivedData/Familienplaner-dmcrrzfthkjbwogvslwbznxtcpok/Build/Intermediates.noindex/Familienplaner.build/Debug-iphonesimulator/Familienplaner.build/Objects-normal/arm64/Familienplaner.abi.json (in target 'Familienplaner' from project 'Familienplaner')
    cd /Users/runner/work/familienplaner/familienplaner
    builtin-copy -exclude .DS_Store -exclude CVS -exclude .svn -exclude .git -exclude .hg -resolve-src-symlinks -rename /Users/runner/Library/Developer/Xcode/DerivedData/Familienplaner-dmcrrzfthkjbwogvslwbznxtcpok/Build/Intermediates.noindex/Familienplaner.build/Debug-iphonesimulator/Familienplaner.build/Objects-normal/arm64/Familienplaner.abi.json /Users/runner/Library/Developer/Xcode/DerivedData/Familienplaner-dmcrrzfthkjbwogvslwbznxtcpok/Build/Products/Debug-iphonesimulator/Familienplaner.swiftmodule/arm64-apple-ios-simulator.abi.json

Copy /Users/runner/Library/Developer/Xcode/DerivedData/Familienplaner-dmcrrzfthkjbwogvslwbznxtcpok/Build/Products/Debug-iphonesimulator/Familienplaner.swiftmodule/Project/arm64-apple-ios-simulator.swiftsourceinfo /Users/runner/Library/Developer/Xcode/DerivedData/Familienplaner-dmcrrzfthkjbwogvslwbznxtcpok/Build/Intermediates.noindex/Familienplaner.build/Debug-iphonesimulator/Familienplaner.build/Objects-normal/arm64/Familienplaner.swiftsourceinfo (in target 'Familienplaner' from project 'Familienplaner')
    cd /Users/runner/work/familienplaner/familienplaner
    builtin-copy -exclude .DS_Store -exclude CVS -exclude .svn -exclude .git -exclude .hg -resolve-src-symlinks -rename /Users/runner/Library/Developer/Xcode/DerivedData/Familienplaner-dmcrrzfthkjbwogvslwbznxtcpok/Build/Intermediates.noindex/Familienplaner.build/Debug-iphonesimulator/Familienplaner.build/Objects-normal/arm64/Familienplaner.swiftsourceinfo /Users/runner/Library/Developer/Xcode/DerivedData/Familienplaner-dmcrrzfthkjbwogvslwbznxtcpok/Build/Products/Debug-iphonesimulator/Familienplaner.swiftmodule/Project/arm64-apple-ios-simulator.swiftsourceinfo

LinkAssetCatalog /Users/runner/work/familienplaner/familienplaner/Watch/Assets.xcassets (in target 'FamilienplanerWatch' from project 'Familienplaner')
    cd /Users/runner/work/familienplaner/familienplaner
    builtin-linkAssetCatalog --thinned /Users/runner/Library/Developer/Xcode/DerivedData/Familienplaner-dmcrrzfthkjbwogvslwbznxtcpok/Build/Intermediates.noindex/Familienplaner.build/Debug-watchsimulator/FamilienplanerWatch.build/assetcatalog_output/thinned --thinned-dependencies /Users/runner/Library/Developer/Xcode/DerivedData/Familienplaner-dmcrrzfthkjbwogvslwbznxtcpok/Build/Intermediates.noindex/Familienplaner.build/Debug-watchsimulator/FamilienplanerWatch.build/assetcatalog_dependencies_thinned --thinned-info-plist-content /Users/runner/Library/Developer/Xcode/DerivedData/Familienplaner-dmcrrzfthkjbwogvslwbznxtcpok/Build/Intermediates.noindex/Familienplaner.build/Debug-watchsimulator/FamilienplanerWatch.build/assetcatalog_generated_info.plist_thinned --unthinned /Users/runner/Library/Developer/Xcode/DerivedData/Familienplaner-dmcrrzfthkjbwogvslwbznxtcpok/Build/Intermediates.noindex/Familienplaner.build/Debug-watchsimulator/FamilienplanerWatch.build/assetcatalog_output/unthinned --unthinned-dependencies /Users/runner/Library/Developer/Xcode/DerivedData/Familienplaner-dmcrrzfthkjbwogvslwbznxtcpok/Build/Intermediates.noindex/Familienplaner.build/Debug-watchsimulator/FamilienplanerWatch.build/assetcatalog_dependencies_unthinned --unthinned-info-plist-content /Users/runner/Library/Developer/Xcode/DerivedData/Familienplaner-dmcrrzfthkjbwogvslwbznxtcpok/Build/Intermediates.noindex/Familienplaner.build/Debug-watchsimulator/FamilienplanerWatch.build/assetcatalog_generated_info.plist_unthinned --output /Users/runner/Library/Developer/Xcode/DerivedData/Familienplaner-dmcrrzfthkjbwogvslwbznxtcpok/Build/Products/Debug-watchsimulator/FamilienplanerWatch.app --plist-output /Users/runner/Library/Developer/Xcode/DerivedData/Familienplaner-dmcrrzfthkjbwogvslwbznxtcpok/Build/Intermediates.noindex/Familienplaner.build/Debug-watchsimulator/FamilienplanerWatch.build/assetcatalog_generated_info.plist
note: Emplaced /Users/runner/Library/Developer/Xcode/DerivedData/Familienplaner-dmcrrzfthkjbwogvslwbznxtcpok/Build/Products/Debug-watchsimulator/FamilienplanerWatch.app/Assets.car (in target 'FamilienplanerWatch' from project 'Familienplaner')

SwiftCompile normal arm64 Compiling\ AllDayStrip.swift,\ BackgroundSync.swift,\ CalendarExportService.swift,\ CalendarImportService.swift,\ CalendarSourcesScreen.swift,\ CameraPicker.swift,\ ClaimActions.swift,\ CurrentMember.swift,\ DayTimelineView.swift,\ DeviceRegistrationService.swift,\ Domain.swift,\ EventDetailSheet.swift,\ EventEditorSheet.swift,\ EventPresentation.swift,\ EventService.swift,\ FamilienplanerApp.swift,\ FreeTimeFinder.swift,\ FreeTimeScreen.swift,\ GermanDateParser.swift,\ HouseholdRemoval.swift,\ HouseholdService.swift,\ ICSExporter.swift,\ MemberFilterBar.swift /Users/runner/work/familienplaner/familienplaner/Sources/Features/Today/AllDayStrip.swift /Users/runner/work/familienplaner/familienplaner/Sources/App/BackgroundSync.swift /Users/runner/work/familienplaner/familienplaner/Sources/Calendar/CalendarExportService.swift /Users/runner/work/familienplaner/familienplaner/Sources/Calendar/CalendarImportService.swift /Users/runner/work/familienplaner/familienplaner/Sources/Calendar/CalendarSourcesScreen.swift /Users/runner/work/familienplaner/familienplaner/Sources/Suggestions/CameraPicker.swift /Users/runner/work/familienplaner/familienplaner/Sources/Features/Today/ClaimActions.swift /Users/runner/work/familienplaner/familienplaner/Sources/Features/Members/CurrentMember.swift /Users/runner/work/familienplaner/familienplaner/Sources/Features/Today/DayTimelineView.swift /Users/runner/work/familienplaner/familienplaner/Sources/Persistence/DeviceRegistrationService.swift /Users/runner/work/familienplaner/familienplaner/Sources/Persistence/Domain.swift /Users/runner/work/familienplaner/familienplaner/Sources/Features/Events/EventDetailSheet.swift /Users/runner/work/familienplaner/familienplaner/Sources/Features/Events/EventEditorSheet.swift /Users/runner/work/familienplaner/familienplaner/Sources/Features/Events/EventPresentation.swift /Users/runner/work/familienplaner/familienplaner/Sources/Persistence/EventService.swift /Users/runner/work/familienplaner/familienplaner/Sources/App/FamilienplanerApp.swift /Users/runner/work/familienplaner/familienplaner/Sources/Features/FreeTime/FreeTimeFinder.swift /Users/runner/work/familienplaner/familienplaner/Sources/Features/FreeTime/FreeTimeScreen.swift /Users/runner/work/familienplaner/familienplaner/Sources/Suggestions/GermanDateParser.swift /Users/runner/work/familienplaner/familienplaner/Sources/Persistence/HouseholdRemoval.swift /Users/runner/work/familienplaner/familienplaner/Sources/Persistence/HouseholdService.swift /Users/runner/work/familienplaner/familienplaner/Sources/Calendar/ICSExporter.swift /Users/runner/work/familienplaner/familienplaner/Sources/Features/Members/MemberFilterBar.swift (in target 'Familienplaner' from project 'Familienplaner')

SwiftCompile normal arm64 /Users/runner/work/familienplaner/familienplaner/Sources/Features/Today/AllDayStrip.swift (in target 'Familienplaner' from project 'Familienplaner')
    cd /Users/runner/work/familienplaner/familienplaner
    
/Users/runner/work/familienplaner/familienplaner/Sources/Persistence/HouseholdRemoval.swift:46:78: warning: capture of 'store' with non-Sendable type 'NSPersistentStore' in a '@Sendable' closure
                    container.purgeObjectsAndRecordsInZone(with: zoneID, in: store) { _, error in
                                                                             ^
/Applications/Xcode_26.6.app/Contents/Developer/Platforms/iPhoneSimulator.platform/Developer/SDKs/iPhoneSimulator26.5.sdk/System/Library/Frameworks/CoreData.framework/Headers/NSPersistentStore.h:30:12: note: class 'NSPersistentStore' does not conform to the 'Sendable' protocol
@interface NSPersistentStore : NSObject {
           ^
/Users/runner/work/familienplaner/familienplaner/Sources/Persistence/HouseholdRemoval.swift:2:1: warning: add '@preconcurrency' to suppress 'Sendable'-related warnings from module 'CoreData'
import CoreData
^
@preconcurrency 

SwiftCompile normal arm64 /Users/runner/work/familienplaner/familienplaner/Sources/App/BackgroundSync.swift (in target 'Familienplaner' from project 'Familienplaner')
    cd /Users/runner/work/familienplaner/familienplaner
    
/Users/runner/work/familienplaner/familienplaner/Sources/Persistence/HouseholdRemoval.swift:46:78: warning: capture of 'store' with non-Sendable type 'NSPersistentStore' in a '@Sendable' closure
                    container.purgeObjectsAndRecordsInZone(with: zoneID, in: store) { _, error in
                                                                             ^
/Applications/Xcode_26.6.app/Contents/Developer/Platforms/iPhoneSimulator.platform/Developer/SDKs/iPhoneSimulator26.5.sdk/System/Library/Frameworks/CoreData.framework/Headers/NSPersistentStore.h:30:12: note: class 'NSPersistentStore' does not conform to the 'Sendable' protocol
@interface NSPersistentStore : NSObject {
           ^
/Users/runner/work/familienplaner/familienplaner/Sources/Persistence/HouseholdRemoval.swift:2:1: warning: add '@preconcurrency' to suppress 'Sendable'-related warnings from module 'CoreData'
import CoreData
^
@preconcurrency 

SwiftCompile normal arm64 /Users/runner/work/familienplaner/familienplaner/Sources/Calendar/CalendarExportService.swift (in target 'Familienplaner' from project 'Familienplaner')
    cd /Users/runner/work/familienplaner/familienplaner
    
/Users/runner/work/familienplaner/familienplaner/Sources/Persistence/HouseholdRemoval.swift:46:78: warning: capture of 'store' with non-Sendable type 'NSPersistentStore' in a '@Sendable' closure
                    container.purgeObjectsAndRecordsInZone(with: zoneID, in: store) { _, error in
                                                                             ^
/Applications/Xcode_26.6.app/Contents/Developer/Platforms/iPhoneSimulator.platform/Developer/SDKs/iPhoneSimulator26.5.sdk/System/Library/Frameworks/CoreData.framework/Headers/NSPersistentStore.h:30:12: note: class 'NSPersistentStore' does not conform to the 'Sendable' protocol
@interface NSPersistentStore : NSObject {
           ^
/Users/runner/work/familienplaner/familienplaner/Sources/Persistence/HouseholdRemoval.swift:2:1: warning: add '@preconcurrency' to suppress 'Sendable'-related warnings from module 'CoreData'
import CoreData
^
@preconcurrency 

SwiftCompile normal arm64 /Users/runner/work/familienplaner/familienplaner/Sources/Calendar/CalendarImportService.swift (in target 'Familienplaner' from project 'Familienplaner')
    cd /Users/runner/work/familienplaner/familienplaner
    
/Users/runner/work/familienplaner/familienplaner/Sources/Persistence/HouseholdRemoval.swift:46:78: warning: capture of 'store' with non-Sendable type 'NSPersistentStore' in a '@Sendable' closure
                    container.purgeObjectsAndRecordsInZone(with: zoneID, in: store) { _, error in
                                                                             ^
/Applications/Xcode_26.6.app/Contents/Developer/Platforms/iPhoneSimulator.platform/Developer/SDKs/iPhoneSimulator26.5.sdk/System/Library/Frameworks/CoreData.framework/Headers/NSPersistentStore.h:30:12: note: class 'NSPersistentStore' does not conform to the 'Sendable' protocol
@interface NSPersistentStore : NSObject {
           ^
/Users/runner/work/familienplaner/familienplaner/Sources/Persistence/HouseholdRemoval.swift:2:1: warning: add '@preconcurrency' to suppress 'Sendable'-related warnings from module 'CoreData'
import CoreData
^
@preconcurrency 

SwiftCompile normal arm64 /Users/runner/work/familienplaner/familienplaner/Sources/Calendar/CalendarSourcesScreen.swift (in target 'Familienplaner' from project 'Familienplaner')
    cd /Users/runner/work/familienplaner/familienplaner
    
/Users/runner/work/familienplaner/familienplaner/Sources/Persistence/HouseholdRemoval.swift:46:78: warning: capture of 'store' with non-Sendable type 'NSPersistentStore' in a '@Sendable' closure
                    container.purgeObjectsAndRecordsInZone(with: zoneID, in: store) { _, error in
                                                                             ^
/Applications/Xcode_26.6.app/Contents/Developer/Platforms/iPhoneSimulator.platform/Developer/SDKs/iPhoneSimulator26.5.sdk/System/Library/Frameworks/CoreData.framework/Headers/NSPersistentStore.h:30:12: note: class 'NSPersistentStore' does not conform to the 'Sendable' protocol
@interface NSPersistentStore : NSObject {
           ^
/Users/runner/work/familienplaner/familienplaner/Sources/Persistence/HouseholdRemoval.swift:2:1: warning: add '@preconcurrency' to suppress 'Sendable'-related warnings from module 'CoreData'
import CoreData
^
@preconcurrency 

SwiftCompile normal arm64 /Users/runner/work/familienplaner/familienplaner/Sources/Suggestions/CameraPicker.swift (in target 'Familienplaner' from project 'Familienplaner')
    cd /Users/runner/work/familienplaner/familienplaner
    
/Users/runner/work/familienplaner/familienplaner/Sources/Persistence/HouseholdRemoval.swift:46:78: warning: capture of 'store' with non-Sendable type 'NSPersistentStore' in a '@Sendable' closure
                    container.purgeObjectsAndRecordsInZone(with: zoneID, in: store) { _, error in
                                                                             ^
/Applications/Xcode_26.6.app/Contents/Developer/Platforms/iPhoneSimulator.platform/Developer/SDKs/iPhoneSimulator26.5.sdk/System/Library/Frameworks/CoreData.framework/Headers/NSPersistentStore.h:30:12: note: class 'NSPersistentStore' does not conform to the 'Sendable' protocol
@interface NSPersistentStore : NSObject {
           ^
/Users/runner/work/familienplaner/familienplaner/Sources/Persistence/HouseholdRemoval.swift:2:1: warning: add '@preconcurrency' to suppress 'Sendable'-related warnings from module 'CoreData'
import CoreData
^
@preconcurrency 

SwiftCompile normal arm64 /Users/runner/work/familienplaner/familienplaner/Sources/Features/Today/ClaimActions.swift (in target 'Familienplaner' from project 'Familienplaner')
    cd /Users/runner/work/familienplaner/familienplaner
    
/Users/runner/work/familienplaner/familienplaner/Sources/Persistence/HouseholdRemoval.swift:46:78: warning: capture of 'store' with non-Sendable type 'NSPersistentStore' in a '@Sendable' closure
                    container.purgeObjectsAndRecordsInZone(with: zoneID, in: store) { _, error in
                                                                             ^
/Applications/Xcode_26.6.app/Contents/Developer/Platforms/iPhoneSimulator.platform/Developer/SDKs/iPhoneSimulator26.5.sdk/System/Library/Frameworks/CoreData.framework/Headers/NSPersistentStore.h:30:12: note: class 'NSPersistentStore' does not conform to the 'Sendable' protocol
@interface NSPersistentStore : NSObject {
           ^
/Users/runner/work/familienplaner/familienplaner/Sources/Persistence/HouseholdRemoval.swift:2:1: warning: add '@preconcurrency' to suppress 'Sendable'-related warnings from module 'CoreData'
import CoreData
^
@preconcurrency 

SwiftCompile normal arm64 /Users/runner/work/familienplaner/familienplaner/Sources/Features/Members/CurrentMember.swift (in target 'Familienplaner' from project 'Familienplaner')
    cd /Users/runner/work/familienplaner/familienplaner
    
/Users/runner/work/familienplaner/familienplaner/Sources/Persistence/HouseholdRemoval.swift:46:78: warning: capture of 'store' with non-Sendable type 'NSPersistentStore' in a '@Sendable' closure
                    container.purgeObjectsAndRecordsInZone(with: zoneID, in: store) { _, error in
                                                                             ^
/Applications/Xcode_26.6.app/Contents/Developer/Platforms/iPhoneSimulator.platform/Developer/SDKs/iPhoneSimulator26.5.sdk/System/Library/Frameworks/CoreData.framework/Headers/NSPersistentStore.h:30:12: note: class 'NSPersistentStore' does not conform to the 'Sendable' protocol
@interface NSPersistentStore : NSObject {
           ^
/Users/runner/work/familienplaner/familienplaner/Sources/Persistence/HouseholdRemoval.swift:2:1: warning: add '@preconcurrency' to suppress 'Sendable'-related warnings from module 'CoreData'
import CoreData
^
@preconcurrency 

SwiftCompile normal arm64 /Users/runner/work/familienplaner/familienplaner/Sources/Features/Today/DayTimelineView.swift (in target 'Familienplaner' from project 'Familienplaner')
    cd /Users/runner/work/familienplaner/familienplaner
    
/Users/runner/work/familienplaner/familienplaner/Sources/Persistence/HouseholdRemoval.swift:46:78: warning: capture of 'store' with non-Sendable type 'NSPersistentStore' in a '@Sendable' closure
                    container.purgeObjectsAndRecordsInZone(with: zoneID, in: store) { _, error in
                                                                             ^
/Applications/Xcode_26.6.app/Contents/Developer/Platforms/iPhoneSimulator.platform/Developer/SDKs/iPhoneSimulator26.5.sdk/System/Library/Frameworks/CoreData.framework/Headers/NSPersistentStore.h:30:12: note: class 'NSPersistentStore' does not conform to the 'Sendable' protocol
@interface NSPersistentStore : NSObject {
           ^
/Users/runner/work/familienplaner/familienplaner/Sources/Persistence/HouseholdRemoval.swift:2:1: warning: add '@preconcurrency' to suppress 'Sendable'-related warnings from module 'CoreData'
import CoreData
^
@preconcurrency 

SwiftCompile normal arm64 /Users/runner/work/familienplaner/familienplaner/Sources/Persistence/DeviceRegistrationService.swift (in target 'Familienplaner' from project 'Familienplaner')
    cd /Users/runner/work/familienplaner/familienplaner
    
/Users/runner/work/familienplaner/familienplaner/Sources/Persistence/HouseholdRemoval.swift:46:78: warning: capture of 'store' with non-Sendable type 'NSPersistentStore' in a '@Sendable' closure
                    container.purgeObjectsAndRecordsInZone(with: zoneID, in: store) { _, error in
                                                                             ^
/Applications/Xcode_26.6.app/Contents/Developer/Platforms/iPhoneSimulator.platform/Developer/SDKs/iPhoneSimulator26.5.sdk/System/Library/Frameworks/CoreData.framework/Headers/NSPersistentStore.h:30:12: note: class 'NSPersistentStore' does not conform to the 'Sendable' protocol
@interface NSPersistentStore : NSObject {
           ^
/Users/runner/work/familienplaner/familienplaner/Sources/Persistence/HouseholdRemoval.swift:2:1: warning: add '@preconcurrency' to suppress 'Sendable'-related warnings from module 'CoreData'
import CoreData
^
@preconcurrency 

SwiftCompile normal arm64 /Users/runner/work/familienplaner/familienplaner/Sources/Persistence/Domain.swift (in target 'Familienplaner' from project 'Familienplaner')
    cd /Users/runner/work/familienplaner/familienplaner
    
/Users/runner/work/familienplaner/familienplaner/Sources/Persistence/HouseholdRemoval.swift:46:78: warning: capture of 'store' with non-Sendable type 'NSPersistentStore' in a '@Sendable' closure
                    container.purgeObjectsAndRecordsInZone(with: zoneID, in: store) { _, error in
                                                                             ^
/Applications/Xcode_26.6.app/Contents/Developer/Platforms/iPhoneSimulator.platform/Developer/SDKs/iPhoneSimulator26.5.sdk/System/Library/Frameworks/CoreData.framework/Headers/NSPersistentStore.h:30:12: note: class 'NSPersistentStore' does not conform to the 'Sendable' protocol
@interface NSPersistentStore : NSObject {
           ^
/Users/runner/work/familienplaner/familienplaner/Sources/Persistence/HouseholdRemoval.swift:2:1: warning: add '@preconcurrency' to suppress 'Sendable'-related warnings from module 'CoreData'
import CoreData
^
@preconcurrency 

SwiftCompile normal arm64 /Users/runner/work/familienplaner/familienplaner/Sources/Features/Events/EventDetailSheet.swift (in target 'Familienplaner' from project 'Familienplaner')
    cd /Users/runner/work/familienplaner/familienplaner
    
/Users/runner/work/familienplaner/familienplaner/Sources/Persistence/HouseholdRemoval.swift:46:78: warning: capture of 'store' with non-Sendable type 'NSPersistentStore' in a '@Sendable' closure
                    container.purgeObjectsAndRecordsInZone(with: zoneID, in: store) { _, error in
                                                                             ^
/Applications/Xcode_26.6.app/Contents/Developer/Platforms/iPhoneSimulator.platform/Developer/SDKs/iPhoneSimulator26.5.sdk/System/Library/Frameworks/CoreData.framework/Headers/NSPersistentStore.h:30:12: note: class 'NSPersistentStore' does not conform to the 'Sendable' protocol
@interface NSPersistentStore : NSObject {
           ^
/Users/runner/work/familienplaner/familienplaner/Sources/Persistence/HouseholdRemoval.swift:2:1: warning: add '@preconcurrency' to suppress 'Sendable'-related warnings from module 'CoreData'
import CoreData
^
@preconcurrency 

SwiftCompile normal arm64 /Users/runner/work/familienplaner/familienplaner/Sources/Features/Events/EventEditorSheet.swift (in target 'Familienplaner' from project 'Familienplaner')
    cd /Users/runner/work/familienplaner/familienplaner
    
/Users/runner/work/familienplaner/familienplaner/Sources/Persistence/HouseholdRemoval.swift:46:78: warning: capture of 'store' with non-Sendable type 'NSPersistentStore' in a '@Sendable' closure
                    container.purgeObjectsAndRecordsInZone(with: zoneID, in: store) { _, error in
                                                                             ^
/Applications/Xcode_26.6.app/Contents/Developer/Platforms/iPhoneSimulator.platform/Developer/SDKs/iPhoneSimulator26.5.sdk/System/Library/Frameworks/CoreData.framework/Headers/NSPersistentStore.h:30:12: note: class 'NSPersistentStore' does not conform to the 'Sendable' protocol
@interface NSPersistentStore : NSObject {
           ^
/Users/runner/work/familienplaner/familienplaner/Sources/Persistence/HouseholdRemoval.swift:2:1: warning: add '@preconcurrency' to suppress 'Sendable'-related warnings from module 'CoreData'
import CoreData
^
@preconcurrency 

SwiftCompile normal arm64 /Users/runner/work/familienplaner/familienplaner/Sources/Features/Events/EventPresentation.swift (in target 'Familienplaner' from project 'Familienplaner')
    cd /Users/runner/work/familienplaner/familienplaner
    
/Users/runner/work/familienplaner/familienplaner/Sources/Persistence/HouseholdRemoval.swift:46:78: warning: capture of 'store' with non-Sendable type 'NSPersistentStore' in a '@Sendable' closure
                    container.purgeObjectsAndRecordsInZone(with: zoneID, in: store) { _, error in
                                                                             ^
/Applications/Xcode_26.6.app/Contents/Developer/Platforms/iPhoneSimulator.platform/Developer/SDKs/iPhoneSimulator26.5.sdk/System/Library/Frameworks/CoreData.framework/Headers/NSPersistentStore.h:30:12: note: class 'NSPersistentStore' does not conform to the 'Sendable' protocol
@interface NSPersistentStore : NSObject {
           ^
/Users/runner/work/familienplaner/familienplaner/Sources/Persistence/HouseholdRemoval.swift:2:1: warning: add '@preconcurrency' to suppress 'Sendable'-related warnings from module 'CoreData'
import CoreData
^
@preconcurrency 

SwiftCompile normal arm64 /Users/runner/work/familienplaner/familienplaner/Sources/Persistence/EventService.swift (in target 'Familienplaner' from project 'Familienplaner')
    cd /Users/runner/work/familienplaner/familienplaner
    
/Users/runner/work/familienplaner/familienplaner/Sources/Persistence/HouseholdRemoval.swift:46:78: warning: capture of 'store' with non-Sendable type 'NSPersistentStore' in a '@Sendable' closure
                    container.purgeObjectsAndRecordsInZone(with: zoneID, in: store) { _, error in
                                                                             ^
/Applications/Xcode_26.6.app/Contents/Developer/Platforms/iPhoneSimulator.platform/Developer/SDKs/iPhoneSimulator26.5.sdk/System/Library/Frameworks/CoreData.framework/Headers/NSPersistentStore.h:30:12: note: class 'NSPersistentStore' does not conform to the 'Sendable' protocol
@interface NSPersistentStore : NSObject {
           ^
/Users/runner/work/familienplaner/familienplaner/Sources/Persistence/HouseholdRemoval.swift:2:1: warning: add '@preconcurrency' to suppress 'Sendable'-related warnings from module 'CoreData'
import CoreData
^
@preconcurrency 

SwiftCompile normal arm64 /Users/runner/work/familienplaner/familienplaner/Sources/App/FamilienplanerApp.swift (in target 'Familienplaner' from project 'Familienplaner')
    cd /Users/runner/work/familienplaner/familienplaner
    
/Users/runner/work/familienplaner/familienplaner/Sources/Persistence/HouseholdRemoval.swift:46:78: warning: capture of 'store' with non-Sendable type 'NSPersistentStore' in a '@Sendable' closure
                    container.purgeObjectsAndRecordsInZone(with: zoneID, in: store) { _, error in
                                                                             ^
/Applications/Xcode_26.6.app/Contents/Developer/Platforms/iPhoneSimulator.platform/Developer/SDKs/iPhoneSimulator26.5.sdk/System/Library/Frameworks/CoreData.framework/Headers/NSPersistentStore.h:30:12: note: class 'NSPersistentStore' does not conform to the 'Sendable' protocol
@interface NSPersistentStore : NSObject {
           ^
/Users/runner/work/familienplaner/familienplaner/Sources/Persistence/HouseholdRemoval.swift:2:1: warning: add '@preconcurrency' to suppress 'Sendable'-related warnings from module 'CoreData'
import CoreData
^
@preconcurrency 

SwiftCompile normal arm64 /Users/runner/work/familienplaner/familienplaner/Sources/Features/FreeTime/FreeTimeFinder.swift (in target 'Familienplaner' from project 'Familienplaner')
    cd /Users/runner/work/familienplaner/familienplaner
    
/Users/runner/work/familienplaner/familienplaner/Sources/Persistence/HouseholdRemoval.swift:46:78: warning: capture of 'store' with non-Sendable type 'NSPersistentStore' in a '@Sendable' closure
                    container.purgeObjectsAndRecordsInZone(with: zoneID, in: store) { _, error in
                                                                             ^
/Applications/Xcode_26.6.app/Contents/Developer/Platforms/iPhoneSimulator.platform/Developer/SDKs/iPhoneSimulator26.5.sdk/System/Library/Frameworks/CoreData.framework/Headers/NSPersistentStore.h:30:12: note: class 'NSPersistentStore' does not conform to the 'Sendable' protocol
@interface NSPersistentStore : NSObject {
           ^
/Users/runner/work/familienplaner/familienplaner/Sources/Persistence/HouseholdRemoval.swift:2:1: warning: add '@preconcurrency' to suppress 'Sendable'-related warnings from module 'CoreData'
import CoreData
^
@preconcurrency 

SwiftCompile normal arm64 /Users/runner/work/familienplaner/familienplaner/Sources/Features/FreeTime/FreeTimeScreen.swift (in target 'Familienplaner' from project 'Familienplaner')
    cd /Users/runner/work/familienplaner/familienplaner
    
/Users/runner/work/familienplaner/familienplaner/Sources/Persistence/HouseholdRemoval.swift:46:78: warning: capture of 'store' with non-Sendable type 'NSPersistentStore' in a '@Sendable' closure
                    container.purgeObjectsAndRecordsInZone(with: zoneID, in: store) { _, error in
                                                                             ^
/Applications/Xcode_26.6.app/Contents/Developer/Platforms/iPhoneSimulator.platform/Developer/SDKs/iPhoneSimulator26.5.sdk/System/Library/Frameworks/CoreData.framework/Headers/NSPersistentStore.h:30:12: note: class 'NSPersistentStore' does not conform to the 'Sendable' protocol
@interface NSPersistentStore : NSObject {
           ^
/Users/runner/work/familienplaner/familienplaner/Sources/Persistence/HouseholdRemoval.swift:2:1: warning: add '@preconcurrency' to suppress 'Sendable'-related warnings from module 'CoreData'
import CoreData
^
@preconcurrency 

SwiftCompile normal arm64 /Users/runner/work/familienplaner/familienplaner/Sources/Suggestions/GermanDateParser.swift (in target 'Familienplaner' from project 'Familienplaner')
    cd /Users/runner/work/familienplaner/familienplaner
    
/Users/runner/work/familienplaner/familienplaner/Sources/Persistence/HouseholdRemoval.swift:46:78: warning: capture of 'store' with non-Sendable type 'NSPersistentStore' in a '@Sendable' closure
                    container.purgeObjectsAndRecordsInZone(with: zoneID, in: store) { _, error in
                                                                             ^
/Applications/Xcode_26.6.app/Contents/Developer/Platforms/iPhoneSimulator.platform/Developer/SDKs/iPhoneSimulator26.5.sdk/System/Library/Frameworks/CoreData.framework/Headers/NSPersistentStore.h:30:12: note: class 'NSPersistentStore' does not conform to the 'Sendable' protocol
@interface NSPersistentStore : NSObject {
           ^
/Users/runner/work/familienplaner/familienplaner/Sources/Persistence/HouseholdRemoval.swift:2:1: warning: add '@preconcurrency' to suppress 'Sendable'-related warnings from module 'CoreData'
import CoreData
^
@preconcurrency 

SwiftCompile normal arm64 /Users/runner/work/familienplaner/familienplaner/Sources/Persistence/HouseholdRemoval.swift (in target 'Familienplaner' from project 'Familienplaner')
    cd /Users/runner/work/familienplaner/familienplaner
    
/Users/runner/work/familienplaner/familienplaner/Sources/Persistence/HouseholdRemoval.swift:46:78: warning: capture of 'store' with non-Sendable type 'NSPersistentStore' in a '@Sendable' closure
                    container.purgeObjectsAndRecordsInZone(with: zoneID, in: store) { _, error in
                                                                             ^
/Applications/Xcode_26.6.app/Contents/Developer/Platforms/iPhoneSimulator.platform/Developer/SDKs/iPhoneSimulator26.5.sdk/System/Library/Frameworks/CoreData.framework/Headers/NSPersistentStore.h:30:12: note: class 'NSPersistentStore' does not conform to the 'Sendable' protocol
@interface NSPersistentStore : NSObject {
           ^
/Users/runner/work/familienplaner/familienplaner/Sources/Persistence/HouseholdRemoval.swift:2:1: warning: add '@preconcurrency' to suppress 'Sendable'-related warnings from module 'CoreData'
import CoreData
^
@preconcurrency 

SwiftCompile normal arm64 /Users/runner/work/familienplaner/familienplaner/Sources/Persistence/HouseholdService.swift (in target 'Familienplaner' from project 'Familienplaner')
    cd /Users/runner/work/familienplaner/familienplaner
    
/Users/runner/work/familienplaner/familienplaner/Sources/Persistence/HouseholdRemoval.swift:46:78: warning: capture of 'store' with non-Sendable type 'NSPersistentStore' in a '@Sendable' closure
                    container.purgeObjectsAndRecordsInZone(with: zoneID, in: store) { _, error in
                                                                             ^
/Applications/Xcode_26.6.app/Contents/Developer/Platforms/iPhoneSimulator.platform/Developer/SDKs/iPhoneSimulator26.5.sdk/System/Library/Frameworks/CoreData.framework/Headers/NSPersistentStore.h:30:12: note: class 'NSPersistentStore' does not conform to the 'Sendable' protocol
@interface NSPersistentStore : NSObject {
           ^
/Users/runner/work/familienplaner/familienplaner/Sources/Persistence/HouseholdRemoval.swift:2:1: warning: add '@preconcurrency' to suppress 'Sendable'-related warnings from module 'CoreData'
import CoreData
^
@preconcurrency 

SwiftCompile normal arm64 /Users/runner/work/familienplaner/familienplaner/Sources/Calendar/ICSExporter.swift (in target 'Familienplaner' from project 'Familienplaner')
    cd /Users/runner/work/familienplaner/familienplaner
    
/Users/runner/work/familienplaner/familienplaner/Sources/Persistence/HouseholdRemoval.swift:46:78: warning: capture of 'store' with non-Sendable type 'NSPersistentStore' in a '@Sendable' closure
                    container.purgeObjectsAndRecordsInZone(with: zoneID, in: store) { _, error in
                                                                             ^
/Applications/Xcode_26.6.app/Contents/Developer/Platforms/iPhoneSimulator.platform/Developer/SDKs/iPhoneSimulator26.5.sdk/System/Library/Frameworks/CoreData.framework/Headers/NSPersistentStore.h:30:12: note: class 'NSPersistentStore' does not conform to the 'Sendable' protocol
@interface NSPersistentStore : NSObject {
           ^
/Users/runner/work/familienplaner/familienplaner/Sources/Persistence/HouseholdRemoval.swift:2:1: warning: add '@preconcurrency' to suppress 'Sendable'-related warnings from module 'CoreData'
import CoreData
^
@preconcurrency 

SwiftCompile normal arm64 /Users/runner/work/familienplaner/familienplaner/Sources/Features/Members/MemberFilterBar.swift (in target 'Familienplaner' from project 'Familienplaner')
    cd /Users/runner/work/familienplaner/familienplaner
    
/Users/runner/work/familienplaner/familienplaner/Sources/Persistence/HouseholdRemoval.swift:46:78: warning: capture of 'store' with non-Sendable type 'NSPersistentStore' in a '@Sendable' closure
                    container.purgeObjectsAndRecordsInZone(with: zoneID, in: store) { _, error in
                                                                             ^
/Applications/Xcode_26.6.app/Contents/Developer/Platforms/iPhoneSimulator.platform/Developer/SDKs/iPhoneSimulator26.5.sdk/System/Library/Frameworks/CoreData.framework/Headers/NSPersistentStore.h:30:12: note: class 'NSPersistentStore' does not conform to the 'Sendable' protocol
@interface NSPersistentStore : NSObject {
           ^
/Users/runner/work/familienplaner/familienplaner/Sources/Persistence/HouseholdRemoval.swift:2:1: warning: add '@preconcurrency' to suppress 'Sendable'-related warnings from module 'CoreData'
import CoreData
^
@preconcurrency 

SwiftDriverJobDiscovery normal arm64 Compiling AllDayStrip.swift, BackgroundSync.swift, CalendarExportService.swift, CalendarImportService.swift, CalendarSourcesScreen.swift, CameraPicker.swift, ClaimActions.swift, CurrentMember.swift, DayTimelineView.swift, DeviceRegistrationService.swift, Domain.swift, EventDetailSheet.swift, EventEditorSheet.swift, EventPresentation.swift, EventService.swift, FamilienplanerApp.swift, FreeTimeFinder.swift, FreeTimeScreen.swift, GermanDateParser.swift, HouseholdRemoval.swift, HouseholdService.swift, ICSExporter.swift, MemberFilterBar.swift (in target 'Familienplaner' from project 'Familienplaner')

Copy /Users/runner/Library/Developer/Xcode/DerivedData/Familienplaner-dmcrrzfthkjbwogvslwbznxtcpok/Build/Products/Debug-watchsimulator/FamilienplanerWatch.app/PlugIns/FamilienplanerWatchWidgets.appex /Users/runner/Library/Developer/Xcode/DerivedData/Familienplaner-dmcrrzfthkjbwogvslwbznxtcpok/Build/Products/Debug-watchsimulator/FamilienplanerWatchWidgets.appex (in target 'FamilienplanerWatch' from project 'Familienplaner')
    cd /Users/runner/work/familienplaner/familienplaner
    builtin-copy -exclude .DS_Store -exclude CVS -exclude .svn -exclude .git -exclude .hg -exclude Headers -exclude PrivateHeaders -exclude Modules -exclude \*.tbd -resolve-src-symlinks -remove-static-executable /Users/runner/Library/Developer/Xcode/DerivedData/Familienplaner-dmcrrzfthkjbwogvslwbznxtcpok/Build/Products/Debug-watchsimulator/FamilienplanerWatchWidgets.appex /Users/runner/Library/Developer/Xcode/DerivedData/Familienplaner-dmcrrzfthkjbwogvslwbznxtcpok/Build/Products/Debug-watchsimulator/FamilienplanerWatch.app/PlugIns

ProcessInfoPlistFile /Users/runner/Library/Developer/Xcode/DerivedData/Familienplaner-dmcrrzfthkjbwogvslwbznxtcpok/Build/Products/Debug-watchsimulator/FamilienplanerWatch.app/Info.plist /Users/runner/work/familienplaner/familienplaner/Watch/Info.plist (in target 'FamilienplanerWatch' from project 'Familienplaner')
    cd /Users/runner/work/familienplaner/familienplaner
    builtin-infoPlistUtility /Users/runner/work/familienplaner/familienplaner/Watch/Info.plist -producttype com.apple.product-type.application -genpkginfo /Users/runner/Library/Developer/Xcode/DerivedData/Familienplaner-dmcrrzfthkjbwogvslwbznxtcpok/Build/Products/Debug-watchsimulator/FamilienplanerWatch.app/PkgInfo -expandbuildsettings -format binary -platform watchsimulator -additionalcontentfile /Users/runner/Library/Developer/Xcode/DerivedData/Familienplaner-dmcrrzfthkjbwogvslwbznxtcpok/Build/Intermediates.noindex/Familienplaner.build/Debug-watchsimulator/FamilienplanerWatch.build/assetcatalog_generated_info.plist -scanforprivacyfile /Users/runner/Library/Developer/Xcode/DerivedData/Familienplaner-dmcrrzfthkjbwogvslwbznxtcpok/Build/Products/Debug-watchsimulator/FamilienplanerWatch.app/PlugIns/FamilienplanerWatchWidgets.appex -o /Users/runner/Library/Developer/Xcode/DerivedData/Familienplaner-dmcrrzfthkjbwogvslwbznxtcpok/Build/Products/Debug-watchsimulator/FamilienplanerWatch.app/Info.plist

ValidateEmbeddedBinary /Users/runner/Library/Developer/Xcode/DerivedData/Familienplaner-dmcrrzfthkjbwogvslwbznxtcpok/Build/Products/Debug-watchsimulator/FamilienplanerWatch.app/PlugIns/FamilienplanerWatchWidgets.appex (in target 'FamilienplanerWatch' from project 'Familienplaner')
    cd /Users/runner/work/familienplaner/familienplaner
    /Applications/Xcode_26.6.app/Contents/Developer/usr/bin/embeddedBinaryValidationUtility /Users/runner/Library/Developer/Xcode/DerivedData/Familienplaner-dmcrrzfthkjbwogvslwbznxtcpok/Build/Products/Debug-watchsimulator/FamilienplanerWatch.app/PlugIns/FamilienplanerWatchWidgets.appex -info-plist-path /Users/runner/Library/Developer/Xcode/DerivedData/Familienplaner-dmcrrzfthkjbwogvslwbznxtcpok/Build/Products/Debug-watchsimulator/FamilienplanerWatch.app/Info.plist

ExtractAppIntentsMetadata (in target 'FamilienplanerWatch' from project 'Familienplaner')
    cd /Users/runner/work/familienplaner/familienplaner
    /Applications/Xcode_26.6.app/Contents/Developer/Toolchains/XcodeDefault.xctoolchain/usr/bin/appintentsmetadataprocessor --toolchain-dir /var/run/com.apple.security.cryptexd/mnt/com.apple.MobileAsset.MetalToolchain-v17.6.109.0.o5pn4K/Metal.xctoolchain --module-name FamilienplanerWatch --sdk-root /Applications/Xcode_26.6.app/Contents/Developer/Platforms/WatchSimulator.platform/Developer/SDKs/WatchSimulator26.5.sdk --xcode-version 17F113 --platform-family watchOS --deployment-target 26.0 --bundle-identifier de.barg.familienplaner.watchkitapp --output /Users/runner/Library/Developer/Xcode/DerivedData/Familienplaner-dmcrrzfthkjbwogvslwbznxtcpok/Build/Products/Debug-watchsimulator/FamilienplanerWatch.app --target-triple arm64-apple-watchos26.0-simulator --target-triple x86_64-apple-watchos26.0-simulator --binary-file /Users/runner/Library/Developer/Xcode/DerivedData/Familienplaner-dmcrrzfthkjbwogvslwbznxtcpok/Build/Products/Debug-watchsimulator/FamilienplanerWatch.app/FamilienplanerWatch --dependency-file /Users/runner/Library/Developer/Xcode/DerivedData/Familienplaner-dmcrrzfthkjbwogvslwbznxtcpok/Build/Intermediates.noindex/Familienplaner.build/Debug-watchsimulator/FamilienplanerWatch.build/Objects-normal/arm64/FamilienplanerWatch_dependency_info.dat --dependency-file /Users/runner/Library/Developer/Xcode/DerivedData/Familienplaner-dmcrrzfthkjbwogvslwbznxtcpok/Build/Intermediates.noindex/Familienplaner.build/Debug-watchsimulator/FamilienplanerWatch.build/Objects-normal/x86_64/FamilienplanerWatch_dependency_info.dat --stringsdata-file /Users/runner/Library/Developer/Xcode/DerivedData/Familienplaner-dmcrrzfthkjbwogvslwbznxtcpok/Build/Intermediates.noindex/Familienplaner.build/Debug-watchsimulator/FamilienplanerWatch.build/Objects-normal/arm64/ExtractedAppShortcutsMetadata.stringsdata --stringsdata-file /Users/runner/Library/Developer/Xcode/DerivedData/Familienplaner-dmcrrzfthkjbwogvslwbznxtcpok/Build/Intermediates.noindex/Familienplaner.build/Debug-watchsimulator/FamilienplanerWatch.build/Objects-normal/x86_64/ExtractedAppShortcutsMetadata.stringsdata --source-file-list /Users/runner/Library/Developer/Xcode/DerivedData/Familienplaner-dmcrrzfthkjbwogvslwbznxtcpok/Build/Intermediates.noindex/Familienplaner.build/Debug-watchsimulator/FamilienplanerWatch.build/Objects-normal/arm64/FamilienplanerWatch.SwiftFileList --source-file-list /Users/runner/Library/Developer/Xcode/DerivedData/Familienplaner-dmcrrzfthkjbwogvslwbznxtcpok/Build/Intermediates.noindex/Familienplaner.build/Debug-watchsimulator/FamilienplanerWatch.build/Objects-normal/x86_64/FamilienplanerWatch.SwiftFileList --metadata-file-list /Users/runner/Library/Developer/Xcode/DerivedData/Familienplaner-dmcrrzfthkjbwogvslwbznxtcpok/Build/Intermediates.noindex/Familienplaner.build/Debug-watchsimulator/FamilienplanerWatch.build/FamilienplanerWatch.DependencyMetadataFileList --static-metadata-file-list /Users/runner/Library/Developer/Xcode/DerivedData/Familienplaner-dmcrrzfthkjbwogvslwbznxtcpok/Build/Intermediates.noindex/Familienplaner.build/Debug-watchsimulator/FamilienplanerWatch.build/FamilienplanerWatch.DependencyStaticMetadataFileList --swift-const-vals-list /Users/runner/Library/Developer/Xcode/DerivedData/Familienplaner-dmcrrzfthkjbwogvslwbznxtcpok/Build/Intermediates.noindex/Familienplaner.build/Debug-watchsimulator/FamilienplanerWatch.build/Objects-normal/arm64/FamilienplanerWatch.SwiftConstValuesFileList --swift-const-vals-list /Users/runner/Library/Developer/Xcode/DerivedData/Familienplaner-dmcrrzfthkjbwogvslwbznxtcpok/Build/Intermediates.noindex/Familienplaner.build/Debug-watchsimulator/FamilienplanerWatch.build/Objects-normal/x86_64/FamilienplanerWatch.SwiftConstValuesFileList --compile-time-extraction --deployment-aware-processing --validate-assistant-intents --no-app-shortcuts-localization
2026-10-10 07:32:25.476 appintentsmetadataprocessor[16603:51374] Starting appintentsmetadataprocessor export
2026-10-10 07:32:25.529 appintentsmetadataprocessor[16603:51374] Extracted no relevant App Intents symbols, skipping writing output

SwiftDriverJobDiscovery normal arm64 Compiling MembersScreen.swift, MonthGridView.swift, OnboardingScreen.swift, PersistenceController.swift, ReminderService.swift, ReminderSettingsScreen.swift, ResponsibilitiesSheet.swift, SampleData.swift, SearchScreen.swift, SeriesService.swift, SetupScreen.swift, ShareAcceptance.swift, SharedInbox.swift, SharingService.swift, SuggestionExtractor.swift, SuggestionReviewScreen.swift, SuggestionService.swift, SyncStatus.swift, TestMode.swift, Theme.swift, TodayScreen.swift, WatchSnapshot.swift, WatchSyncService.swift (in target 'Familienplaner' from project 'Familienplaner')

CopySwiftLibs /Users/runner/Library/Developer/Xcode/DerivedData/Familienplaner-dmcrrzfthkjbwogvslwbznxtcpok/Build/Products/Debug-watchsimulator/FamilienplanerWatch.app (in target 'FamilienplanerWatch' from project 'Familienplaner')
    cd /Users/runner/work/familienplaner/familienplaner
    builtin-swiftStdLibTool --copy --verbose --scan-executable /Users/runner/Library/Developer/Xcode/DerivedData/Familienplaner-dmcrrzfthkjbwogvslwbznxtcpok/Build/Products/Debug-watchsimulator/FamilienplanerWatch.app/FamilienplanerWatch.debug.dylib --scan-folder /Users/runner/Library/Developer/Xcode/DerivedData/Familienplaner-dmcrrzfthkjbwogvslwbznxtcpok/Build/Products/Debug-watchsimulator/FamilienplanerWatch.app/Frameworks --scan-folder /Users/runner/Library/Developer/Xcode/DerivedData/Familienplaner-dmcrrzfthkjbwogvslwbznxtcpok/Build/Products/Debug-watchsimulator/FamilienplanerWatch.app/PlugIns --scan-folder /Users/runner/Library/Developer/Xcode/DerivedData/Familienplaner-dmcrrzfthkjbwogvslwbznxtcpok/Build/Products/Debug-watchsimulator/FamilienplanerWatch.app/SystemExtensions --scan-folder /Users/runner/Library/Developer/Xcode/DerivedData/Familienplaner-dmcrrzfthkjbwogvslwbznxtcpok/Build/Products/Debug-watchsimulator/FamilienplanerWatch.app/Extensions --platform watchsimulator --toolchain /var/run/com.apple.security.cryptexd/mnt/com.apple.MobileAsset.MetalToolchain-v17.6.109.0.o5pn4K/Metal.xctoolchain --toolchain /Applications/Xcode_26.6.app/Contents/Developer/Toolchains/XcodeDefault.xctoolchain --destination /Users/runner/Library/Developer/Xcode/DerivedData/Familienplaner-dmcrrzfthkjbwogvslwbznxtcpok/Build/Products/Debug-watchsimulator/FamilienplanerWatch.app/Frameworks --strip-bitcode --strip-bitcode-tool /Applications/Xcode_26.6.app/Contents/Developer/Toolchains/XcodeDefault.xctoolchain/usr/bin/bitcode_strip --emit-dependency-info /Users/runner/Library/Developer/Xcode/DerivedData/Familienplaner-dmcrrzfthkjbwogvslwbznxtcpok/Build/Intermediates.noindex/Familienplaner.build/Debug-watchsimulator/FamilienplanerWatch.build/SwiftStdLibToolInputDependencies.dep --filter-for-swift-os
Ignoring --strip-bitcode because --sign was not passed

SwiftDriver\ Compilation Familienplaner normal arm64 com.apple.xcode.tools.swift.compiler (in target 'Familienplaner' from project 'Familienplaner')
    cd /Users/runner/work/familienplaner/familienplaner
    builtin-Swift-Compilation -- /Applications/Xcode_26.6.app/Contents/Developer/Toolchains/XcodeDefault.xctoolchain/usr/bin/swiftc -module-name Familienplaner -Onone @/Users/runner/Library/Developer/Xcode/DerivedData/Familienplaner-dmcrrzfthkjbwogvslwbznxtcpok/Build/Intermediates.noindex/Familienplaner.build/Debug-iphonesimulator/Familienplaner.build/Objects-normal/arm64/Familienplaner.SwiftFileList -DDEBUG -enable-bare-slash-regex -enable-experimental-feature DebugDescriptionMacro -sdk /Applications/Xcode_26.6.app/Contents/Developer/Platforms/iPhoneSimulator.platform/Developer/SDKs/iPhoneSimulator26.5.sdk -target arm64-apple-ios26.0-simulator -g -module-cache-path /Users/runner/Library/Developer/Xcode/DerivedData/ModuleCache.noindex -Xfrontend -serialize-debugging-options -profile-coverage-mapping -profile-generate -enable-testing -index-store-path /Users/runner/Library/Developer/Xcode/DerivedData/Familienplaner-dmcrrzfthkjbwogvslwbznxtcpok/Index.noindex/DataStore -Xcc -D_LIBCPP_HARDENING_MODE\=_LIBCPP_HARDENING_MODE_DEBUG -swift-version 5 -I /Users/runner/Library/Developer/Xcode/DerivedData/Familienplaner-dmcrrzfthkjbwogvslwbznxtcpok/Build/Products/Debug-iphonesimulator -F /Users/runner/Library/Developer/Xcode/DerivedData/Familienplaner-dmcrrzfthkjbwogvslwbznxtcpok/Build/Products/Debug-iphonesimulator -c -j3 -enable-batch-mode -incremental -Xcc -ivfsstatcache -Xcc /Users/runner/Library/Developer/Xcode/DerivedData/SDKStatCaches.noindex/iphonesimulator26.5-23F81a-688ef53f1462e2c8f657fdc38a81448ff45c64a1807a658693f2a61704f17a36.sdkstatcache -output-file-map /Users/runner/Library/Developer/Xcode/DerivedData/Familienplaner-dmcrrzfthkjbwogvslwbznxtcpok/Build/Intermediates.noindex/Familienplaner.build/Debug-iphonesimulator/Familienplaner.build/Objects-normal/arm64/Familienplaner-OutputFileMap.json -use-frontend-parseable-output -save-temps -no-color-diagnostics -explicit-module-build -module-cache-path /Users/runner/Library/Developer/Xcode/DerivedData/Familienplaner-dmcrrzfthkjbwogvslwbznxtcpok/Build/Intermediates.noindex/SwiftExplicitPrecompiledModules -clang-scanner-module-cache-path /Users/runner/Library/Developer/Xcode/DerivedData/ModuleCache.noindex -sdk-module-cache-path /Users/runner/Library/Developer/Xcode/DerivedData/ModuleCache.noindex -serialize-diagnostics -emit-dependencies -emit-module -emit-module-path /Users/runner/Library/Developer/Xcode/DerivedData/Familienplaner-dmcrrzfthkjbwogvslwbznxtcpok/Build/Intermediates.noindex/Familienplaner.build/Debug-iphonesimulator/Familienplaner.build/Objects-normal/arm64/Familienplaner.swiftmodule -validate-clang-modules-once -clang-build-session-file /Users/runner/Library/Developer/Xcode/DerivedData/ModuleCache.noindex/Session.modulevalidation -Xcc -I/Users/runner/Library/Developer/Xcode/DerivedData/Familienplaner-dmcrrzfthkjbwogvslwbznxtcpok/Build/Intermediates.noindex/Familienplaner.build/Debug-iphonesimulator/Familienplaner.build/swift-overrides.hmap -emit-const-values -Xfrontend -const-gather-protocols-file -Xfrontend /Users/runner/Library/Developer/Xcode/DerivedData/Familienplaner-dmcrrzfthkjbwogvslwbznxtcpok/Build/Intermediates.noindex/Familienplaner.build/Debug-iphonesimulator/Familienplaner.build/Objects-normal/arm64/Familienplaner_const_extract_protocols.json -Xcc -iquote -Xcc /Users/runner/Library/Developer/Xcode/DerivedData/Familienplaner-dmcrrzfthkjbwogvslwbznxtcpok/Build/Intermediates.noindex/Familienplaner.build/Debug-iphonesimulator/Familienplaner.build/Familienplaner-generated-files.hmap -Xcc -I/Users/runner/Library/Developer/Xcode/DerivedData/Familienplaner-dmcrrzfthkjbwogvslwbznxtcpok/Build/Intermediates.noindex/Familienplaner.build/Debug-iphonesimulator/Familienplaner.build/Familienplaner-own-target-headers.hmap -Xcc -I/Users/runner/Library/Developer/Xcode/DerivedData/Familienplaner-dmcrrzfthkjbwogvslwbznxtcpok/Build/Intermediates.noindex/Familienplaner.build/Debug-iphonesimulator/Familienplaner.build/Familienplaner-all-target-headers.hmap -Xcc -iquote -Xcc /Users/runner/Library/Developer/Xcode/DerivedData/Familienplaner-dmcrrzfthkjbwogvslwbznxtcpok/Build/Intermediates.noindex/Familienplaner.build/Debug-iphonesimulator/Familienplaner.build/Familienplaner-project-headers.hmap -Xcc -I/Users/runner/Library/Developer/Xcode/DerivedData/Familienplaner-dmcrrzfthkjbwogvslwbznxtcpok/Build/Products/Debug-iphonesimulator/include -Xcc -I/Users/runner/Library/Developer/Xcode/DerivedData/Familienplaner-dmcrrzfthkjbwogvslwbznxtcpok/Build/Intermediates.noindex/Familienplaner.build/Debug-iphonesimulator/Familienplaner.build/DerivedSources-normal/arm64 -Xcc -I/Users/runner/Library/Developer/Xcode/DerivedData/Familienplaner-dmcrrzfthkjbwogvslwbznxtcpok/Build/Intermediates.noindex/Familienplaner.build/Debug-iphonesimulator/Familienplaner.build/DerivedSources/arm64 -Xcc -I/Users/runner/Library/Developer/Xcode/DerivedData/Familienplaner-dmcrrzfthkjbwogvslwbznxtcpok/Build/Intermediates.noindex/Familienplaner.build/Debug-iphonesimulator/Familienplaner.build/DerivedSources -Xcc -DDEBUG\=1 -emit-objc-header -emit-objc-header-path /Users/runner/Library/Developer/Xcode/DerivedData/Familienplaner-dmcrrzfthkjbwogvslwbznxtcpok/Build/Intermediates.noindex/Familienplaner.build/Debug-iphonesimulator/Familienplaner.build/Objects-normal/arm64/Familienplaner-Swift.h -working-directory /Users/runner/work/familienplaner/familienplaner -experimental-emit-module-separately -disable-cmo

SwiftDriver FamilienplanerUITests normal arm64 com.apple.xcode.tools.swift.compiler (in target 'FamilienplanerUITests' from project 'Familienplaner')
    cd /Users/runner/work/familienplaner/familienplaner
    builtin-SwiftDriver -- /Applications/Xcode_26.6.app/Contents/Developer/Toolchains/XcodeDefault.xctoolchain/usr/bin/swiftc -module-name FamilienplanerUITests -Onone @/Users/runner/Library/Developer/Xcode/DerivedData/Familienplaner-dmcrrzfthkjbwogvslwbznxtcpok/Build/Intermediates.noindex/Familienplaner.build/Debug-iphonesimulator/FamilienplanerUITests.build/Objects-normal/arm64/FamilienplanerUITests.SwiftFileList -DDEBUG -module-alias Testing\=_Testing_Unavailable -plugin-path /Applications/Xcode_26.6.app/Contents/Developer/Toolchains/XcodeDefault.xctoolchain/usr/lib/swift/host/plugins/testing -enable-bare-slash-regex -enable-experimental-feature DebugDescriptionMacro -sdk /Applications/Xcode_26.6.app/Contents/Developer/Platforms/iPhoneSimulator.platform/Developer/SDKs/iPhoneSimulator26.5.sdk -target arm64-apple-ios26.0-simulator -g -module-cache-path /Users/runner/Library/Developer/Xcode/DerivedData/ModuleCache.noindex -Xfrontend -serialize-debugging-options -profile-coverage-mapping -profile-generate -enable-testing -index-store-path /Users/runner/Library/Developer/Xcode/DerivedData/Familienplaner-dmcrrzfthkjbwogvslwbznxtcpok/Index.noindex/DataStore -Xcc -D_LIBCPP_HARDENING_MODE\=_LIBCPP_HARDENING_MODE_DEBUG -swift-version 5 -I /Users/runner/Library/Developer/Xcode/DerivedData/Familienplaner-dmcrrzfthkjbwogvslwbznxtcpok/Build/Products/Debug-iphonesimulator -Isystem /Applications/Xcode_26.6.app/Contents/Developer/Platforms/iPhoneSimulator.platform/Developer/usr/lib -F /Users/runner/Library/Developer/Xcode/DerivedData/Familienplaner-dmcrrzfthkjbwogvslwbznxtcpok/Build/Products/Debug-iphonesimulator -F /Applications/Xcode_26.6.app/Contents/Developer/Platforms/iPhoneSimulator.platform/Developer/Library/Frameworks -F /Applications/Xcode_26.6.app/Contents/Developer/Platforms/iPhoneSimulator.platform/Developer/SDKs/iPhoneSimulator26.5.sdk/Developer/Library/Frameworks -c -j3 -enable-batch-mode -incremental -Xcc -ivfsstatcache -Xcc /Users/runner/Library/Developer/Xcode/DerivedData/SDKStatCaches.noindex/iphonesimulator26.5-23F81a-688ef53f1462e2c8f657fdc38a81448ff45c64a1807a658693f2a61704f17a36.sdkstatcache -output-file-map /Users/runner/Library/Developer/Xcode/DerivedData/Familienplaner-dmcrrzfthkjbwogvslwbznxtcpok/Build/Intermediates.noindex/Familienplaner.build/Debug-iphonesimulator/FamilienplanerUITests.build/Objects-normal/arm64/FamilienplanerUITests-OutputFileMap.json -use-frontend-parseable-output -save-temps -no-color-diagnostics -explicit-module-build -module-cache-path /Users/runner/Library/Developer/Xcode/DerivedData/Familienplaner-dmcrrzfthkjbwogvslwbznxtcpok/Build/Intermediates.noindex/SwiftExplicitPrecompiledModules -clang-scanner-module-cache-path /Users/runner/Library/Developer/Xcode/DerivedData/ModuleCache.noindex -sdk-module-cache-path /Users/runner/Library/Developer/Xcode/DerivedData/ModuleCache.noindex -serialize-diagnostics -emit-dependencies -emit-module -emit-module-path /Users/runner/Library/Developer/Xcode/DerivedData/Familienplaner-dmcrrzfthkjbwogvslwbznxtcpok/Build/Intermediates.noindex/Familienplaner.build/Debug-iphonesimulator/FamilienplanerUITests.build/Objects-normal/arm64/FamilienplanerUITests.swiftmodule -validate-clang-modules-once -clang-build-session-file /Users/runner/Library/Developer/Xcode/DerivedData/ModuleCache.noindex/Session.modulevalidation -Xcc -I/Users/runner/Library/Developer/Xcode/DerivedData/Familienplaner-dmcrrzfthkjbwogvslwbznxtcpok/Build/Intermediates.noindex/Familienplaner.build/Debug-iphonesimulator/FamilienplanerUITests.build/swift-overrides.hmap -emit-const-values -Xfrontend -const-gather-protocols-file -Xfrontend /Users/runner/Library/Developer/Xcode/DerivedData/Familienplaner-dmcrrzfthkjbwogvslwbznxtcpok/Build/Intermediates.noindex/Familienplaner.build/Debug-iphonesimulator/FamilienplanerUITests.build/Objects-normal/arm64/FamilienplanerUITests_const_extract_protocols.json -Xcc -iquote -Xcc /Users/runner/Library/Developer/Xcode/DerivedData/Familienplaner-dmcrrzfthkjbwogvslwbznxtcpok/Build/Intermediates.noindex/Familienplaner.build/Debug-iphonesimulator/FamilienplanerUITests.build/FamilienplanerUITests-generated-files.hmap -Xcc -I/Users/runner/Library/Developer/Xcode/DerivedData/Familienplaner-dmcrrzfthkjbwogvslwbznxtcpok/Build/Intermediates.noindex/Familienplaner.build/Debug-iphonesimulator/FamilienplanerUITests.build/FamilienplanerUITests-own-target-headers.hmap -Xcc -I/Users/runner/Library/Developer/Xcode/DerivedData/Familienplaner-dmcrrzfthkjbwogvslwbznxtcpok/Build/Intermediates.noindex/Familienplaner.build/Debug-iphonesimulator/FamilienplanerUITests.build/FamilienplanerUITests-all-target-headers.hmap -Xcc -iquote -Xcc /Users/runner/Library/Developer/Xcode/DerivedData/Familienplaner-dmcrrzfthkjbwogvslwbznxtcpok/Build/Intermediates.noindex/Familienplaner.build/Debug-iphonesimulator/FamilienplanerUITests.build/FamilienplanerUITests-project-headers.hmap -Xcc -I/Users/runner/Library/Developer/Xcode/DerivedData/Familienplaner-dmcrrzfthkjbwogvslwbznxtcpok/Build/Products/Debug-iphonesimulator/include -Xcc -I/Users/runner/Library/Developer/Xcode/DerivedData/Familienplaner-dmcrrzfthkjbwogvslwbznxtcpok/Build/Intermediates.noindex/Familienplaner.build/Debug-iphonesimulator/FamilienplanerUITests.build/DerivedSources-normal/arm64 -Xcc -I/Users/runner/Library/Developer/Xcode/DerivedData/Familienplaner-dmcrrzfthkjbwogvslwbznxtcpok/Build/Intermediates.noindex/Familienplaner.build/Debug-iphonesimulator/FamilienplanerUITests.build/DerivedSources/arm64 -Xcc -I/Users/runner/Library/Developer/Xcode/DerivedData/Familienplaner-dmcrrzfthkjbwogvslwbznxtcpok/Build/Intermediates.noindex/Familienplaner.build/Debug-iphonesimulator/FamilienplanerUITests.build/DerivedSources -Xcc -DDEBUG\=1 -emit-objc-header -emit-objc-header-path /Users/runner/Library/Developer/Xcode/DerivedData/Familienplaner-dmcrrzfthkjbwogvslwbznxtcpok/Build/Intermediates.noindex/Familienplaner.build/Debug-iphonesimulator/FamilienplanerUITests.build/Objects-normal/arm64/FamilienplanerUITests-Swift.h -working-directory /Users/runner/work/familienplaner/familienplaner -experimental-emit-module-separately -disable-cmo

RegisterExecutionPolicyException /Users/runner/Library/Developer/Xcode/DerivedData/Familienplaner-dmcrrzfthkjbwogvslwbznxtcpok/Build/Products/Debug-watchsimulator/FamilienplanerWatch.app (in target 'FamilienplanerWatch' from project 'Familienplaner')
    cd /Users/runner/work/familienplaner/familienplaner
    builtin-RegisterExecutionPolicyException /Users/runner/Library/Developer/Xcode/DerivedData/Familienplaner-dmcrrzfthkjbwogvslwbznxtcpok/Build/Products/Debug-watchsimulator/FamilienplanerWatch.app

Validate /Users/runner/Library/Developer/Xcode/DerivedData/Familienplaner-dmcrrzfthkjbwogvslwbznxtcpok/Build/Products/Debug-watchsimulator/FamilienplanerWatch.app (in target 'FamilienplanerWatch' from project 'Familienplaner')
    cd /Users/runner/work/familienplaner/familienplaner
    builtin-validationUtility /Users/runner/Library/Developer/Xcode/DerivedData/Familienplaner-dmcrrzfthkjbwogvslwbznxtcpok/Build/Products/Debug-watchsimulator/FamilienplanerWatch.app -shallow-bundle -infoplist-subpath Info.plist

SwiftDriver FamilienplanerTests normal arm64 com.apple.xcode.tools.swift.compiler (in target 'FamilienplanerTests' from project 'Familienplaner')
    cd /Users/runner/work/familienplaner/familienplaner
    builtin-SwiftDriver -- /Applications/Xcode_26.6.app/Contents/Developer/Toolchains/XcodeDefault.xctoolchain/usr/bin/swiftc -module-name FamilienplanerTests -Onone @/Users/runner/Library/Developer/Xcode/DerivedData/Familienplaner-dmcrrzfthkjbwogvslwbznxtcpok/Build/Intermediates.noindex/Familienplaner.build/Debug-iphonesimulator/FamilienplanerTests.build/Objects-normal/arm64/FamilienplanerTests.SwiftFileList -DDEBUG -plugin-path /Applications/Xcode_26.6.app/Contents/Developer/Toolchains/XcodeDefault.xctoolchain/usr/lib/swift/host/plugins/testing -enable-bare-slash-regex -enable-experimental-feature DebugDescriptionMacro -sdk /Applications/Xcode_26.6.app/Contents/Developer/Platforms/iPhoneSimulator.platform/Developer/SDKs/iPhoneSimulator26.5.sdk -target arm64-apple-ios26.0-simulator -g -module-cache-path /Users/runner/Library/Developer/Xcode/DerivedData/ModuleCache.noindex -Xfrontend -serialize-debugging-options -profile-coverage-mapping -profile-generate -enable-testing -index-store-path /Users/runner/Library/Developer/Xcode/DerivedData/Familienplaner-dmcrrzfthkjbwogvslwbznxtcpok/Index.noindex/DataStore -Xcc -D_LIBCPP_HARDENING_MODE\=_LIBCPP_HARDENING_MODE_DEBUG -swift-version 5 -I /Users/runner/Library/Developer/Xcode/DerivedData/Familienplaner-dmcrrzfthkjbwogvslwbznxtcpok/Build/Products/Debug-iphonesimulator -Isystem /Applications/Xcode_26.6.app/Contents/Developer/Platforms/iPhoneSimulator.platform/Developer/usr/lib -F /Users/runner/Library/Developer/Xcode/DerivedData/Familienplaner-dmcrrzfthkjbwogvslwbznxtcpok/Build/Products/Debug-iphonesimulator -F /Applications/Xcode_26.6.app/Contents/Developer/Platforms/iPhoneSimulator.platform/Developer/Library/Frameworks -F /Applications/Xcode_26.6.app/Contents/Developer/Platforms/iPhoneSimulator.platform/Developer/SDKs/iPhoneSimulator26.5.sdk/Developer/Library/Frameworks -c -j3 -enable-batch-mode -incremental -Xcc -ivfsstatcache -Xcc /Users/runner/Library/Developer/Xcode/DerivedData/SDKStatCaches.noindex/iphonesimulator26.5-23F81a-688ef53f1462e2c8f657fdc38a81448ff45c64a1807a658693f2a61704f17a36.sdkstatcache -output-file-map /Users/runner/Library/Developer/Xcode/DerivedData/Familienplaner-dmcrrzfthkjbwogvslwbznxtcpok/Build/Intermediates.noindex/Familienplaner.build/Debug-iphonesimulator/FamilienplanerTests.build/Objects-normal/arm64/FamilienplanerTests-OutputFileMap.json -use-frontend-parseable-output -save-temps -no-color-diagnostics -explicit-module-build -module-cache-path /Users/runner/Library/Developer/Xcode/DerivedData/Familienplaner-dmcrrzfthkjbwogvslwbznxtcpok/Build/Intermediates.noindex/SwiftExplicitPrecompiledModules -clang-scanner-module-cache-path /Users/runner/Library/Developer/Xcode/DerivedData/ModuleCache.noindex -sdk-module-cache-path /Users/runner/Library/Developer/Xcode/DerivedData/ModuleCache.noindex -serialize-diagnostics -emit-dependencies -emit-module -emit-module-path /Users/runner/Library/Developer/Xcode/DerivedData/Familienplaner-dmcrrzfthkjbwogvslwbznxtcpok/Build/Intermediates.noindex/Familienplaner.build/Debug-iphonesimulator/FamilienplanerTests.build/Objects-normal/arm64/FamilienplanerTests.swiftmodule -validate-clang-modules-once -clang-build-session-file /Users/runner/Library/Developer/Xcode/DerivedData/ModuleCache.noindex/Session.modulevalidation -Xcc -I/Users/runner/Library/Developer/Xcode/DerivedData/Familienplaner-dmcrrzfthkjbwogvslwbznxtcpok/Build/Intermediates.noindex/Familienplaner.build/Debug-iphonesimulator/FamilienplanerTests.build/swift-overrides.hmap -emit-const-values -Xfrontend -const-gather-protocols-file -Xfrontend /Users/runner/Library/Developer/Xcode/DerivedData/Familienplaner-dmcrrzfthkjbwogvslwbznxtcpok/Build/Intermediates.noindex/Familienplaner.build/Debug-iphonesimulator/FamilienplanerTests.build/Objects-normal/arm64/FamilienplanerTests_const_extract_protocols.json -Xcc -iquote -Xcc /Users/runner/Library/Developer/Xcode/DerivedData/Familienplaner-dmcrrzfthkjbwogvslwbznxtcpok/Build/Intermediates.noindex/Familienplaner.build/Debug-iphonesimulator/FamilienplanerTests.build/FamilienplanerTests-generated-files.hmap -Xcc -I/Users/runner/Library/Developer/Xcode/DerivedData/Familienplaner-dmcrrzfthkjbwogvslwbznxtcpok/Build/Intermediates.noindex/Familienplaner.build/Debug-iphonesimulator/FamilienplanerTests.build/FamilienplanerTests-own-target-headers.hmap -Xcc -I/Users/runner/Library/Developer/Xcode/DerivedData/Familienplaner-dmcrrzfthkjbwogvslwbznxtcpok/Build/Intermediates.noindex/Familienplaner.build/Debug-iphonesimulator/FamilienplanerTests.build/FamilienplanerTests-all-target-headers.hmap -Xcc -iquote -Xcc /Users/runner/Library/Developer/Xcode/DerivedData/Familienplaner-dmcrrzfthkjbwogvslwbznxtcpok/Build/Intermediates.noindex/Familienplaner.build/Debug-iphonesimulator/FamilienplanerTests.build/FamilienplanerTests-project-headers.hmap -Xcc -I/Users/runner/Library/Developer/Xcode/DerivedData/Familienplaner-dmcrrzfthkjbwogvslwbznxtcpok/Build/Products/Debug-iphonesimulator/include -Xcc -I/Users/runner/Library/Developer/Xcode/DerivedData/Familienplaner-dmcrrzfthkjbwogvslwbznxtcpok/Build/Intermediates.noindex/Familienplaner.build/Debug-iphonesimulator/FamilienplanerTests.build/DerivedSources-normal/arm64 -Xcc -I/Users/runner/Library/Developer/Xcode/DerivedData/Familienplaner-dmcrrzfthkjbwogvslwbznxtcpok/Build/Intermediates.noindex/Familienplaner.build/Debug-iphonesimulator/FamilienplanerTests.build/DerivedSources/arm64 -Xcc -I/Users/runner/Library/Developer/Xcode/DerivedData/Familienplaner-dmcrrzfthkjbwogvslwbznxtcpok/Build/Intermediates.noindex/Familienplaner.build/Debug-iphonesimulator/FamilienplanerTests.build/DerivedSources -Xcc -DDEBUG\=1 -emit-objc-header -emit-objc-header-path /Users/runner/Library/Developer/Xcode/DerivedData/Familienplaner-dmcrrzfthkjbwogvslwbznxtcpok/Build/Intermediates.noindex/Familienplaner.build/Debug-iphonesimulator/FamilienplanerTests.build/Objects-normal/arm64/FamilienplanerTests-Swift.h -working-directory /Users/runner/work/familienplaner/familienplaner -experimental-emit-module-separately -disable-cmo

Touch /Users/runner/Library/Developer/Xcode/DerivedData/Familienplaner-dmcrrzfthkjbwogvslwbznxtcpok/Build/Products/Debug-watchsimulator/FamilienplanerWatch.app (in target 'FamilienplanerWatch' from project 'Familienplaner')
    cd /Users/runner/work/familienplaner/familienplaner
    /usr/bin/touch -c /Users/runner/Library/Developer/Xcode/DerivedData/Familienplaner-dmcrrzfthkjbwogvslwbznxtcpok/Build/Products/Debug-watchsimulator/FamilienplanerWatch.app

SwiftExplicitDependencyGeneratePcm arm64 /Users/runner/Library/Developer/Xcode/DerivedData/Familienplaner-dmcrrzfthkjbwogvslwbznxtcpok/Build/Intermediates.noindex/SwiftExplicitPrecompiledModules/XCUIAutomation-2Q0KJO8O76O5DE5HMPKXRQBJK.pcm

SwiftExplicitDependencyCompileModuleFromInterface arm64 /Users/runner/Library/Developer/Xcode/DerivedData/Familienplaner-dmcrrzfthkjbwogvslwbznxtcpok/Build/Intermediates.noindex/SwiftExplicitPrecompiledModules/XCUIAutomation-24EPCEIWA6XV9.swiftmodule

SwiftExplicitDependencyGeneratePcm arm64 /Users/runner/Library/Developer/Xcode/DerivedData/Familienplaner-dmcrrzfthkjbwogvslwbznxtcpok/Build/Intermediates.noindex/SwiftExplicitPrecompiledModules/XCTest-87J9AXTK6PK68TK931WVNCWLI.pcm

SwiftExplicitDependencyCompileModuleFromInterface arm64 /Users/runner/Library/Developer/Xcode/DerivedData/Familienplaner-dmcrrzfthkjbwogvslwbznxtcpok/Build/Intermediates.noindex/SwiftExplicitPrecompiledModules/XCTest-21Y7XXRRV4FNB.swiftmodule

SwiftEmitModule normal arm64 Emitting\ module\ for\ FamilienplanerUITests (in target 'FamilienplanerUITests' from project 'Familienplaner')

EmitSwiftModule normal arm64 (in target 'FamilienplanerUITests' from project 'Familienplaner')
    cd /Users/runner/work/familienplaner/familienplaner
    

SwiftCompile normal arm64 Compiling\ EndToEndTests.swift,\ ScreenshotTests.swift /Users/runner/work/familienplaner/familienplaner/Tests/FamilienplanerUITests/EndToEndTests.swift /Users/runner/work/familienplaner/familienplaner/Tests/FamilienplanerUITests/ScreenshotTests.swift (in target 'FamilienplanerUITests' from project 'Familienplaner')

SwiftCompile normal arm64 /Users/runner/work/familienplaner/familienplaner/Tests/FamilienplanerUITests/EndToEndTests.swift (in target 'FamilienplanerUITests' from project 'Familienplaner')
    cd /Users/runner/work/familienplaner/familienplaner
    

SwiftCompile normal arm64 /Users/runner/work/familienplaner/familienplaner/Tests/FamilienplanerUITests/ScreenshotTests.swift (in target 'FamilienplanerUITests' from project 'Familienplaner')
    cd /Users/runner/work/familienplaner/familienplaner
    

SwiftDriverJobDiscovery normal arm64 Emitting module for FamilienplanerUITests (in target 'FamilienplanerUITests' from project 'Familienplaner')

SwiftDriver\ Compilation\ Requirements FamilienplanerUITests normal arm64 com.apple.xcode.tools.swift.compiler (in target 'FamilienplanerUITests' from project 'Familienplaner')
    cd /Users/runner/work/familienplaner/familienplaner
    builtin-Swift-Compilation-Requirements -- /Applications/Xcode_26.6.app/Contents/Developer/Toolchains/XcodeDefault.xctoolchain/usr/bin/swiftc -module-name FamilienplanerUITests -Onone @/Users/runner/Library/Developer/Xcode/DerivedData/Familienplaner-dmcrrzfthkjbwogvslwbznxtcpok/Build/Intermediates.noindex/Familienplaner.build/Debug-iphonesimulator/FamilienplanerUITests.build/Objects-normal/arm64/FamilienplanerUITests.SwiftFileList -DDEBUG -module-alias Testing\=_Testing_Unavailable -plugin-path /Applications/Xcode_26.6.app/Contents/Developer/Toolchains/XcodeDefault.xctoolchain/usr/lib/swift/host/plugins/testing -enable-bare-slash-regex -enable-experimental-feature DebugDescriptionMacro -sdk /Applications/Xcode_26.6.app/Contents/Developer/Platforms/iPhoneSimulator.platform/Developer/SDKs/iPhoneSimulator26.5.sdk -target arm64-apple-ios26.0-simulator -g -module-cache-path /Users/runner/Library/Developer/Xcode/DerivedData/ModuleCache.noindex -Xfrontend -serialize-debugging-options -profile-coverage-mapping -profile-generate -enable-testing -index-store-path /Users/runner/Library/Developer/Xcode/DerivedData/Familienplaner-dmcrrzfthkjbwogvslwbznxtcpok/Index.noindex/DataStore -Xcc -D_LIBCPP_HARDENING_MODE\=_LIBCPP_HARDENING_MODE_DEBUG -swift-version 5 -I /Users/runner/Library/Developer/Xcode/DerivedData/Familienplaner-dmcrrzfthkjbwogvslwbznxtcpok/Build/Products/Debug-iphonesimulator -Isystem /Applications/Xcode_26.6.app/Contents/Developer/Platforms/iPhoneSimulator.platform/Developer/usr/lib -F /Users/runner/Library/Developer/Xcode/DerivedData/Familienplaner-dmcrrzfthkjbwogvslwbznxtcpok/Build/Products/Debug-iphonesimulator -F /Applications/Xcode_26.6.app/Contents/Developer/Platforms/iPhoneSimulator.platform/Developer/Library/Frameworks -F /Applications/Xcode_26.6.app/Contents/Developer/Platforms/iPhoneSimulator.platform/Developer/SDKs/iPhoneSimulator26.5.sdk/Developer/Library/Frameworks -c -j3 -enable-batch-mode -incremental -Xcc -ivfsstatcache -Xcc /Users/runner/Library/Developer/Xcode/DerivedData/SDKStatCaches.noindex/iphonesimulator26.5-23F81a-688ef53f1462e2c8f657fdc38a81448ff45c64a1807a658693f2a61704f17a36.sdkstatcache -output-file-map /Users/runner/Library/Developer/Xcode/DerivedData/Familienplaner-dmcrrzfthkjbwogvslwbznxtcpok/Build/Intermediates.noindex/Familienplaner.build/Debug-iphonesimulator/FamilienplanerUITests.build/Objects-normal/arm64/FamilienplanerUITests-OutputFileMap.json -use-frontend-parseable-output -save-temps -no-color-diagnostics -explicit-module-build -module-cache-path /Users/runner/Library/Developer/Xcode/DerivedData/Familienplaner-dmcrrzfthkjbwogvslwbznxtcpok/Build/Intermediates.noindex/SwiftExplicitPrecompiledModules -clang-scanner-module-cache-path /Users/runner/Library/Developer/Xcode/DerivedData/ModuleCache.noindex -sdk-module-cache-path /Users/runner/Library/Developer/Xcode/DerivedData/ModuleCache.noindex -serialize-diagnostics -emit-dependencies -emit-module -emit-module-path /Users/runner/Library/Developer/Xcode/DerivedData/Familienplaner-dmcrrzfthkjbwogvslwbznxtcpok/Build/Intermediates.noindex/Familienplaner.build/Debug-iphonesimulator/FamilienplanerUITests.build/Objects-normal/arm64/FamilienplanerUITests.swiftmodule -validate-clang-modules-once -clang-build-session-file /Users/runner/Library/Developer/Xcode/DerivedData/ModuleCache.noindex/Session.modulevalidation -Xcc -I/Users/runner/Library/Developer/Xcode/DerivedData/Familienplaner-dmcrrzfthkjbwogvslwbznxtcpok/Build/Intermediates.noindex/Familienplaner.build/Debug-iphonesimulator/FamilienplanerUITests.build/swift-overrides.hmap -emit-const-values -Xfrontend -const-gather-protocols-file -Xfrontend /Users/runner/Library/Developer/Xcode/DerivedData/Familienplaner-dmcrrzfthkjbwogvslwbznxtcpok/Build/Intermediates.noindex/Familienplaner.build/Debug-iphonesimulator/FamilienplanerUITests.build/Objects-normal/arm64/FamilienplanerUITests_const_extract_protocols.json -Xcc -iquote -Xcc /Users/runner/Library/Developer/Xcode/DerivedData/Familienplaner-dmcrrzfthkjbwogvslwbznxtcpok/Build/Intermediates.noindex/Familienplaner.build/Debug-iphonesimulator/FamilienplanerUITests.build/FamilienplanerUITests-generated-files.hmap -Xcc -I/Users/runner/Library/Developer/Xcode/DerivedData/Familienplaner-dmcrrzfthkjbwogvslwbznxtcpok/Build/Intermediates.noindex/Familienplaner.build/Debug-iphonesimulator/FamilienplanerUITests.build/FamilienplanerUITests-own-target-headers.hmap -Xcc -I/Users/runner/Library/Developer/Xcode/DerivedData/Familienplaner-dmcrrzfthkjbwogvslwbznxtcpok/Build/Intermediates.noindex/Familienplaner.build/Debug-iphonesimulator/FamilienplanerUITests.build/FamilienplanerUITests-all-target-headers.hmap -Xcc -iquote -Xcc /Users/runner/Library/Developer/Xcode/DerivedData/Familienplaner-dmcrrzfthkjbwogvslwbznxtcpok/Build/Intermediates.noindex/Familienplaner.build/Debug-iphonesimulator/FamilienplanerUITests.build/FamilienplanerUITests-project-headers.hmap -Xcc -I/Users/runner/Library/Developer/Xcode/DerivedData/Familienplaner-dmcrrzfthkjbwogvslwbznxtcpok/Build/Products/Debug-iphonesimulator/include -Xcc -I/Users/runner/Library/Developer/Xcode/DerivedData/Familienplaner-dmcrrzfthkjbwogvslwbznxtcpok/Build/Intermediates.noindex/Familienplaner.build/Debug-iphonesimulator/FamilienplanerUITests.build/DerivedSources-normal/arm64 -Xcc -I/Users/runner/Library/Developer/Xcode/DerivedData/Familienplaner-dmcrrzfthkjbwogvslwbznxtcpok/Build/Intermediates.noindex/Familienplaner.build/Debug-iphonesimulator/FamilienplanerUITests.build/DerivedSources/arm64 -Xcc -I/Users/runner/Library/Developer/Xcode/DerivedData/Familienplaner-dmcrrzfthkjbwogvslwbznxtcpok/Build/Intermediates.noindex/Familienplaner.build/Debug-iphonesimulator/FamilienplanerUITests.build/DerivedSources -Xcc -DDEBUG\=1 -emit-objc-header -emit-objc-header-path /Users/runner/Library/Developer/Xcode/DerivedData/Familienplaner-dmcrrzfthkjbwogvslwbznxtcpok/Build/Intermediates.noindex/Familienplaner.build/Debug-iphonesimulator/FamilienplanerUITests.build/Objects-normal/arm64/FamilienplanerUITests-Swift.h -working-directory /Users/runner/work/familienplaner/familienplaner -experimental-emit-module-separately -disable-cmo

SwiftEmitModule normal arm64 Emitting\ module\ for\ FamilienplanerTests (in target 'FamilienplanerTests' from project 'Familienplaner')

EmitSwiftModule normal arm64 (in target 'FamilienplanerTests' from project 'Familienplaner')
    cd /Users/runner/work/familienplaner/familienplaner
    

SwiftDriverJobDiscovery normal arm64 Emitting module for FamilienplanerTests (in target 'FamilienplanerTests' from project 'Familienplaner')

SwiftMergeGeneratedHeaders /Users/runner/Library/Developer/Xcode/DerivedData/Familienplaner-dmcrrzfthkjbwogvslwbznxtcpok/Build/Intermediates.noindex/Familienplaner.build/Debug-iphonesimulator/FamilienplanerUITests.build/DerivedSources/FamilienplanerUITests-Swift.h /Users/runner/Library/Developer/Xcode/DerivedData/Familienplaner-dmcrrzfthkjbwogvslwbznxtcpok/Build/Intermediates.noindex/Familienplaner.build/Debug-iphonesimulator/FamilienplanerUITests.build/Objects-normal/arm64/FamilienplanerUITests-Swift.h (in target 'FamilienplanerUITests' from project 'Familienplaner')
    cd /Users/runner/work/familienplaner/familienplaner
    builtin-swiftHeaderTool -arch arm64 /Users/runner/Library/Developer/Xcode/DerivedData/Familienplaner-dmcrrzfthkjbwogvslwbznxtcpok/Build/Intermediates.noindex/Familienplaner.build/Debug-iphonesimulator/FamilienplanerUITests.build/Objects-normal/arm64/FamilienplanerUITests-Swift.h -o /Users/runner/Library/Developer/Xcode/DerivedData/Familienplaner-dmcrrzfthkjbwogvslwbznxtcpok/Build/Intermediates.noindex/Familienplaner.build/Debug-iphonesimulator/FamilienplanerUITests.build/DerivedSources/FamilienplanerUITests-Swift.h

Copy /Users/runner/Library/Developer/Xcode/DerivedData/Familienplaner-dmcrrzfthkjbwogvslwbznxtcpok/Build/Products/Debug-iphonesimulator/FamilienplanerUITests.swiftmodule/arm64-apple-ios-simulator.swiftmodule /Users/runner/Library/Developer/Xcode/DerivedData/Familienplaner-dmcrrzfthkjbwogvslwbznxtcpok/Build/Intermediates.noindex/Familienplaner.build/Debug-iphonesimulator/FamilienplanerUITests.build/Objects-normal/arm64/FamilienplanerUITests.swiftmodule (in target 'FamilienplanerUITests' from project 'Familienplaner')
    cd /Users/runner/work/familienplaner/familienplaner
    builtin-copy -exclude .DS_Store -exclude CVS -exclude .svn -exclude .git -exclude .hg -resolve-src-symlinks -rename /Users/runner/Library/Developer/Xcode/DerivedData/Familienplaner-dmcrrzfthkjbwogvslwbznxtcpok/Build/Intermediates.noindex/Familienplaner.build/Debug-iphonesimulator/FamilienplanerUITests.build/Objects-normal/arm64/FamilienplanerUITests.swiftmodule /Users/runner/Library/Developer/Xcode/DerivedData/Familienplaner-dmcrrzfthkjbwogvslwbznxtcpok/Build/Products/Debug-iphonesimulator/FamilienplanerUITests.swiftmodule/arm64-apple-ios-simulator.swiftmodule

Copy /Users/runner/Library/Developer/Xcode/DerivedData/Familienplaner-dmcrrzfthkjbwogvslwbznxtcpok/Build/Products/Debug-iphonesimulator/FamilienplanerUITests.swiftmodule/arm64-apple-ios-simulator.swiftdoc /Users/runner/Library/Developer/Xcode/DerivedData/Familienplaner-dmcrrzfthkjbwogvslwbznxtcpok/Build/Intermediates.noindex/Familienplaner.build/Debug-iphonesimulator/FamilienplanerUITests.build/Objects-normal/arm64/FamilienplanerUITests.swiftdoc (in target 'FamilienplanerUITests' from project 'Familienplaner')
    cd /Users/runner/work/familienplaner/familienplaner
    builtin-copy -exclude .DS_Store -exclude CVS -exclude .svn -exclude .git -exclude .hg -resolve-src-symlinks -rename /Users/runner/Library/Developer/Xcode/DerivedData/Familienplaner-dmcrrzfthkjbwogvslwbznxtcpok/Build/Intermediates.noindex/Familienplaner.build/Debug-iphonesimulator/FamilienplanerUITests.build/Objects-normal/arm64/FamilienplanerUITests.swiftdoc /Users/runner/Library/Developer/Xcode/DerivedData/Familienplaner-dmcrrzfthkjbwogvslwbznxtcpok/Build/Products/Debug-iphonesimulator/FamilienplanerUITests.swiftmodule/arm64-apple-ios-simulator.swiftdoc

Copy /Users/runner/Library/Developer/Xcode/DerivedData/Familienplaner-dmcrrzfthkjbwogvslwbznxtcpok/Build/Products/Debug-iphonesimulator/FamilienplanerUITests.swiftmodule/arm64-apple-ios-simulator.abi.json /Users/runner/Library/Developer/Xcode/DerivedData/Familienplaner-dmcrrzfthkjbwogvslwbznxtcpok/Build/Intermediates.noindex/Familienplaner.build/Debug-iphonesimulator/FamilienplanerUITests.build/Objects-normal/arm64/FamilienplanerUITests.abi.json (in target 'FamilienplanerUITests' from project 'Familienplaner')
    cd /Users/runner/work/familienplaner/familienplaner
    builtin-copy -exclude .DS_Store -exclude CVS -exclude .svn -exclude .git -exclude .hg -resolve-src-symlinks -rename /Users/runner/Library/Developer/Xcode/DerivedData/Familienplaner-dmcrrzfthkjbwogvslwbznxtcpok/Build/Intermediates.noindex/Familienplaner.build/Debug-iphonesimulator/FamilienplanerUITests.build/Objects-normal/arm64/FamilienplanerUITests.abi.json /Users/runner/Library/Developer/Xcode/DerivedData/Familienplaner-dmcrrzfthkjbwogvslwbznxtcpok/Build/Products/Debug-iphonesimulator/FamilienplanerUITests.swiftmodule/arm64-apple-ios-simulator.abi.json

Copy /Users/runner/Library/Developer/Xcode/DerivedData/Familienplaner-dmcrrzfthkjbwogvslwbznxtcpok/Build/Products/Debug-iphonesimulator/FamilienplanerUITests.swiftmodule/Project/arm64-apple-ios-simulator.swiftsourceinfo /Users/runner/Library/Developer/Xcode/DerivedData/Familienplaner-dmcrrzfthkjbwogvslwbznxtcpok/Build/Intermediates.noindex/Familienplaner.build/Debug-iphonesimulator/FamilienplanerUITests.build/Objects-normal/arm64/FamilienplanerUITests.swiftsourceinfo (in target 'FamilienplanerUITests' from project 'Familienplaner')
    cd /Users/runner/work/familienplaner/familienplaner
    builtin-copy -exclude .DS_Store -exclude CVS -exclude .svn -exclude .git -exclude .hg -resolve-src-symlinks -rename /Users/runner/Library/Developer/Xcode/DerivedData/Familienplaner-dmcrrzfthkjbwogvslwbznxtcpok/Build/Intermediates.noindex/Familienplaner.build/Debug-iphonesimulator/FamilienplanerUITests.build/Objects-normal/arm64/FamilienplanerUITests.swiftsourceinfo /Users/runner/Library/Developer/Xcode/DerivedData/Familienplaner-dmcrrzfthkjbwogvslwbznxtcpok/Build/Products/Debug-iphonesimulator/FamilienplanerUITests.swiftmodule/Project/arm64-apple-ios-simulator.swiftsourceinfo

SwiftDriver\ Compilation\ Requirements FamilienplanerTests normal arm64 com.apple.xcode.tools.swift.compiler (in target 'FamilienplanerTests' from project 'Familienplaner')
    cd /Users/runner/work/familienplaner/familienplaner
    builtin-Swift-Compilation-Requirements -- /Applications/Xcode_26.6.app/Contents/Developer/Toolchains/XcodeDefault.xctoolchain/usr/bin/swiftc -module-name FamilienplanerTests -Onone @/Users/runner/Library/Developer/Xcode/DerivedData/Familienplaner-dmcrrzfthkjbwogvslwbznxtcpok/Build/Intermediates.noindex/Familienplaner.build/Debug-iphonesimulator/FamilienplanerTests.build/Objects-normal/arm64/FamilienplanerTests.SwiftFileList -DDEBUG -plugin-path /Applications/Xcode_26.6.app/Contents/Developer/Toolchains/XcodeDefault.xctoolchain/usr/lib/swift/host/plugins/testing -enable-bare-slash-regex -enable-experimental-feature DebugDescriptionMacro -sdk /Applications/Xcode_26.6.app/Contents/Developer/Platforms/iPhoneSimulator.platform/Developer/SDKs/iPhoneSimulator26.5.sdk -target arm64-apple-ios26.0-simulator -g -module-cache-path /Users/runner/Library/Developer/Xcode/DerivedData/ModuleCache.noindex -Xfrontend -serialize-debugging-options -profile-coverage-mapping -profile-generate -enable-testing -index-store-path /Users/runner/Library/Developer/Xcode/DerivedData/Familienplaner-dmcrrzfthkjbwogvslwbznxtcpok/Index.noindex/DataStore -Xcc -D_LIBCPP_HARDENING_MODE\=_LIBCPP_HARDENING_MODE_DEBUG -swift-version 5 -I /Users/runner/Library/Developer/Xcode/DerivedData/Familienplaner-dmcrrzfthkjbwogvslwbznxtcpok/Build/Products/Debug-iphonesimulator -Isystem /Applications/Xcode_26.6.app/Contents/Developer/Platforms/iPhoneSimulator.platform/Developer/usr/lib -F /Users/runner/Library/Developer/Xcode/DerivedData/Familienplaner-dmcrrzfthkjbwogvslwbznxtcpok/Build/Products/Debug-iphonesimulator -F /Applications/Xcode_26.6.app/Contents/Developer/Platforms/iPhoneSimulator.platform/Developer/Library/Frameworks -F /Applications/Xcode_26.6.app/Contents/Developer/Platforms/iPhoneSimulator.platform/Developer/SDKs/iPhoneSimulator26.5.sdk/Developer/Library/Frameworks -c -j3 -enable-batch-mode -incremental -Xcc -ivfsstatcache -Xcc /Users/runner/Library/Developer/Xcode/DerivedData/SDKStatCaches.noindex/iphonesimulator26.5-23F81a-688ef53f1462e2c8f657fdc38a81448ff45c64a1807a658693f2a61704f17a36.sdkstatcache -output-file-map /Users/runner/Library/Developer/Xcode/DerivedData/Familienplaner-dmcrrzfthkjbwogvslwbznxtcpok/Build/Intermediates.noindex/Familienplaner.build/Debug-iphonesimulator/FamilienplanerTests.build/Objects-normal/arm64/FamilienplanerTests-OutputFileMap.json -use-frontend-parseable-output -save-temps -no-color-diagnostics -explicit-module-build -module-cache-path /Users/runner/Library/Developer/Xcode/DerivedData/Familienplaner-dmcrrzfthkjbwogvslwbznxtcpok/Build/Intermediates.noindex/SwiftExplicitPrecompiledModules -clang-scanner-module-cache-path /Users/runner/Library/Developer/Xcode/DerivedData/ModuleCache.noindex -sdk-module-cache-path /Users/runner/Library/Developer/Xcode/DerivedData/ModuleCache.noindex -serialize-diagnostics -emit-dependencies -emit-module -emit-module-path /Users/runner/Library/Developer/Xcode/DerivedData/Familienplaner-dmcrrzfthkjbwogvslwbznxtcpok/Build/Intermediates.noindex/Familienplaner.build/Debug-iphonesimulator/FamilienplanerTests.build/Objects-normal/arm64/FamilienplanerTests.swiftmodule -validate-clang-modules-once -clang-build-session-file /Users/runner/Library/Developer/Xcode/DerivedData/ModuleCache.noindex/Session.modulevalidation -Xcc -I/Users/runner/Library/Developer/Xcode/DerivedData/Familienplaner-dmcrrzfthkjbwogvslwbznxtcpok/Build/Intermediates.noindex/Familienplaner.build/Debug-iphonesimulator/FamilienplanerTests.build/swift-overrides.hmap -emit-const-values -Xfrontend -const-gather-protocols-file -Xfrontend /Users/runner/Library/Developer/Xcode/DerivedData/Familienplaner-dmcrrzfthkjbwogvslwbznxtcpok/Build/Intermediates.noindex/Familienplaner.build/Debug-iphonesimulator/FamilienplanerTests.build/Objects-normal/arm64/FamilienplanerTests_const_extract_protocols.json -Xcc -iquote -Xcc /Users/runner/Library/Developer/Xcode/DerivedData/Familienplaner-dmcrrzfthkjbwogvslwbznxtcpok/Build/Intermediates.noindex/Familienplaner.build/Debug-iphonesimulator/FamilienplanerTests.build/FamilienplanerTests-generated-files.hmap -Xcc -I/Users/runner/Library/Developer/Xcode/DerivedData/Familienplaner-dmcrrzfthkjbwogvslwbznxtcpok/Build/Intermediates.noindex/Familienplaner.build/Debug-iphonesimulator/FamilienplanerTests.build/FamilienplanerTests-own-target-headers.hmap -Xcc -I/Users/runner/Library/Developer/Xcode/DerivedData/Familienplaner-dmcrrzfthkjbwogvslwbznxtcpok/Build/Intermediates.noindex/Familienplaner.build/Debug-iphonesimulator/FamilienplanerTests.build/FamilienplanerTests-all-target-headers.hmap -Xcc -iquote -Xcc /Users/runner/Library/Developer/Xcode/DerivedData/Familienplaner-dmcrrzfthkjbwogvslwbznxtcpok/Build/Intermediates.noindex/Familienplaner.build/Debug-iphonesimulator/FamilienplanerTests.build/FamilienplanerTests-project-headers.hmap -Xcc -I/Users/runner/Library/Developer/Xcode/DerivedData/Familienplaner-dmcrrzfthkjbwogvslwbznxtcpok/Build/Products/Debug-iphonesimulator/include -Xcc -I/Users/runner/Library/Developer/Xcode/DerivedData/Familienplaner-dmcrrzfthkjbwogvslwbznxtcpok/Build/Intermediates.noindex/Familienplaner.build/Debug-iphonesimulator/FamilienplanerTests.build/DerivedSources-normal/arm64 -Xcc -I/Users/runner/Library/Developer/Xcode/DerivedData/Familienplaner-dmcrrzfthkjbwogvslwbznxtcpok/Build/Intermediates.noindex/Familienplaner.build/Debug-iphonesimulator/FamilienplanerTests.build/DerivedSources/arm64 -Xcc -I/Users/runner/Library/Developer/Xcode/DerivedData/Familienplaner-dmcrrzfthkjbwogvslwbznxtcpok/Build/Intermediates.noindex/Familienplaner.build/Debug-iphonesimulator/FamilienplanerTests.build/DerivedSources -Xcc -DDEBUG\=1 -emit-objc-header -emit-objc-header-path /Users/runner/Library/Developer/Xcode/DerivedData/Familienplaner-dmcrrzfthkjbwogvslwbznxtcpok/Build/Intermediates.noindex/Familienplaner.build/Debug-iphonesimulator/FamilienplanerTests.build/Objects-normal/arm64/FamilienplanerTests-Swift.h -working-directory /Users/runner/work/familienplaner/familienplaner -experimental-emit-module-separately -disable-cmo

SwiftMergeGeneratedHeaders /Users/runner/Library/Developer/Xcode/DerivedData/Familienplaner-dmcrrzfthkjbwogvslwbznxtcpok/Build/Intermediates.noindex/Familienplaner.build/Debug-iphonesimulator/FamilienplanerTests.build/DerivedSources/FamilienplanerTests-Swift.h /Users/runner/Library/Developer/Xcode/DerivedData/Familienplaner-dmcrrzfthkjbwogvslwbznxtcpok/Build/Intermediates.noindex/Familienplaner.build/Debug-iphonesimulator/FamilienplanerTests.build/Objects-normal/arm64/FamilienplanerTests-Swift.h (in target 'FamilienplanerTests' from project 'Familienplaner')
    cd /Users/runner/work/familienplaner/familienplaner
    builtin-swiftHeaderTool -arch arm64 /Users/runner/Library/Developer/Xcode/DerivedData/Familienplaner-dmcrrzfthkjbwogvslwbznxtcpok/Build/Intermediates.noindex/Familienplaner.build/Debug-iphonesimulator/FamilienplanerTests.build/Objects-normal/arm64/FamilienplanerTests-Swift.h -o /Users/runner/Library/Developer/Xcode/DerivedData/Familienplaner-dmcrrzfthkjbwogvslwbznxtcpok/Build/Intermediates.noindex/Familienplaner.build/Debug-iphonesimulator/FamilienplanerTests.build/DerivedSources/FamilienplanerTests-Swift.h

Copy /Users/runner/Library/Developer/Xcode/DerivedData/Familienplaner-dmcrrzfthkjbwogvslwbznxtcpok/Build/Products/Debug-iphonesimulator/FamilienplanerTests.swiftmodule/arm64-apple-ios-simulator.swiftmodule /Users/runner/Library/Developer/Xcode/DerivedData/Familienplaner-dmcrrzfthkjbwogvslwbznxtcpok/Build/Intermediates.noindex/Familienplaner.build/Debug-iphonesimulator/FamilienplanerTests.build/Objects-normal/arm64/FamilienplanerTests.swiftmodule (in target 'FamilienplanerTests' from project 'Familienplaner')
    cd /Users/runner/work/familienplaner/familienplaner
    builtin-copy -exclude .DS_Store -exclude CVS -exclude .svn -exclude .git -exclude .hg -resolve-src-symlinks -rename /Users/runner/Library/Developer/Xcode/DerivedData/Familienplaner-dmcrrzfthkjbwogvslwbznxtcpok/Build/Intermediates.noindex/Familienplaner.build/Debug-iphonesimulator/FamilienplanerTests.build/Objects-normal/arm64/FamilienplanerTests.swiftmodule /Users/runner/Library/Developer/Xcode/DerivedData/Familienplaner-dmcrrzfthkjbwogvslwbznxtcpok/Build/Products/Debug-iphonesimulator/FamilienplanerTests.swiftmodule/arm64-apple-ios-simulator.swiftmodule

Copy /Users/runner/Library/Developer/Xcode/DerivedData/Familienplaner-dmcrrzfthkjbwogvslwbznxtcpok/Build/Products/Debug-iphonesimulator/FamilienplanerTests.swiftmodule/arm64-apple-ios-simulator.swiftdoc /Users/runner/Library/Developer/Xcode/DerivedData/Familienplaner-dmcrrzfthkjbwogvslwbznxtcpok/Build/Intermediates.noindex/Familienplaner.build/Debug-iphonesimulator/FamilienplanerTests.build/Objects-normal/arm64/FamilienplanerTests.swiftdoc (in target 'FamilienplanerTests' from project 'Familienplaner')
    cd /Users/runner/work/familienplaner/familienplaner
    builtin-copy -exclude .DS_Store -exclude CVS -exclude .svn -exclude .git -exclude .hg -resolve-src-symlinks -rename /Users/runner/Library/Developer/Xcode/DerivedData/Familienplaner-dmcrrzfthkjbwogvslwbznxtcpok/Build/Intermediates.noindex/Familienplaner.build/Debug-iphonesimulator/FamilienplanerTests.build/Objects-normal/arm64/FamilienplanerTests.swiftdoc /Users/runner/Library/Developer/Xcode/DerivedData/Familienplaner-dmcrrzfthkjbwogvslwbznxtcpok/Build/Products/Debug-iphonesimulator/FamilienplanerTests.swiftmodule/arm64-apple-ios-simulator.swiftdoc

Copy /Users/runner/Library/Developer/Xcode/DerivedData/Familienplaner-dmcrrzfthkjbwogvslwbznxtcpok/Build/Products/Debug-iphonesimulator/FamilienplanerTests.swiftmodule/arm64-apple-ios-simulator.abi.json /Users/runner/Library/Developer/Xcode/DerivedData/Familienplaner-dmcrrzfthkjbwogvslwbznxtcpok/Build/Intermediates.noindex/Familienplaner.build/Debug-iphonesimulator/FamilienplanerTests.build/Objects-normal/arm64/FamilienplanerTests.abi.json (in target 'FamilienplanerTests' from project 'Familienplaner')
    cd /Users/runner/work/familienplaner/familienplaner
    builtin-copy -exclude .DS_Store -exclude CVS -exclude .svn -exclude .git -exclude .hg -resolve-src-symlinks -rename /Users/runner/Library/Developer/Xcode/DerivedData/Familienplaner-dmcrrzfthkjbwogvslwbznxtcpok/Build/Intermediates.noindex/Familienplaner.build/Debug-iphonesimulator/FamilienplanerTests.build/Objects-normal/arm64/FamilienplanerTests.abi.json /Users/runner/Library/Developer/Xcode/DerivedData/Familienplaner-dmcrrzfthkjbwogvslwbznxtcpok/Build/Products/Debug-iphonesimulator/FamilienplanerTests.swiftmodule/arm64-apple-ios-simulator.abi.json

Copy /Users/runner/Library/Developer/Xcode/DerivedData/Familienplaner-dmcrrzfthkjbwogvslwbznxtcpok/Build/Products/Debug-iphonesimulator/FamilienplanerTests.swiftmodule/Project/arm64-apple-ios-simulator.swiftsourceinfo /Users/runner/Library/Developer/Xcode/DerivedData/Familienplaner-dmcrrzfthkjbwogvslwbznxtcpok/Build/Intermediates.noindex/Familienplaner.build/Debug-iphonesimulator/FamilienplanerTests.build/Objects-normal/arm64/FamilienplanerTests.swiftsourceinfo (in target 'FamilienplanerTests' from project 'Familienplaner')
    cd /Users/runner/work/familienplaner/familienplaner
    builtin-copy -exclude .DS_Store -exclude CVS -exclude .svn -exclude .git -exclude .hg -resolve-src-symlinks -rename /Users/runner/Library/Developer/Xcode/DerivedData/Familienplaner-dmcrrzfthkjbwogvslwbznxtcpok/Build/Intermediates.noindex/Familienplaner.build/Debug-iphonesimulator/FamilienplanerTests.build/Objects-normal/arm64/FamilienplanerTests.swiftsourceinfo /Users/runner/Library/Developer/Xcode/DerivedData/Familienplaner-dmcrrzfthkjbwogvslwbznxtcpok/Build/Products/Debug-iphonesimulator/FamilienplanerTests.swiftmodule/Project/arm64-apple-ios-simulator.swiftsourceinfo

SwiftCompile normal arm64 Compiling\ SmokeTests.swift /Users/runner/work/familienplaner/familienplaner/Tests/FamilienplanerUITests/SmokeTests.swift (in target 'FamilienplanerUITests' from project 'Familienplaner')

SwiftCompile normal arm64 /Users/runner/work/familienplaner/familienplaner/Tests/FamilienplanerUITests/SmokeTests.swift (in target 'FamilienplanerUITests' from project 'Familienplaner')
    cd /Users/runner/work/familienplaner/familienplaner
    

SwiftCompile normal arm64 Compiling\ UITestSupport.swift /Users/runner/work/familienplaner/familienplaner/Tests/FamilienplanerUITests/UITestSupport.swift (in target 'FamilienplanerUITests' from project 'Familienplaner')

SwiftCompile normal arm64 /Users/runner/work/familienplaner/familienplaner/Tests/FamilienplanerUITests/UITestSupport.swift (in target 'FamilienplanerUITests' from project 'Familienplaner')
    cd /Users/runner/work/familienplaner/familienplaner
    

SwiftDriverJobDiscovery normal arm64 Compiling EndToEndTests.swift, ScreenshotTests.swift (in target 'FamilienplanerUITests' from project 'Familienplaner')

SwiftCompile normal arm64 Compiling\ SeriesTests.swift,\ SmallUnitsTests.swift,\ SuggestionExtractorTests.swift,\ TimelineHoursTests.swift /Users/runner/work/familienplaner/familienplaner/Tests/FamilienplanerTests/SeriesTests.swift /Users/runner/work/familienplaner/familienplaner/Tests/FamilienplanerTests/SmallUnitsTests.swift /Users/runner/work/familienplaner/familienplaner/Tests/FamilienplanerTests/SuggestionExtractorTests.swift /Users/runner/work/familienplaner/familienplaner/Tests/FamilienplanerTests/TimelineHoursTests.swift (in target 'FamilienplanerTests' from project 'Familienplaner')

SwiftCompile normal arm64 /Users/runner/work/familienplaner/familienplaner/Tests/FamilienplanerTests/SeriesTests.swift (in target 'FamilienplanerTests' from project 'Familienplaner')
    cd /Users/runner/work/familienplaner/familienplaner
    

SwiftCompile normal arm64 /Users/runner/work/familienplaner/familienplaner/Tests/FamilienplanerTests/SmallUnitsTests.swift (in target 'FamilienplanerTests' from project 'Familienplaner')
    cd /Users/runner/work/familienplaner/familienplaner
    

SwiftCompile normal arm64 /Users/runner/work/familienplaner/familienplaner/Tests/FamilienplanerTests/SuggestionExtractorTests.swift (in target 'FamilienplanerTests' from project 'Familienplaner')
    cd /Users/runner/work/familienplaner/familienplaner
    

SwiftCompile normal arm64 /Users/runner/work/familienplaner/familienplaner/Tests/FamilienplanerTests/TimelineHoursTests.swift (in target 'FamilienplanerTests' from project 'Familienplaner')
    cd /Users/runner/work/familienplaner/familienplaner
    

SwiftDriverJobDiscovery normal arm64 Compiling SmokeTests.swift (in target 'FamilienplanerUITests' from project 'Familienplaner')

SwiftCompile normal arm64 Compiling\ AllDayTests.swift,\ BackupAndSyncTests.swift,\ CalendarExportTests.swift,\ EventServiceTests.swift,\ Fixture.swift /Users/runner/work/familienplaner/familienplaner/Tests/FamilienplanerTests/AllDayTests.swift /Users/runner/work/familienplaner/familienplaner/Tests/FamilienplanerTests/BackupAndSyncTests.swift /Users/runner/work/familienplaner/familienplaner/Tests/FamilienplanerTests/CalendarExportTests.swift /Users/runner/work/familienplaner/familienplaner/Tests/FamilienplanerTests/EventServiceTests.swift /Users/runner/work/familienplaner/familienplaner/Tests/FamilienplanerTests/Fixture.swift (in target 'FamilienplanerTests' from project 'Familienplaner')

SwiftCompile normal arm64 /Users/runner/work/familienplaner/familienplaner/Tests/FamilienplanerTests/AllDayTests.swift (in target 'FamilienplanerTests' from project 'Familienplaner')
    cd /Users/runner/work/familienplaner/familienplaner
    

SwiftCompile normal arm64 /Users/runner/work/familienplaner/familienplaner/Tests/FamilienplanerTests/BackupAndSyncTests.swift (in target 'FamilienplanerTests' from project 'Familienplaner')
    cd /Users/runner/work/familienplaner/familienplaner
    

SwiftCompile normal arm64 /Users/runner/work/familienplaner/familienplaner/Tests/FamilienplanerTests/CalendarExportTests.swift (in target 'FamilienplanerTests' from project 'Familienplaner')
    cd /Users/runner/work/familienplaner/familienplaner
    

SwiftCompile normal arm64 /Users/runner/work/familienplaner/familienplaner/Tests/FamilienplanerTests/EventServiceTests.swift (in target 'FamilienplanerTests' from project 'Familienplaner')
    cd /Users/runner/work/familienplaner/familienplaner
    

SwiftCompile normal arm64 /Users/runner/work/familienplaner/familienplaner/Tests/FamilienplanerTests/Fixture.swift (in target 'FamilienplanerTests' from project 'Familienplaner')
    cd /Users/runner/work/familienplaner/familienplaner
    

SwiftDriverJobDiscovery normal arm64 Compiling UITestSupport.swift (in target 'FamilienplanerUITests' from project 'Familienplaner')

SwiftDriver\ Compilation FamilienplanerUITests normal arm64 com.apple.xcode.tools.swift.compiler (in target 'FamilienplanerUITests' from project 'Familienplaner')
    cd /Users/runner/work/familienplaner/familienplaner
    builtin-Swift-Compilation -- /Applications/Xcode_26.6.app/Contents/Developer/Toolchains/XcodeDefault.xctoolchain/usr/bin/swiftc -module-name FamilienplanerUITests -Onone @/Users/runner/Library/Developer/Xcode/DerivedData/Familienplaner-dmcrrzfthkjbwogvslwbznxtcpok/Build/Intermediates.noindex/Familienplaner.build/Debug-iphonesimulator/FamilienplanerUITests.build/Objects-normal/arm64/FamilienplanerUITests.SwiftFileList -DDEBUG -module-alias Testing\=_Testing_Unavailable -plugin-path /Applications/Xcode_26.6.app/Contents/Developer/Toolchains/XcodeDefault.xctoolchain/usr/lib/swift/host/plugins/testing -enable-bare-slash-regex -enable-experimental-feature DebugDescriptionMacro -sdk /Applications/Xcode_26.6.app/Contents/Developer/Platforms/iPhoneSimulator.platform/Developer/SDKs/iPhoneSimulator26.5.sdk -target arm64-apple-ios26.0-simulator -g -module-cache-path /Users/runner/Library/Developer/Xcode/DerivedData/ModuleCache.noindex -Xfrontend -serialize-debugging-options -profile-coverage-mapping -profile-generate -enable-testing -index-store-path /Users/runner/Library/Developer/Xcode/DerivedData/Familienplaner-dmcrrzfthkjbwogvslwbznxtcpok/Index.noindex/DataStore -Xcc -D_LIBCPP_HARDENING_MODE\=_LIBCPP_HARDENING_MODE_DEBUG -swift-version 5 -I /Users/runner/Library/Developer/Xcode/DerivedData/Familienplaner-dmcrrzfthkjbwogvslwbznxtcpok/Build/Products/Debug-iphonesimulator -Isystem /Applications/Xcode_26.6.app/Contents/Developer/Platforms/iPhoneSimulator.platform/Developer/usr/lib -F /Users/runner/Library/Developer/Xcode/DerivedData/Familienplaner-dmcrrzfthkjbwogvslwbznxtcpok/Build/Products/Debug-iphonesimulator -F /Applications/Xcode_26.6.app/Contents/Developer/Platforms/iPhoneSimulator.platform/Developer/Library/Frameworks -F /Applications/Xcode_26.6.app/Contents/Developer/Platforms/iPhoneSimulator.platform/Developer/SDKs/iPhoneSimulator26.5.sdk/Developer/Library/Frameworks -c -j3 -enable-batch-mode -incremental -Xcc -ivfsstatcache -Xcc /Users/runner/Library/Developer/Xcode/DerivedData/SDKStatCaches.noindex/iphonesimulator26.5-23F81a-688ef53f1462e2c8f657fdc38a81448ff45c64a1807a658693f2a61704f17a36.sdkstatcache -output-file-map /Users/runner/Library/Developer/Xcode/DerivedData/Familienplaner-dmcrrzfthkjbwogvslwbznxtcpok/Build/Intermediates.noindex/Familienplaner.build/Debug-iphonesimulator/FamilienplanerUITests.build/Objects-normal/arm64/FamilienplanerUITests-OutputFileMap.json -use-frontend-parseable-output -save-temps -no-color-diagnostics -explicit-module-build -module-cache-path /Users/runner/Library/Developer/Xcode/DerivedData/Familienplaner-dmcrrzfthkjbwogvslwbznxtcpok/Build/Intermediates.noindex/SwiftExplicitPrecompiledModules -clang-scanner-module-cache-path /Users/runner/Library/Developer/Xcode/DerivedData/ModuleCache.noindex -sdk-module-cache-path /Users/runner/Library/Developer/Xcode/DerivedData/ModuleCache.noindex -serialize-diagnostics -emit-dependencies -emit-module -emit-module-path /Users/runner/Library/Developer/Xcode/DerivedData/Familienplaner-dmcrrzfthkjbwogvslwbznxtcpok/Build/Intermediates.noindex/Familienplaner.build/Debug-iphonesimulator/FamilienplanerUITests.build/Objects-normal/arm64/FamilienplanerUITests.swiftmodule -validate-clang-modules-once -clang-build-session-file /Users/runner/Library/Developer/Xcode/DerivedData/ModuleCache.noindex/Session.modulevalidation -Xcc -I/Users/runner/Library/Developer/Xcode/DerivedData/Familienplaner-dmcrrzfthkjbwogvslwbznxtcpok/Build/Intermediates.noindex/Familienplaner.build/Debug-iphonesimulator/FamilienplanerUITests.build/swift-overrides.hmap -emit-const-values -Xfrontend -const-gather-protocols-file -Xfrontend /Users/runner/Library/Developer/Xcode/DerivedData/Familienplaner-dmcrrzfthkjbwogvslwbznxtcpok/Build/Intermediates.noindex/Familienplaner.build/Debug-iphonesimulator/FamilienplanerUITests.build/Objects-normal/arm64/FamilienplanerUITests_const_extract_protocols.json -Xcc -iquote -Xcc /Users/runner/Library/Developer/Xcode/DerivedData/Familienplaner-dmcrrzfthkjbwogvslwbznxtcpok/Build/Intermediates.noindex/Familienplaner.build/Debug-iphonesimulator/FamilienplanerUITests.build/FamilienplanerUITests-generated-files.hmap -Xcc -I/Users/runner/Library/Developer/Xcode/DerivedData/Familienplaner-dmcrrzfthkjbwogvslwbznxtcpok/Build/Intermediates.noindex/Familienplaner.build/Debug-iphonesimulator/FamilienplanerUITests.build/FamilienplanerUITests-own-target-headers.hmap -Xcc -I/Users/runner/Library/Developer/Xcode/DerivedData/Familienplaner-dmcrrzfthkjbwogvslwbznxtcpok/Build/Intermediates.noindex/Familienplaner.build/Debug-iphonesimulator/FamilienplanerUITests.build/FamilienplanerUITests-all-target-headers.hmap -Xcc -iquote -Xcc /Users/runner/Library/Developer/Xcode/DerivedData/Familienplaner-dmcrrzfthkjbwogvslwbznxtcpok/Build/Intermediates.noindex/Familienplaner.build/Debug-iphonesimulator/FamilienplanerUITests.build/FamilienplanerUITests-project-headers.hmap -Xcc -I/Users/runner/Library/Developer/Xcode/DerivedData/Familienplaner-dmcrrzfthkjbwogvslwbznxtcpok/Build/Products/Debug-iphonesimulator/include -Xcc -I/Users/runner/Library/Developer/Xcode/DerivedData/Familienplaner-dmcrrzfthkjbwogvslwbznxtcpok/Build/Intermediates.noindex/Familienplaner.build/Debug-iphonesimulator/FamilienplanerUITests.build/DerivedSources-normal/arm64 -Xcc -I/Users/runner/Library/Developer/Xcode/DerivedData/Familienplaner-dmcrrzfthkjbwogvslwbznxtcpok/Build/Intermediates.noindex/Familienplaner.build/Debug-iphonesimulator/FamilienplanerUITests.build/DerivedSources/arm64 -Xcc -I/Users/runner/Library/Developer/Xcode/DerivedData/Familienplaner-dmcrrzfthkjbwogvslwbznxtcpok/Build/Intermediates.noindex/Familienplaner.build/Debug-iphonesimulator/FamilienplanerUITests.build/DerivedSources -Xcc -DDEBUG\=1 -emit-objc-header -emit-objc-header-path /Users/runner/Library/Developer/Xcode/DerivedData/Familienplaner-dmcrrzfthkjbwogvslwbznxtcpok/Build/Intermediates.noindex/Familienplaner.build/Debug-iphonesimulator/FamilienplanerUITests.build/Objects-normal/arm64/FamilienplanerUITests-Swift.h -working-directory /Users/runner/work/familienplaner/familienplaner -experimental-emit-module-separately -disable-cmo

SwiftDriverJobDiscovery normal arm64 Compiling AllDayTests.swift, BackupAndSyncTests.swift, CalendarExportTests.swift, EventServiceTests.swift, Fixture.swift (in target 'FamilienplanerTests' from project 'Familienplaner')

SwiftCompile normal arm64 Compiling\ FreeTimeTests.swift,\ GermanDateParserTests.swift,\ HouseholdServiceTests.swift,\ PerformanceTests.swift,\ PresentationTests.swift /Users/runner/work/familienplaner/familienplaner/Tests/FamilienplanerTests/FreeTimeTests.swift /Users/runner/work/familienplaner/familienplaner/Tests/FamilienplanerTests/GermanDateParserTests.swift /Users/runner/work/familienplaner/familienplaner/Tests/FamilienplanerTests/HouseholdServiceTests.swift /Users/runner/work/familienplaner/familienplaner/Tests/FamilienplanerTests/PerformanceTests.swift /Users/runner/work/familienplaner/familienplaner/Tests/FamilienplanerTests/PresentationTests.swift (in target 'FamilienplanerTests' from project 'Familienplaner')

SwiftCompile normal arm64 /Users/runner/work/familienplaner/familienplaner/Tests/FamilienplanerTests/FreeTimeTests.swift (in target 'FamilienplanerTests' from project 'Familienplaner')
    cd /Users/runner/work/familienplaner/familienplaner
    

SwiftCompile normal arm64 /Users/runner/work/familienplaner/familienplaner/Tests/FamilienplanerTests/GermanDateParserTests.swift (in target 'FamilienplanerTests' from project 'Familienplaner')
    cd /Users/runner/work/familienplaner/familienplaner
    

SwiftCompile normal arm64 /Users/runner/work/familienplaner/familienplaner/Tests/FamilienplanerTests/HouseholdServiceTests.swift (in target 'FamilienplanerTests' from project 'Familienplaner')
    cd /Users/runner/work/familienplaner/familienplaner
    

SwiftCompile normal arm64 /Users/runner/work/familienplaner/familienplaner/Tests/FamilienplanerTests/PerformanceTests.swift (in target 'FamilienplanerTests' from project 'Familienplaner')
    cd /Users/runner/work/familienplaner/familienplaner
    

SwiftCompile normal arm64 /Users/runner/work/familienplaner/familienplaner/Tests/FamilienplanerTests/PresentationTests.swift (in target 'FamilienplanerTests' from project 'Familienplaner')
    cd /Users/runner/work/familienplaner/familienplaner
    

SwiftDriverJobDiscovery normal arm64 Compiling SeriesTests.swift, SmallUnitsTests.swift, SuggestionExtractorTests.swift, TimelineHoursTests.swift (in target 'FamilienplanerTests' from project 'Familienplaner')

Copy /Users/runner/Library/Developer/Xcode/DerivedData/Familienplaner-dmcrrzfthkjbwogvslwbznxtcpok/Build/Products/Debug-iphonesimulator/Familienplaner.app/Frameworks/libXCTestSwiftSupport.dylib /Applications/Xcode_26.6.app/Contents/Developer/Platforms/iPhoneSimulator.platform/Developer/usr/lib/libXCTestSwiftSupport.dylib (in target 'Familienplaner' from project 'Familienplaner')
    cd /Users/runner/work/familienplaner/familienplaner
    builtin-copy -exclude .DS_Store -exclude CVS -exclude .svn -exclude .git -exclude .hg -exclude Headers -exclude PrivateHeaders -exclude Modules -exclude \*.tbd -resolve-src-symlinks /Applications/Xcode_26.6.app/Contents/Developer/Platforms/iPhoneSimulator.platform/Developer/usr/lib/libXCTestSwiftSupport.dylib /Users/runner/Library/Developer/Xcode/DerivedData/Familienplaner-dmcrrzfthkjbwogvslwbznxtcpok/Build/Products/Debug-iphonesimulator/Familienplaner.app/Frameworks

Ld /Users/runner/Library/Developer/Xcode/DerivedData/Familienplaner-dmcrrzfthkjbwogvslwbznxtcpok/Build/Products/Debug-iphonesimulator/Familienplaner.app/__preview.dylib normal (in target 'Familienplaner' from project 'Familienplaner')
    cd /Users/runner/work/familienplaner/familienplaner
    /Applications/Xcode_26.6.app/Contents/Developer/Toolchains/XcodeDefault.xctoolchain/usr/bin/clang -Xlinker -reproducible -target arm64-apple-ios26.0-simulator -dynamiclib -isysroot /Applications/Xcode_26.6.app/Contents/Developer/Platforms/iPhoneSimulator.platform/Developer/SDKs/iPhoneSimulator26.5.sdk -O0 -L/Users/runner/Library/Developer/Xcode/DerivedData/Familienplaner-dmcrrzfthkjbwogvslwbznxtcpok/Build/Products/Debug-iphonesimulator -F/Users/runner/Library/Developer/Xcode/DerivedData/Familienplaner-dmcrrzfthkjbwogvslwbznxtcpok/Build/Products/Debug-iphonesimulator -install_name @rpath/Familienplaner.debug.dylib -Xlinker -dead_strip -rdynamic -Xlinker -no_deduplicate -Xlinker -objc_abi_version -Xlinker 2 -Xlinker -debug_variant -Xlinker -dependency_info -Xlinker /Users/runner/Library/Developer/Xcode/DerivedData/Familienplaner-dmcrrzfthkjbwogvslwbznxtcpok/Build/Intermediates.noindex/Familienplaner.build/Debug-iphonesimulator/Familienplaner.build/Objects-normal/arm64/Familienplaner_dependency_info.dat -o /Users/runner/Library/Developer/Xcode/DerivedData/Familienplaner-dmcrrzfthkjbwogvslwbznxtcpok/Build/Products/Debug-iphonesimulator/Familienplaner.app/__preview.dylib

Ld /Users/runner/Library/Developer/Xcode/DerivedData/Familienplaner-dmcrrzfthkjbwogvslwbznxtcpok/Build/Products/Debug-iphonesimulator/Familienplaner.app/Familienplaner.debug.dylib normal (in target 'Familienplaner' from project 'Familienplaner')
    cd /Users/runner/work/familienplaner/familienplaner
    /Applications/Xcode_26.6.app/Contents/Developer/Toolchains/XcodeDefault.xctoolchain/usr/bin/clang -Xlinker -reproducible -target arm64-apple-ios26.0-simulator -dynamiclib -isysroot /Applications/Xcode_26.6.app/Contents/Developer/Platforms/iPhoneSimulator.platform/Developer/SDKs/iPhoneSimulator26.5.sdk -O0 -L/Users/runner/Library/Developer/Xcode/DerivedData/Familienplaner-dmcrrzfthkjbwogvslwbznxtcpok/Build/Intermediates.noindex/EagerLinkingTBDs/Debug-iphonesimulator -L/Users/runner/Library/Developer/Xcode/DerivedData/Familienplaner-dmcrrzfthkjbwogvslwbznxtcpok/Build/Products/Debug-iphonesimulator -F/Users/runner/Library/Developer/Xcode/DerivedData/Familienplaner-dmcrrzfthkjbwogvslwbznxtcpok/Build/Intermediates.noindex/EagerLinkingTBDs/Debug-iphonesimulator -F/Users/runner/Library/Developer/Xcode/DerivedData/Familienplaner-dmcrrzfthkjbwogvslwbznxtcpok/Build/Products/Debug-iphonesimulator -filelist /Users/runner/Library/Developer/Xcode/DerivedData/Familienplaner-dmcrrzfthkjbwogvslwbznxtcpok/Build/Intermediates.noindex/Familienplaner.build/Debug-iphonesimulator/Familienplaner.build/Objects-normal/arm64/Familienplaner.LinkFileList -install_name @rpath/Familienplaner.debug.dylib -Xlinker -rpath -Xlinker @executable_path/Frameworks -Xlinker -dead_strip -Xlinker -object_path_lto -Xlinker /Users/runner/Library/Developer/Xcode/DerivedData/Familienplaner-dmcrrzfthkjbwogvslwbznxtcpok/Build/Intermediates.noindex/Familienplaner.build/Debug-iphonesimulator/Familienplaner.build/Objects-normal/arm64/Familienplaner_lto.o -rdynamic -Xlinker -no_deduplicate -Xlinker -objc_abi_version -Xlinker 2 -Xlinker -debug_variant -Xlinker -dependency_info -Xlinker /Users/runner/Library/Developer/Xcode/DerivedData/Familienplaner-dmcrrzfthkjbwogvslwbznxtcpok/Build/Intermediates.noindex/Familienplaner.build/Debug-iphonesimulator/Familienplaner.build/Objects-normal/arm64/Familienplaner_dependency_info.dat -fobjc-link-runtime -fprofile-instr-generate -L/Applications/Xcode_26.6.app/Contents/Developer/Toolchains/XcodeDefault.xctoolchain/usr/lib/swift/iphonesimulator -L/usr/lib/swift -Xlinker -add_ast_path -Xlinker /Users/runner/Library/Developer/Xcode/DerivedData/Familienplaner-dmcrrzfthkjbwogvslwbznxtcpok/Build/Intermediates.noindex/Familienplaner.build/Debug-iphonesimulator/Familienplaner.build/Objects-normal/arm64/Familienplaner.swiftmodule @/Users/runner/Library/Developer/Xcode/DerivedData/Familienplaner-dmcrrzfthkjbwogvslwbznxtcpok/Build/Intermediates.noindex/Familienplaner.build/Debug-iphonesimulator/Familienplaner.build/Objects-normal/arm64/Familienplaner-linker-args.resp -Xlinker -alias -Xlinker _main -Xlinker ___debug_main_executable_dylib_entry_point -o /Users/runner/Library/Developer/Xcode/DerivedData/Familienplaner-dmcrrzfthkjbwogvslwbznxtcpok/Build/Products/Debug-iphonesimulator/Familienplaner.app/Familienplaner.debug.dylib

SwiftDriverJobDiscovery normal arm64 Compiling FreeTimeTests.swift, GermanDateParserTests.swift, HouseholdServiceTests.swift, PerformanceTests.swift, PresentationTests.swift (in target 'FamilienplanerTests' from project 'Familienplaner')

SwiftDriver\ Compilation FamilienplanerTests normal arm64 com.apple.xcode.tools.swift.compiler (in target 'FamilienplanerTests' from project 'Familienplaner')
    cd /Users/runner/work/familienplaner/familienplaner
    builtin-Swift-Compilation -- /Applications/Xcode_26.6.app/Contents/Developer/Toolchains/XcodeDefault.xctoolchain/usr/bin/swiftc -module-name FamilienplanerTests -Onone @/Users/runner/Library/Developer/Xcode/DerivedData/Familienplaner-dmcrrzfthkjbwogvslwbznxtcpok/Build/Intermediates.noindex/Familienplaner.build/Debug-iphonesimulator/FamilienplanerTests.build/Objects-normal/arm64/FamilienplanerTests.SwiftFileList -DDEBUG -plugin-path /Applications/Xcode_26.6.app/Contents/Developer/Toolchains/XcodeDefault.xctoolchain/usr/lib/swift/host/plugins/testing -enable-bare-slash-regex -enable-experimental-feature DebugDescriptionMacro -sdk /Applications/Xcode_26.6.app/Contents/Developer/Platforms/iPhoneSimulator.platform/Developer/SDKs/iPhoneSimulator26.5.sdk -target arm64-apple-ios26.0-simulator -g -module-cache-path /Users/runner/Library/Developer/Xcode/DerivedData/ModuleCache.noindex -Xfrontend -serialize-debugging-options -profile-coverage-mapping -profile-generate -enable-testing -index-store-path /Users/runner/Library/Developer/Xcode/DerivedData/Familienplaner-dmcrrzfthkjbwogvslwbznxtcpok/Index.noindex/DataStore -Xcc -D_LIBCPP_HARDENING_MODE\=_LIBCPP_HARDENING_MODE_DEBUG -swift-version 5 -I /Users/runner/Library/Developer/Xcode/DerivedData/Familienplaner-dmcrrzfthkjbwogvslwbznxtcpok/Build/Products/Debug-iphonesimulator -Isystem /Applications/Xcode_26.6.app/Contents/Developer/Platforms/iPhoneSimulator.platform/Developer/usr/lib -F /Users/runner/Library/Developer/Xcode/DerivedData/Familienplaner-dmcrrzfthkjbwogvslwbznxtcpok/Build/Products/Debug-iphonesimulator -F /Applications/Xcode_26.6.app/Contents/Developer/Platforms/iPhoneSimulator.platform/Developer/Library/Frameworks -F /Applications/Xcode_26.6.app/Contents/Developer/Platforms/iPhoneSimulator.platform/Developer/SDKs/iPhoneSimulator26.5.sdk/Developer/Library/Frameworks -c -j3 -enable-batch-mode -incremental -Xcc -ivfsstatcache -Xcc /Users/runner/Library/Developer/Xcode/DerivedData/SDKStatCaches.noindex/iphonesimulator26.5-23F81a-688ef53f1462e2c8f657fdc38a81448ff45c64a1807a658693f2a61704f17a36.sdkstatcache -output-file-map /Users/runner/Library/Developer/Xcode/DerivedData/Familienplaner-dmcrrzfthkjbwogvslwbznxtcpok/Build/Intermediates.noindex/Familienplaner.build/Debug-iphonesimulator/FamilienplanerTests.build/Objects-normal/arm64/FamilienplanerTests-OutputFileMap.json -use-frontend-parseable-output -save-temps -no-color-diagnostics -explicit-module-build -module-cache-path /Users/runner/Library/Developer/Xcode/DerivedData/Familienplaner-dmcrrzfthkjbwogvslwbznxtcpok/Build/Intermediates.noindex/SwiftExplicitPrecompiledModules -clang-scanner-module-cache-path /Users/runner/Library/Developer/Xcode/DerivedData/ModuleCache.noindex -sdk-module-cache-path /Users/runner/Library/Developer/Xcode/DerivedData/ModuleCache.noindex -serialize-diagnostics -emit-dependencies -emit-module -emit-module-path /Users/runner/Library/Developer/Xcode/DerivedData/Familienplaner-dmcrrzfthkjbwogvslwbznxtcpok/Build/Intermediates.noindex/Familienplaner.build/Debug-iphonesimulator/FamilienplanerTests.build/Objects-normal/arm64/FamilienplanerTests.swiftmodule -validate-clang-modules-once -clang-build-session-file /Users/runner/Library/Developer/Xcode/DerivedData/ModuleCache.noindex/Session.modulevalidation -Xcc -I/Users/runner/Library/Developer/Xcode/DerivedData/Familienplaner-dmcrrzfthkjbwogvslwbznxtcpok/Build/Intermediates.noindex/Familienplaner.build/Debug-iphonesimulator/FamilienplanerTests.build/swift-overrides.hmap -emit-const-values -Xfrontend -const-gather-protocols-file -Xfrontend /Users/runner/Library/Developer/Xcode/DerivedData/Familienplaner-dmcrrzfthkjbwogvslwbznxtcpok/Build/Intermediates.noindex/Familienplaner.build/Debug-iphonesimulator/FamilienplanerTests.build/Objects-normal/arm64/FamilienplanerTests_const_extract_protocols.json -Xcc -iquote -Xcc /Users/runner/Library/Developer/Xcode/DerivedData/Familienplaner-dmcrrzfthkjbwogvslwbznxtcpok/Build/Intermediates.noindex/Familienplaner.build/Debug-iphonesimulator/FamilienplanerTests.build/FamilienplanerTests-generated-files.hmap -Xcc -I/Users/runner/Library/Developer/Xcode/DerivedData/Familienplaner-dmcrrzfthkjbwogvslwbznxtcpok/Build/Intermediates.noindex/Familienplaner.build/Debug-iphonesimulator/FamilienplanerTests.build/FamilienplanerTests-own-target-headers.hmap -Xcc -I/Users/runner/Library/Developer/Xcode/DerivedData/Familienplaner-dmcrrzfthkjbwogvslwbznxtcpok/Build/Intermediates.noindex/Familienplaner.build/Debug-iphonesimulator/FamilienplanerTests.build/FamilienplanerTests-all-target-headers.hmap -Xcc -iquote -Xcc /Users/runner/Library/Developer/Xcode/DerivedData/Familienplaner-dmcrrzfthkjbwogvslwbznxtcpok/Build/Intermediates.noindex/Familienplaner.build/Debug-iphonesimulator/FamilienplanerTests.build/FamilienplanerTests-project-headers.hmap -Xcc -I/Users/runner/Library/Developer/Xcode/DerivedData/Familienplaner-dmcrrzfthkjbwogvslwbznxtcpok/Build/Products/Debug-iphonesimulator/include -Xcc -I/Users/runner/Library/Developer/Xcode/DerivedData/Familienplaner-dmcrrzfthkjbwogvslwbznxtcpok/Build/Intermediates.noindex/Familienplaner.build/Debug-iphonesimulator/FamilienplanerTests.build/DerivedSources-normal/arm64 -Xcc -I/Users/runner/Library/Developer/Xcode/DerivedData/Familienplaner-dmcrrzfthkjbwogvslwbznxtcpok/Build/Intermediates.noindex/Familienplaner.build/Debug-iphonesimulator/FamilienplanerTests.build/DerivedSources/arm64 -Xcc -I/Users/runner/Library/Developer/Xcode/DerivedData/Familienplaner-dmcrrzfthkjbwogvslwbznxtcpok/Build/Intermediates.noindex/Familienplaner.build/Debug-iphonesimulator/FamilienplanerTests.build/DerivedSources -Xcc -DDEBUG\=1 -emit-objc-header -emit-objc-header-path /Users/runner/Library/Developer/Xcode/DerivedData/Familienplaner-dmcrrzfthkjbwogvslwbznxtcpok/Build/Intermediates.noindex/Familienplaner.build/Debug-iphonesimulator/FamilienplanerTests.build/Objects-normal/arm64/FamilienplanerTests-Swift.h -working-directory /Users/runner/work/familienplaner/familienplaner -experimental-emit-module-separately -disable-cmo

Copy /Users/runner/Library/Developer/Xcode/DerivedData/Familienplaner-dmcrrzfthkjbwogvslwbznxtcpok/Build/Products/Debug-iphonesimulator/Familienplaner.app/Frameworks/libXCTestBundleInject.dylib /Applications/Xcode_26.6.app/Contents/Developer/Platforms/iPhoneSimulator.platform/Developer/usr/lib/libXCTestBundleInject.dylib (in target 'Familienplaner' from project 'Familienplaner')
    cd /Users/runner/work/familienplaner/familienplaner
    builtin-copy -exclude .DS_Store -exclude CVS -exclude .svn -exclude .git -exclude .hg -exclude Headers -exclude PrivateHeaders -exclude Modules -exclude \*.tbd -resolve-src-symlinks /Applications/Xcode_26.6.app/Contents/Developer/Platforms/iPhoneSimulator.platform/Developer/usr/lib/libXCTestBundleInject.dylib /Users/runner/Library/Developer/Xcode/DerivedData/Familienplaner-dmcrrzfthkjbwogvslwbznxtcpok/Build/Products/Debug-iphonesimulator/Familienplaner.app/Frameworks

Copy /Users/runner/Library/Developer/Xcode/DerivedData/Familienplaner-dmcrrzfthkjbwogvslwbznxtcpok/Build/Products/Debug-iphonesimulator/Familienplaner.app/Frameworks/XCUnit.framework /Applications/Xcode_26.6.app/Contents/Developer/Platforms/iPhoneSimulator.platform/Developer/Library/PrivateFrameworks/XCUnit.framework (in target 'Familienplaner' from project 'Familienplaner')
    cd /Users/runner/work/familienplaner/familienplaner
    builtin-copy -exclude .DS_Store -exclude CVS -exclude .svn -exclude .git -exclude .hg -exclude Headers -exclude PrivateHeaders -exclude Modules -exclude \*.tbd -resolve-src-symlinks /Applications/Xcode_26.6.app/Contents/Developer/Platforms/iPhoneSimulator.platform/Developer/Library/PrivateFrameworks/XCUnit.framework /Users/runner/Library/Developer/Xcode/DerivedData/Familienplaner-dmcrrzfthkjbwogvslwbznxtcpok/Build/Products/Debug-iphonesimulator/Familienplaner.app/Frameworks

Copy /Users/runner/Library/Developer/Xcode/DerivedData/Familienplaner-dmcrrzfthkjbwogvslwbznxtcpok/Build/Products/Debug-iphonesimulator/Familienplaner.app/Frameworks/XCUIAutomation.framework /Applications/Xcode_26.6.app/Contents/Developer/Platforms/iPhoneSimulator.platform/Developer/Library/Frameworks/XCUIAutomation.framework (in target 'Familienplaner' from project 'Familienplaner')
    cd /Users/runner/work/familienplaner/familienplaner
    builtin-copy -exclude .DS_Store -exclude CVS -exclude .svn -exclude .git -exclude .hg -exclude Headers -exclude PrivateHeaders -exclude Modules -exclude \*.tbd -resolve-src-symlinks /Applications/Xcode_26.6.app/Contents/Developer/Platforms/iPhoneSimulator.platform/Developer/Library/Frameworks/XCUIAutomation.framework /Users/runner/Library/Developer/Xcode/DerivedData/Familienplaner-dmcrrzfthkjbwogvslwbznxtcpok/Build/Products/Debug-iphonesimulator/Familienplaner.app/Frameworks

Copy /Users/runner/Library/Developer/Xcode/DerivedData/Familienplaner-dmcrrzfthkjbwogvslwbznxtcpok/Build/Products/Debug-iphonesimulator/Familienplaner.app/Frameworks/XCTestSupport.framework /Applications/Xcode_26.6.app/Contents/Developer/Platforms/iPhoneSimulator.platform/Developer/Library/PrivateFrameworks/XCTestSupport.framework (in target 'Familienplaner' from project 'Familienplaner')
    cd /Users/runner/work/familienplaner/familienplaner
    builtin-copy -exclude .DS_Store -exclude CVS -exclude .svn -exclude .git -exclude .hg -exclude Headers -exclude PrivateHeaders -exclude Modules -exclude \*.tbd -resolve-src-symlinks /Applications/Xcode_26.6.app/Contents/Developer/Platforms/iPhoneSimulator.platform/Developer/Library/PrivateFrameworks/XCTestSupport.framework /Users/runner/Library/Developer/Xcode/DerivedData/Familienplaner-dmcrrzfthkjbwogvslwbznxtcpok/Build/Products/Debug-iphonesimulator/Familienplaner.app/Frameworks

Copy /Users/runner/Library/Developer/Xcode/DerivedData/Familienplaner-dmcrrzfthkjbwogvslwbznxtcpok/Build/Products/Debug-iphonesimulator/Familienplaner.app/Frameworks/XCTestCore.framework /Applications/Xcode_26.6.app/Contents/Developer/Platforms/iPhoneSimulator.platform/Developer/Library/PrivateFrameworks/XCTestCore.framework (in target 'Familienplaner' from project 'Familienplaner')
    cd /Users/runner/work/familienplaner/familienplaner
    builtin-copy -exclude .DS_Store -exclude CVS -exclude .svn -exclude .git -exclude .hg -exclude Headers -exclude PrivateHeaders -exclude Modules -exclude \*.tbd -resolve-src-symlinks /Applications/Xcode_26.6.app/Contents/Developer/Platforms/iPhoneSimulator.platform/Developer/Library/PrivateFrameworks/XCTestCore.framework /Users/runner/Library/Developer/Xcode/DerivedData/Familienplaner-dmcrrzfthkjbwogvslwbznxtcpok/Build/Products/Debug-iphonesimulator/Familienplaner.app/Frameworks

Copy /Users/runner/Library/Developer/Xcode/DerivedData/Familienplaner-dmcrrzfthkjbwogvslwbznxtcpok/Build/Products/Debug-iphonesimulator/Familienplaner.app/Frameworks/XCTest.framework /Applications/Xcode_26.6.app/Contents/Developer/Platforms/iPhoneSimulator.platform/Developer/Library/Frameworks/XCTest.framework (in target 'Familienplaner' from project 'Familienplaner')
    cd /Users/runner/work/familienplaner/familienplaner
    builtin-copy -exclude .DS_Store -exclude CVS -exclude .svn -exclude .git -exclude .hg -exclude Headers -exclude PrivateHeaders -exclude Modules -exclude \*.tbd -resolve-src-symlinks /Applications/Xcode_26.6.app/Contents/Developer/Platforms/iPhoneSimulator.platform/Developer/Library/Frameworks/XCTest.framework /Users/runner/Library/Developer/Xcode/DerivedData/Familienplaner-dmcrrzfthkjbwogvslwbznxtcpok/Build/Products/Debug-iphonesimulator/Familienplaner.app/Frameworks

Copy /Users/runner/Library/Developer/Xcode/DerivedData/Familienplaner-dmcrrzfthkjbwogvslwbznxtcpok/Build/Products/Debug-iphonesimulator/Familienplaner.app/Frameworks/XCTAutomationSupport.framework /Applications/Xcode_26.6.app/Contents/Developer/Platforms/iPhoneSimulator.platform/Developer/Library/PrivateFrameworks/XCTAutomationSupport.framework (in target 'Familienplaner' from project 'Familienplaner')
    cd /Users/runner/work/familienplaner/familienplaner
    builtin-copy -exclude .DS_Store -exclude CVS -exclude .svn -exclude .git -exclude .hg -exclude Headers -exclude PrivateHeaders -exclude Modules -exclude \*.tbd -resolve-src-symlinks /Applications/Xcode_26.6.app/Contents/Developer/Platforms/iPhoneSimulator.platform/Developer/Library/PrivateFrameworks/XCTAutomationSupport.framework /Users/runner/Library/Developer/Xcode/DerivedData/Familienplaner-dmcrrzfthkjbwogvslwbznxtcpok/Build/Products/Debug-iphonesimulator/Familienplaner.app/Frameworks

Copy /Users/runner/Library/Developer/Xcode/DerivedData/Familienplaner-dmcrrzfthkjbwogvslwbznxtcpok/Build/Products/Debug-iphonesimulator/Familienplaner.app/Frameworks/Testing.framework /Applications/Xcode_26.6.app/Contents/Developer/Platforms/iPhoneSimulator.platform/Developer/Library/Frameworks/Testing.framework (in target 'Familienplaner' from project 'Familienplaner')
    cd /Users/runner/work/familienplaner/familienplaner
    builtin-copy -exclude .DS_Store -exclude CVS -exclude .svn -exclude .git -exclude .hg -exclude Headers -exclude PrivateHeaders -exclude Modules -exclude \*.tbd -resolve-src-symlinks /Applications/Xcode_26.6.app/Contents/Developer/Platforms/iPhoneSimulator.platform/Developer/Library/Frameworks/Testing.framework /Users/runner/Library/Developer/Xcode/DerivedData/Familienplaner-dmcrrzfthkjbwogvslwbznxtcpok/Build/Products/Debug-iphonesimulator/Familienplaner.app/Frameworks

ConstructStubExecutorLinkFileList /Users/runner/Library/Developer/Xcode/DerivedData/Familienplaner-dmcrrzfthkjbwogvslwbznxtcpok/Build/Intermediates.noindex/Familienplaner.build/Debug-iphonesimulator/Familienplaner.build/Familienplaner-ExecutorLinkFileList-normal-arm64.txt (in target 'Familienplaner' from project 'Familienplaner')
    cd /Users/runner/work/familienplaner/familienplaner
    construct-stub-executor-link-file-list /Users/runner/Library/Developer/Xcode/DerivedData/Familienplaner-dmcrrzfthkjbwogvslwbznxtcpok/Build/Products/Debug-iphonesimulator/Familienplaner.app/Familienplaner.debug.dylib /Applications/Xcode_26.6.app/Contents/Developer/Platforms/iPhoneSimulator.platform/Developer/usr/lib/libPreviewsJITStubExecutor_no_swift_entry_point.a /Applications/Xcode_26.6.app/Contents/Developer/Platforms/iPhoneSimulator.platform/Developer/usr/lib/libPreviewsJITStubExecutor.a --output /Users/runner/Library/Developer/Xcode/DerivedData/Familienplaner-dmcrrzfthkjbwogvslwbznxtcpok/Build/Intermediates.noindex/Familienplaner.build/Debug-iphonesimulator/Familienplaner.build/Familienplaner-ExecutorLinkFileList-normal-arm64.txt
note: Using stub executor library with Swift entry point. (in target 'Familienplaner' from project 'Familienplaner')

Ld /Users/runner/Library/Developer/Xcode/DerivedData/Familienplaner-dmcrrzfthkjbwogvslwbznxtcpok/Build/Products/Debug-iphonesimulator/Familienplaner.app/Familienplaner normal (in target 'Familienplaner' from project 'Familienplaner')
    cd /Users/runner/work/familienplaner/familienplaner
    /Applications/Xcode_26.6.app/Contents/Developer/Toolchains/XcodeDefault.xctoolchain/usr/bin/clang -Xlinker -reproducible -target arm64-apple-ios26.0-simulator -isysroot /Applications/Xcode_26.6.app/Contents/Developer/Platforms/iPhoneSimulator.platform/Developer/SDKs/iPhoneSimulator26.5.sdk -O0 -L/Users/runner/Library/Developer/Xcode/DerivedData/Familienplaner-dmcrrzfthkjbwogvslwbznxtcpok/Build/Products/Debug-iphonesimulator -F/Users/runner/Library/Developer/Xcode/DerivedData/Familienplaner-dmcrrzfthkjbwogvslwbznxtcpok/Build/Products/Debug-iphonesimulator -Xlinker -rpath -Xlinker @executable_path -Xlinker -rpath -Xlinker @executable_path/Frameworks -rdynamic -Xlinker -no_deduplicate -Xlinker -objc_abi_version -Xlinker 2 -Xlinker -debug_variant -e ___debug_blank_executor_main -Xlinker -sectcreate -Xlinker __TEXT -Xlinker __debug_dylib -Xlinker /Users/runner/Library/Developer/Xcode/DerivedData/Familienplaner-dmcrrzfthkjbwogvslwbznxtcpok/Build/Intermediates.noindex/Familienplaner.build/Debug-iphonesimulator/Familienplaner.build/Familienplaner-DebugDylibPath-normal-arm64.txt -Xlinker -sectcreate -Xlinker __TEXT -Xlinker __debug_instlnm -Xlinker /Users/runner/Library/Developer/Xcode/DerivedData/Familienplaner-dmcrrzfthkjbwogvslwbznxtcpok/Build/Intermediates.noindex/Familienplaner.build/Debug-iphonesimulator/Familienplaner.build/Familienplaner-DebugDylibInstallName-normal-arm64.txt -Xlinker -filelist -Xlinker /Users/runner/Library/Developer/Xcode/DerivedData/Familienplaner-dmcrrzfthkjbwogvslwbznxtcpok/Build/Intermediates.noindex/Familienplaner.build/Debug-iphonesimulator/Familienplaner.build/Familienplaner-ExecutorLinkFileList-normal-arm64.txt /Users/runner/Library/Developer/Xcode/DerivedData/Familienplaner-dmcrrzfthkjbwogvslwbznxtcpok/Build/Products/Debug-iphonesimulator/Familienplaner.app/Familienplaner.debug.dylib -o /Users/runner/Library/Developer/Xcode/DerivedData/Familienplaner-dmcrrzfthkjbwogvslwbznxtcpok/Build/Products/Debug-iphonesimulator/Familienplaner.app/Familienplaner

LinkAssetCatalog /Users/runner/work/familienplaner/familienplaner/Assets/Assets.xcassets (in target 'Familienplaner' from project 'Familienplaner')
    cd /Users/runner/work/familienplaner/familienplaner
    builtin-linkAssetCatalog --thinned /Users/runner/Library/Developer/Xcode/DerivedData/Familienplaner-dmcrrzfthkjbwogvslwbznxtcpok/Build/Intermediates.noindex/Familienplaner.build/Debug-iphonesimulator/Familienplaner.build/assetcatalog_output/thinned --thinned-dependencies /Users/runner/Library/Developer/Xcode/DerivedData/Familienplaner-dmcrrzfthkjbwogvslwbznxtcpok/Build/Intermediates.noindex/Familienplaner.build/Debug-iphonesimulator/Familienplaner.build/assetcatalog_dependencies_thinned --thinned-info-plist-content /Users/runner/Library/Developer/Xcode/DerivedData/Familienplaner-dmcrrzfthkjbwogvslwbznxtcpok/Build/Intermediates.noindex/Familienplaner.build/Debug-iphonesimulator/Familienplaner.build/assetcatalog_generated_info.plist_thinned --unthinned /Users/runner/Library/Developer/Xcode/DerivedData/Familienplaner-dmcrrzfthkjbwogvslwbznxtcpok/Build/Intermediates.noindex/Familienplaner.build/Debug-iphonesimulator/Familienplaner.build/assetcatalog_output/unthinned --unthinned-dependencies /Users/runner/Library/Developer/Xcode/DerivedData/Familienplaner-dmcrrzfthkjbwogvslwbznxtcpok/Build/Intermediates.noindex/Familienplaner.build/Debug-iphonesimulator/Familienplaner.build/assetcatalog_dependencies_unthinned --unthinned-info-plist-content /Users/runner/Library/Developer/Xcode/DerivedData/Familienplaner-dmcrrzfthkjbwogvslwbznxtcpok/Build/Intermediates.noindex/Familienplaner.build/Debug-iphonesimulator/Familienplaner.build/assetcatalog_generated_info.plist_unthinned --output /Users/runner/Library/Developer/Xcode/DerivedData/Familienplaner-dmcrrzfthkjbwogvslwbznxtcpok/Build/Products/Debug-iphonesimulator/Familienplaner.app --plist-output /Users/runner/Library/Developer/Xcode/DerivedData/Familienplaner-dmcrrzfthkjbwogvslwbznxtcpok/Build/Intermediates.noindex/Familienplaner.build/Debug-iphonesimulator/Familienplaner.build/assetcatalog_generated_info.plist
note: Emplaced /Users/runner/Library/Developer/Xcode/DerivedData/Familienplaner-dmcrrzfthkjbwogvslwbznxtcpok/Build/Products/Debug-iphonesimulator/Familienplaner.app/AppIcon60x60@2x.png (in target 'Familienplaner' from project 'Familienplaner')
note: Emplaced /Users/runner/Library/Developer/Xcode/DerivedData/Familienplaner-dmcrrzfthkjbwogvslwbznxtcpok/Build/Products/Debug-iphonesimulator/Familienplaner.app/Assets.car (in target 'Familienplaner' from project 'Familienplaner')
note: Emplaced /Users/runner/Library/Developer/Xcode/DerivedData/Familienplaner-dmcrrzfthkjbwogvslwbznxtcpok/Build/Products/Debug-iphonesimulator/Familienplaner.app/AppIcon76x76@2x~ipad.png (in target 'Familienplaner' from project 'Familienplaner')

Copy /Users/runner/Library/Developer/Xcode/DerivedData/Familienplaner-dmcrrzfthkjbwogvslwbznxtcpok/Build/Products/Debug-iphonesimulator/Familienplaner.app/PlugIns/FamilienplanerWidgets.appex /Users/runner/Library/Developer/Xcode/DerivedData/Familienplaner-dmcrrzfthkjbwogvslwbznxtcpok/Build/Products/Debug-iphonesimulator/FamilienplanerWidgets.appex (in target 'Familienplaner' from project 'Familienplaner')
    cd /Users/runner/work/familienplaner/familienplaner
    builtin-copy -exclude .DS_Store -exclude CVS -exclude .svn -exclude .git -exclude .hg -exclude Headers -exclude PrivateHeaders -exclude Modules -exclude \*.tbd -resolve-src-symlinks -remove-static-executable /Users/runner/Library/Developer/Xcode/DerivedData/Familienplaner-dmcrrzfthkjbwogvslwbznxtcpok/Build/Products/Debug-iphonesimulator/FamilienplanerWidgets.appex /Users/runner/Library/Developer/Xcode/DerivedData/Familienplaner-dmcrrzfthkjbwogvslwbznxtcpok/Build/Products/Debug-iphonesimulator/Familienplaner.app/PlugIns

Copy /Users/runner/Library/Developer/Xcode/DerivedData/Familienplaner-dmcrrzfthkjbwogvslwbznxtcpok/Build/Products/Debug-iphonesimulator/Familienplaner.app/PlugIns/FamilienplanerShare.appex /Users/runner/Library/Developer/Xcode/DerivedData/Familienplaner-dmcrrzfthkjbwogvslwbznxtcpok/Build/Products/Debug-iphonesimulator/FamilienplanerShare.appex (in target 'Familienplaner' from project 'Familienplaner')
    cd /Users/runner/work/familienplaner/familienplaner
    builtin-copy -exclude .DS_Store -exclude CVS -exclude .svn -exclude .git -exclude .hg -exclude Headers -exclude PrivateHeaders -exclude Modules -exclude \*.tbd -resolve-src-symlinks -remove-static-executable /Users/runner/Library/Developer/Xcode/DerivedData/Familienplaner-dmcrrzfthkjbwogvslwbznxtcpok/Build/Products/Debug-iphonesimulator/FamilienplanerShare.appex /Users/runner/Library/Developer/Xcode/DerivedData/Familienplaner-dmcrrzfthkjbwogvslwbznxtcpok/Build/Products/Debug-iphonesimulator/Familienplaner.app/PlugIns

Copy /Users/runner/Library/Developer/Xcode/DerivedData/Familienplaner-dmcrrzfthkjbwogvslwbznxtcpok/Build/Products/Debug-iphonesimulator/Familienplaner.app/Watch/FamilienplanerWatch.app /Users/runner/Library/Developer/Xcode/DerivedData/Familienplaner-dmcrrzfthkjbwogvslwbznxtcpok/Build/Products/Debug-watchsimulator/FamilienplanerWatch.app (in target 'Familienplaner' from project 'Familienplaner')
    cd /Users/runner/work/familienplaner/familienplaner
    builtin-copy -exclude .DS_Store -exclude CVS -exclude .svn -exclude .git -exclude .hg -exclude Headers -exclude PrivateHeaders -exclude Modules -exclude \*.tbd -resolve-src-symlinks -remove-static-executable /Users/runner/Library/Developer/Xcode/DerivedData/Familienplaner-dmcrrzfthkjbwogvslwbznxtcpok/Build/Products/Debug-watchsimulator/FamilienplanerWatch.app /Users/runner/Library/Developer/Xcode/DerivedData/Familienplaner-dmcrrzfthkjbwogvslwbznxtcpok/Build/Products/Debug-iphonesimulator/Familienplaner.app/Watch

ProcessInfoPlistFile /Users/runner/Library/Developer/Xcode/DerivedData/Familienplaner-dmcrrzfthkjbwogvslwbznxtcpok/Build/Products/Debug-iphonesimulator/Familienplaner.app/Info.plist /Users/runner/work/familienplaner/familienplaner/Resources/Info.plist (in target 'Familienplaner' from project 'Familienplaner')
    cd /Users/runner/work/familienplaner/familienplaner
    builtin-infoPlistUtility /Users/runner/work/familienplaner/familienplaner/Resources/Info.plist -producttype com.apple.product-type.application -genpkginfo /Users/runner/Library/Developer/Xcode/DerivedData/Familienplaner-dmcrrzfthkjbwogvslwbznxtcpok/Build/Products/Debug-iphonesimulator/Familienplaner.app/PkgInfo -expandbuildsettings -format binary -platform iphonesimulator -additionalcontentfile /Users/runner/Library/Developer/Xcode/DerivedData/Familienplaner-dmcrrzfthkjbwogvslwbznxtcpok/Build/Intermediates.noindex/Familienplaner.build/Debug-iphonesimulator/Familienplaner.build/assetcatalog_generated_info.plist -scanforprivacyfile /Users/runner/Library/Developer/Xcode/DerivedData/Familienplaner-dmcrrzfthkjbwogvslwbznxtcpok/Build/Products/Debug-iphonesimulator/Familienplaner.app/PlugIns/FamilienplanerShare.appex -scanforprivacyfile /Users/runner/Library/Developer/Xcode/DerivedData/Familienplaner-dmcrrzfthkjbwogvslwbznxtcpok/Build/Products/Debug-iphonesimulator/Familienplaner.app/PlugIns/FamilienplanerWidgets.appex -scanforprivacyfile /Users/runner/Library/Developer/Xcode/DerivedData/Familienplaner-dmcrrzfthkjbwogvslwbznxtcpok/Build/Products/Debug-iphonesimulator/Familienplaner.app/Watch/FamilienplanerWatch.app -o /Users/runner/Library/Developer/Xcode/DerivedData/Familienplaner-dmcrrzfthkjbwogvslwbznxtcpok/Build/Products/Debug-iphonesimulator/Familienplaner.app/Info.plist

ExtractAppIntentsMetadata (in target 'Familienplaner' from project 'Familienplaner')
    cd /Users/runner/work/familienplaner/familienplaner
    /Applications/Xcode_26.6.app/Contents/Developer/Toolchains/XcodeDefault.xctoolchain/usr/bin/appintentsmetadataprocessor --toolchain-dir /var/run/com.apple.security.cryptexd/mnt/com.apple.MobileAsset.MetalToolchain-v17.6.109.0.o5pn4K/Metal.xctoolchain --module-name Familienplaner --sdk-root /Applications/Xcode_26.6.app/Contents/Developer/Platforms/iPhoneSimulator.platform/Developer/SDKs/iPhoneSimulator26.5.sdk --xcode-version 17F113 --platform-family iOS --deployment-target 26.0 --bundle-identifier de.barg.familienplaner --output /Users/runner/Library/Developer/Xcode/DerivedData/Familienplaner-dmcrrzfthkjbwogvslwbznxtcpok/Build/Products/Debug-iphonesimulator/Familienplaner.app --target-triple arm64-apple-ios26.0-simulator --binary-file /Users/runner/Library/Developer/Xcode/DerivedData/Familienplaner-dmcrrzfthkjbwogvslwbznxtcpok/Build/Products/Debug-iphonesimulator/Familienplaner.app/Familienplaner --dependency-file /Users/runner/Library/Developer/Xcode/DerivedData/Familienplaner-dmcrrzfthkjbwogvslwbznxtcpok/Build/Intermediates.noindex/Familienplaner.build/Debug-iphonesimulator/Familienplaner.build/Objects-normal/arm64/Familienplaner_dependency_info.dat --stringsdata-file /Users/runner/Library/Developer/Xcode/DerivedData/Familienplaner-dmcrrzfthkjbwogvslwbznxtcpok/Build/Intermediates.noindex/Familienplaner.build/Debug-iphonesimulator/Familienplaner.build/Objects-normal/arm64/ExtractedAppShortcutsMetadata.stringsdata --source-file-list /Users/runner/Library/Developer/Xcode/DerivedData/Familienplaner-dmcrrzfthkjbwogvslwbznxtcpok/Build/Intermediates.noindex/Familienplaner.build/Debug-iphonesimulator/Familienplaner.build/Objects-normal/arm64/Familienplaner.SwiftFileList --metadata-file-list /Users/runner/Library/Developer/Xcode/DerivedData/Familienplaner-dmcrrzfthkjbwogvslwbznxtcpok/Build/Intermediates.noindex/Familienplaner.build/Debug-iphonesimulator/Familienplaner.build/Familienplaner.DependencyMetadataFileList --static-metadata-file-list /Users/runner/Library/Developer/Xcode/DerivedData/Familienplaner-dmcrrzfthkjbwogvslwbznxtcpok/Build/Intermediates.noindex/Familienplaner.build/Debug-iphonesimulator/Familienplaner.build/Familienplaner.DependencyStaticMetadataFileList --swift-const-vals-list /Users/runner/Library/Developer/Xcode/DerivedData/Familienplaner-dmcrrzfthkjbwogvslwbznxtcpok/Build/Intermediates.noindex/Familienplaner.build/Debug-iphonesimulator/Familienplaner.build/Objects-normal/arm64/Familienplaner.SwiftConstValuesFileList --compile-time-extraction --deployment-aware-processing --validate-assistant-intents --no-app-shortcuts-localization
2026-10-10 07:33:01.688 appintentsmetadataprocessor[18180:55341] Starting appintentsmetadataprocessor export
2026-10-10 07:33:01.833 appintentsmetadataprocessor[18180:55341] Extracted no relevant App Intents symbols, skipping writing output

CopySwiftLibs /Users/runner/Library/Developer/Xcode/DerivedData/Familienplaner-dmcrrzfthkjbwogvslwbznxtcpok/Build/Products/Debug-iphonesimulator/Familienplaner.app (in target 'Familienplaner' from project 'Familienplaner')
    cd /Users/runner/work/familienplaner/familienplaner
    builtin-swiftStdLibTool --copy --verbose --scan-executable /Users/runner/Library/Developer/Xcode/DerivedData/Familienplaner-dmcrrzfthkjbwogvslwbznxtcpok/Build/Products/Debug-iphonesimulator/Familienplaner.app/Familienplaner.debug.dylib --scan-folder /Users/runner/Library/Developer/Xcode/DerivedData/Familienplaner-dmcrrzfthkjbwogvslwbznxtcpok/Build/Products/Debug-iphonesimulator/Familienplaner.app/Frameworks --scan-folder /Users/runner/Library/Developer/Xcode/DerivedData/Familienplaner-dmcrrzfthkjbwogvslwbznxtcpok/Build/Products/Debug-iphonesimulator/Familienplaner.app/PlugIns --scan-folder /Users/runner/Library/Developer/Xcode/DerivedData/Familienplaner-dmcrrzfthkjbwogvslwbznxtcpok/Build/Products/Debug-iphonesimulator/Familienplaner.app/SystemExtensions --scan-folder /Users/runner/Library/Developer/Xcode/DerivedData/Familienplaner-dmcrrzfthkjbwogvslwbznxtcpok/Build/Products/Debug-iphonesimulator/Familienplaner.app/Extensions --platform iphonesimulator --toolchain /var/run/com.apple.security.cryptexd/mnt/com.apple.MobileAsset.MetalToolchain-v17.6.109.0.o5pn4K/Metal.xctoolchain --toolchain /Applications/Xcode_26.6.app/Contents/Developer/Toolchains/XcodeDefault.xctoolchain --destination /Users/runner/Library/Developer/Xcode/DerivedData/Familienplaner-dmcrrzfthkjbwogvslwbznxtcpok/Build/Products/Debug-iphonesimulator/Familienplaner.app/Frameworks --strip-bitcode --strip-bitcode-tool /Applications/Xcode_26.6.app/Contents/Developer/Toolchains/XcodeDefault.xctoolchain/usr/bin/bitcode_strip --emit-dependency-info /Users/runner/Library/Developer/Xcode/DerivedData/Familienplaner-dmcrrzfthkjbwogvslwbznxtcpok/Build/Intermediates.noindex/Familienplaner.build/Debug-iphonesimulator/Familienplaner.build/SwiftStdLibToolInputDependencies.dep --filter-for-swift-os
Ignoring --strip-bitcode because --sign was not passed

ValidateEmbeddedBinary /Users/runner/Library/Developer/Xcode/DerivedData/Familienplaner-dmcrrzfthkjbwogvslwbznxtcpok/Build/Products/Debug-iphonesimulator/Familienplaner.app/Watch/FamilienplanerWatch.app (in target 'Familienplaner' from project 'Familienplaner')
    cd /Users/runner/work/familienplaner/familienplaner
    /Applications/Xcode_26.6.app/Contents/Developer/usr/bin/embeddedBinaryValidationUtility /Users/runner/Library/Developer/Xcode/DerivedData/Familienplaner-dmcrrzfthkjbwogvslwbznxtcpok/Build/Products/Debug-iphonesimulator/Familienplaner.app/Watch/FamilienplanerWatch.app -info-plist-path /Users/runner/Library/Developer/Xcode/DerivedData/Familienplaner-dmcrrzfthkjbwogvslwbznxtcpok/Build/Products/Debug-iphonesimulator/Familienplaner.app/Info.plist

ValidateEmbeddedBinary /Users/runner/Library/Developer/Xcode/DerivedData/Familienplaner-dmcrrzfthkjbwogvslwbznxtcpok/Build/Products/Debug-iphonesimulator/Familienplaner.app/PlugIns/FamilienplanerWidgets.appex (in target 'Familienplaner' from project 'Familienplaner')
    cd /Users/runner/work/familienplaner/familienplaner
    /Applications/Xcode_26.6.app/Contents/Developer/usr/bin/embeddedBinaryValidationUtility /Users/runner/Library/Developer/Xcode/DerivedData/Familienplaner-dmcrrzfthkjbwogvslwbznxtcpok/Build/Products/Debug-iphonesimulator/Familienplaner.app/PlugIns/FamilienplanerWidgets.appex -info-plist-path /Users/runner/Library/Developer/Xcode/DerivedData/Familienplaner-dmcrrzfthkjbwogvslwbznxtcpok/Build/Products/Debug-iphonesimulator/Familienplaner.app/Info.plist

ValidateEmbeddedBinary /Users/runner/Library/Developer/Xcode/DerivedData/Familienplaner-dmcrrzfthkjbwogvslwbznxtcpok/Build/Products/Debug-iphonesimulator/Familienplaner.app/PlugIns/FamilienplanerShare.appex (in target 'Familienplaner' from project 'Familienplaner')
    cd /Users/runner/work/familienplaner/familienplaner
    /Applications/Xcode_26.6.app/Contents/Developer/usr/bin/embeddedBinaryValidationUtility /Users/runner/Library/Developer/Xcode/DerivedData/Familienplaner-dmcrrzfthkjbwogvslwbznxtcpok/Build/Products/Debug-iphonesimulator/Familienplaner.app/PlugIns/FamilienplanerShare.appex -info-plist-path /Users/runner/Library/Developer/Xcode/DerivedData/Familienplaner-dmcrrzfthkjbwogvslwbznxtcpok/Build/Products/Debug-iphonesimulator/Familienplaner.app/Info.plist

AppIntentsSSUTraining (in target 'Familienplaner' from project 'Familienplaner')
    cd /Users/runner/work/familienplaner/familienplaner
    /Applications/Xcode_26.6.app/Contents/Developer/Toolchains/XcodeDefault.xctoolchain/usr/bin/appintentsnltrainingprocessor --infoplist-path /Users/runner/Library/Developer/Xcode/DerivedData/Familienplaner-dmcrrzfthkjbwogvslwbznxtcpok/Build/Products/Debug-iphonesimulator/Familienplaner.app/Info.plist --temp-dir-path /Users/runner/Library/Developer/Xcode/DerivedData/Familienplaner-dmcrrzfthkjbwogvslwbznxtcpok/Build/Intermediates.noindex/Familienplaner.build/Debug-iphonesimulator/Familienplaner.build/ssu --bundle-id de.barg.familienplaner --product-path /Users/runner/Library/Developer/Xcode/DerivedData/Familienplaner-dmcrrzfthkjbwogvslwbznxtcpok/Build/Products/Debug-iphonesimulator/Familienplaner.app --extracted-metadata-path /Users/runner/Library/Developer/Xcode/DerivedData/Familienplaner-dmcrrzfthkjbwogvslwbznxtcpok/Build/Products/Debug-iphonesimulator/Familienplaner.app/Metadata.appintents --metadata-file-list /Users/runner/Library/Developer/Xcode/DerivedData/Familienplaner-dmcrrzfthkjbwogvslwbznxtcpok/Build/Intermediates.noindex/Familienplaner.build/Debug-iphonesimulator/Familienplaner.build/Familienplaner.DependencyMetadataFileList --source-file /Users/runner/Library/Developer/Xcode/DerivedData/Familienplaner-dmcrrzfthkjbwogvslwbznxtcpok/Build/Products/Debug-iphonesimulator/Familienplaner.app/Info.plist --archive-ssu-assets
2026-10-10 07:33:07.065 appintentsnltrainingprocessor[18680:56402] Parsing options for appintentsnltrainingprocessor
2026-10-10 07:33:07.073 appintentsnltrainingprocessor[18680:56402] Starting AppIntents SSU YAML Generation
2026-10-10 07:33:07.077 appintentsnltrainingprocessor[18680:56402] No AppShortcuts found - Skipping.

ProcessInfoPlistFile /Users/runner/Library/Developer/Xcode/DerivedData/Familienplaner-dmcrrzfthkjbwogvslwbznxtcpok/Build/Products/Debug-iphonesimulator/Familienplaner.app/PlugIns/FamilienplanerTests.xctest/Info.plist /Users/runner/Library/Developer/Xcode/DerivedData/Familienplaner-dmcrrzfthkjbwogvslwbznxtcpok/Build/Intermediates.noindex/Familienplaner.build/Debug-iphonesimulator/FamilienplanerTests.build/empty-FamilienplanerTests.plist (in target 'FamilienplanerTests' from project 'Familienplaner')
    cd /Users/runner/work/familienplaner/familienplaner
    builtin-infoPlistUtility /Users/runner/Library/Developer/Xcode/DerivedData/Familienplaner-dmcrrzfthkjbwogvslwbznxtcpok/Build/Intermediates.noindex/Familienplaner.build/Debug-iphonesimulator/FamilienplanerTests.build/empty-FamilienplanerTests.plist -producttype com.apple.product-type.bundle.unit-test -expandbuildsettings -format binary -platform iphonesimulator -o /Users/runner/Library/Developer/Xcode/DerivedData/Familienplaner-dmcrrzfthkjbwogvslwbznxtcpok/Build/Products/Debug-iphonesimulator/Familienplaner.app/PlugIns/FamilienplanerTests.xctest/Info.plist

Ld /Users/runner/Library/Developer/Xcode/DerivedData/Familienplaner-dmcrrzfthkjbwogvslwbznxtcpok/Build/Products/Debug-iphonesimulator/Familienplaner.app/PlugIns/FamilienplanerTests.xctest/FamilienplanerTests normal (in target 'FamilienplanerTests' from project 'Familienplaner')
    cd /Users/runner/work/familienplaner/familienplaner
    /Applications/Xcode_26.6.app/Contents/Developer/Toolchains/XcodeDefault.xctoolchain/usr/bin/clang -Xlinker -reproducible -target arm64-apple-ios26.0-simulator -bundle -isysroot /Applications/Xcode_26.6.app/Contents/Developer/Platforms/iPhoneSimulator.platform/Developer/SDKs/iPhoneSimulator26.5.sdk -O0 -L/Users/runner/Library/Developer/Xcode/DerivedData/Familienplaner-dmcrrzfthkjbwogvslwbznxtcpok/Build/Intermediates.noindex/EagerLinkingTBDs/Debug-iphonesimulator -L/Users/runner/Library/Developer/Xcode/DerivedData/Familienplaner-dmcrrzfthkjbwogvslwbznxtcpok/Build/Products/Debug-iphonesimulator -L/Applications/Xcode_26.6.app/Contents/Developer/Platforms/iPhoneSimulator.platform/Developer/usr/lib -F/Users/runner/Library/Developer/Xcode/DerivedData/Familienplaner-dmcrrzfthkjbwogvslwbznxtcpok/Build/Intermediates.noindex/EagerLinkingTBDs/Debug-iphonesimulator -F/Users/runner/Library/Developer/Xcode/DerivedData/Familienplaner-dmcrrzfthkjbwogvslwbznxtcpok/Build/Products/Debug-iphonesimulator -iframework /Applications/Xcode_26.6.app/Contents/Developer/Platforms/iPhoneSimulator.platform/Developer/Library/Frameworks -iframework /Applications/Xcode_26.6.app/Contents/Developer/Platforms/iPhoneSimulator.platform/Developer/SDKs/iPhoneSimulator26.5.sdk/Developer/Library/Frameworks -filelist /Users/runner/Library/Developer/Xcode/DerivedData/Familienplaner-dmcrrzfthkjbwogvslwbznxtcpok/Build/Intermediates.noindex/Familienplaner.build/Debug-iphonesimulator/FamilienplanerTests.build/Objects-normal/arm64/FamilienplanerTests.LinkFileList -Xlinker -rpath -Xlinker @loader_path/Frameworks -Xlinker -rpath -Xlinker @executable_path/Frameworks -Xlinker -dead_strip -bundle_loader /Users/runner/Library/Developer/Xcode/DerivedData/Familienplaner-dmcrrzfthkjbwogvslwbznxtcpok/Build/Products/Debug-iphonesimulator/Familienplaner.app/Familienplaner -Xlinker -object_path_lto -Xlinker /Users/runner/Library/Developer/Xcode/DerivedData/Familienplaner-dmcrrzfthkjbwogvslwbznxtcpok/Build/Intermediates.noindex/Familienplaner.build/Debug-iphonesimulator/FamilienplanerTests.build/Objects-normal/arm64/FamilienplanerTests_lto.o -rdynamic -Xlinker -no_deduplicate -Xlinker -objc_abi_version -Xlinker 2 -Xlinker -debug_variant -Xlinker -dependency_info -Xlinker /Users/runner/Library/Developer/Xcode/DerivedData/Familienplaner-dmcrrzfthkjbwogvslwbznxtcpok/Build/Intermediates.noindex/Familienplaner.build/Debug-iphonesimulator/FamilienplanerTests.build/Objects-normal/arm64/FamilienplanerTests_dependency_info.dat -fobjc-link-runtime -fprofile-instr-generate -L/Applications/Xcode_26.6.app/Contents/Developer/Toolchains/XcodeDefault.xctoolchain/usr/lib/swift/iphonesimulator -L/usr/lib/swift -Xlinker -add_ast_path -Xlinker /Users/runner/Library/Developer/Xcode/DerivedData/Familienplaner-dmcrrzfthkjbwogvslwbznxtcpok/Build/Intermediates.noindex/Familienplaner.build/Debug-iphonesimulator/FamilienplanerTests.build/Objects-normal/arm64/FamilienplanerTests.swiftmodule @/Users/runner/Library/Developer/Xcode/DerivedData/Familienplaner-dmcrrzfthkjbwogvslwbznxtcpok/Build/Intermediates.noindex/Familienplaner.build/Debug-iphonesimulator/FamilienplanerTests.build/Objects-normal/arm64/FamilienplanerTests-linker-args.resp -Xlinker -needed_framework -Xlinker XCTest -framework XCTest -Xlinker -needed-lXCTestSwiftSupport -lXCTestSwiftSupport /Users/runner/Library/Developer/Xcode/DerivedData/Familienplaner-dmcrrzfthkjbwogvslwbznxtcpok/Build/Products/Debug-iphonesimulator/Familienplaner.app/Familienplaner.debug.dylib -o /Users/runner/Library/Developer/Xcode/DerivedData/Familienplaner-dmcrrzfthkjbwogvslwbznxtcpok/Build/Products/Debug-iphonesimulator/Familienplaner.app/PlugIns/FamilienplanerTests.xctest/FamilienplanerTests

CopySwiftLibs /Users/runner/Library/Developer/Xcode/DerivedData/Familienplaner-dmcrrzfthkjbwogvslwbznxtcpok/Build/Products/Debug-iphonesimulator/Familienplaner.app/PlugIns/FamilienplanerTests.xctest (in target 'FamilienplanerTests' from project 'Familienplaner')
    cd /Users/runner/work/familienplaner/familienplaner
    builtin-swiftStdLibTool --copy --verbose --scan-executable /Users/runner/Library/Developer/Xcode/DerivedData/Familienplaner-dmcrrzfthkjbwogvslwbznxtcpok/Build/Products/Debug-iphonesimulator/Familienplaner.app/PlugIns/FamilienplanerTests.xctest/FamilienplanerTests --scan-folder /Users/runner/Library/Developer/Xcode/DerivedData/Familienplaner-dmcrrzfthkjbwogvslwbznxtcpok/Build/Products/Debug-iphonesimulator/Familienplaner.app/PlugIns/FamilienplanerTests.xctest/Frameworks --scan-folder /Users/runner/Library/Developer/Xcode/DerivedData/Familienplaner-dmcrrzfthkjbwogvslwbznxtcpok/Build/Products/Debug-iphonesimulator/Familienplaner.app/PlugIns/FamilienplanerTests.xctest/PlugIns --scan-folder /Users/runner/Library/Developer/Xcode/DerivedData/Familienplaner-dmcrrzfthkjbwogvslwbznxtcpok/Build/Products/Debug-iphonesimulator/Familienplaner.app/PlugIns/FamilienplanerTests.xctest/SystemExtensions --scan-folder /Users/runner/Library/Developer/Xcode/DerivedData/Familienplaner-dmcrrzfthkjbwogvslwbznxtcpok/Build/Products/Debug-iphonesimulator/Familienplaner.app/PlugIns/FamilienplanerTests.xctest/Extensions --platform iphonesimulator --toolchain /var/run/com.apple.security.cryptexd/mnt/com.apple.MobileAsset.MetalToolchain-v17.6.109.0.o5pn4K/Metal.xctoolchain --toolchain /Applications/Xcode_26.6.app/Contents/Developer/Toolchains/XcodeDefault.xctoolchain --destination /Users/runner/Library/Developer/Xcode/DerivedData/Familienplaner-dmcrrzfthkjbwogvslwbznxtcpok/Build/Products/Debug-iphonesimulator/Familienplaner.app/PlugIns/FamilienplanerTests.xctest/Frameworks --strip-bitcode --scan-executable /Applications/Xcode_26.6.app/Contents/Developer/Platforms/iPhoneSimulator.platform/Developer/usr/lib/libXCTestSwiftSupport.dylib --strip-bitcode-tool /Applications/Xcode_26.6.app/Contents/Developer/Toolchains/XcodeDefault.xctoolchain/usr/bin/bitcode_strip --emit-dependency-info /Users/runner/Library/Developer/Xcode/DerivedData/Familienplaner-dmcrrzfthkjbwogvslwbznxtcpok/Build/Intermediates.noindex/Familienplaner.build/Debug-iphonesimulator/FamilienplanerTests.build/SwiftStdLibToolInputDependencies.dep --filter-for-swift-os
Ignoring --strip-bitcode because --sign was not passed

ExtractAppIntentsMetadata (in target 'FamilienplanerTests' from project 'Familienplaner')
    cd /Users/runner/work/familienplaner/familienplaner
    /Applications/Xcode_26.6.app/Contents/Developer/Toolchains/XcodeDefault.xctoolchain/usr/bin/appintentsmetadataprocessor --toolchain-dir /var/run/com.apple.security.cryptexd/mnt/com.apple.MobileAsset.MetalToolchain-v17.6.109.0.o5pn4K/Metal.xctoolchain --module-name FamilienplanerTests --sdk-root /Applications/Xcode_26.6.app/Contents/Developer/Platforms/iPhoneSimulator.platform/Developer/SDKs/iPhoneSimulator26.5.sdk --xcode-version 17F113 --platform-family iOS --deployment-target 26.0 --bundle-identifier de.barg.familienplaner.tests --output /Users/runner/Library/Developer/Xcode/DerivedData/Familienplaner-dmcrrzfthkjbwogvslwbznxtcpok/Build/Products/Debug-iphonesimulator/Familienplaner.app/PlugIns/FamilienplanerTests.xctest --target-triple arm64-apple-ios26.0-simulator --binary-file /Users/runner/Library/Developer/Xcode/DerivedData/Familienplaner-dmcrrzfthkjbwogvslwbznxtcpok/Build/Products/Debug-iphonesimulator/Familienplaner.app/PlugIns/FamilienplanerTests.xctest/FamilienplanerTests --dependency-file /Users/runner/Library/Developer/Xcode/DerivedData/Familienplaner-dmcrrzfthkjbwogvslwbznxtcpok/Build/Intermediates.noindex/Familienplaner.build/Debug-iphonesimulator/FamilienplanerTests.build/Objects-normal/arm64/FamilienplanerTests_dependency_info.dat --stringsdata-file /Users/runner/Library/Developer/Xcode/DerivedData/Familienplaner-dmcrrzfthkjbwogvslwbznxtcpok/Build/Intermediates.noindex/Familienplaner.build/Debug-iphonesimulator/FamilienplanerTests.build/Objects-normal/arm64/ExtractedAppShortcutsMetadata.stringsdata --source-file-list /Users/runner/Library/Developer/Xcode/DerivedData/Familienplaner-dmcrrzfthkjbwogvslwbznxtcpok/Build/Intermediates.noindex/Familienplaner.build/Debug-iphonesimulator/FamilienplanerTests.build/Objects-normal/arm64/FamilienplanerTests.SwiftFileList --metadata-file-list /Users/runner/Library/Developer/Xcode/DerivedData/Familienplaner-dmcrrzfthkjbwogvslwbznxtcpok/Build/Intermediates.noindex/Familienplaner.build/Debug-iphonesimulator/FamilienplanerTests.build/FamilienplanerTests.DependencyMetadataFileList --static-metadata-file-list /Users/runner/Library/Developer/Xcode/DerivedData/Familienplaner-dmcrrzfthkjbwogvslwbznxtcpok/Build/Intermediates.noindex/Familienplaner.build/Debug-iphonesimulator/FamilienplanerTests.build/FamilienplanerTests.DependencyStaticMetadataFileList --swift-const-vals-list /Users/runner/Library/Developer/Xcode/DerivedData/Familienplaner-dmcrrzfthkjbwogvslwbznxtcpok/Build/Intermediates.noindex/Familienplaner.build/Debug-iphonesimulator/FamilienplanerTests.build/Objects-normal/arm64/FamilienplanerTests.SwiftConstValuesFileList --compile-time-extraction --deployment-aware-processing --validate-assistant-intents --no-app-shortcuts-localization
2026-10-10 07:33:09.592 appintentsmetadataprocessor[18832:56796] Starting appintentsmetadataprocessor export
2026-10-10 07:33:09.640 appintentsmetadataprocessor[18832:56796] Extracted no relevant App Intents symbols, skipping writing output

AppIntentsSSUTraining (in target 'FamilienplanerTests' from project 'Familienplaner')
    cd /Users/runner/work/familienplaner/familienplaner
    /Applications/Xcode_26.6.app/Contents/Developer/Toolchains/XcodeDefault.xctoolchain/usr/bin/appintentsnltrainingprocessor --infoplist-path /Users/runner/Library/Developer/Xcode/DerivedData/Familienplaner-dmcrrzfthkjbwogvslwbznxtcpok/Build/Products/Debug-iphonesimulator/Familienplaner.app/PlugIns/FamilienplanerTests.xctest/Info.plist --temp-dir-path /Users/runner/Library/Developer/Xcode/DerivedData/Familienplaner-dmcrrzfthkjbwogvslwbznxtcpok/Build/Intermediates.noindex/Familienplaner.build/Debug-iphonesimulator/FamilienplanerTests.build/ssu --bundle-id de.barg.familienplaner.tests --product-path /Users/runner/Library/Developer/Xcode/DerivedData/Familienplaner-dmcrrzfthkjbwogvslwbznxtcpok/Build/Products/Debug-iphonesimulator/Familienplaner.app/PlugIns/FamilienplanerTests.xctest --extracted-metadata-path /Users/runner/Library/Developer/Xcode/DerivedData/Familienplaner-dmcrrzfthkjbwogvslwbznxtcpok/Build/Products/Debug-iphonesimulator/Familienplaner.app/PlugIns/FamilienplanerTests.xctest/Metadata.appintents --metadata-file-list /Users/runner/Library/Developer/Xcode/DerivedData/Familienplaner-dmcrrzfthkjbwogvslwbznxtcpok/Build/Intermediates.noindex/Familienplaner.build/Debug-iphonesimulator/FamilienplanerTests.build/FamilienplanerTests.DependencyMetadataFileList --source-file /Users/runner/Library/Developer/Xcode/DerivedData/Familienplaner-dmcrrzfthkjbwogvslwbznxtcpok/Build/Products/Debug-iphonesimulator/Familienplaner.app/PlugIns/FamilienplanerTests.xctest/Info.plist --archive-ssu-assets
2026-10-10 07:33:09.673 appintentsnltrainingprocessor[18833:56801] Parsing options for appintentsnltrainingprocessor
2026-10-10 07:33:09.674 appintentsnltrainingprocessor[18833:56801] Starting AppIntents SSU YAML Generation
2026-10-10 07:33:09.674 appintentsnltrainingprocessor[18833:56801] No AppShortcuts found - Skipping.

RegisterExecutionPolicyException /Users/runner/Library/Developer/Xcode/DerivedData/Familienplaner-dmcrrzfthkjbwogvslwbznxtcpok/Build/Products/Debug-iphonesimulator/Familienplaner.app/PlugIns/FamilienplanerTests.xctest (in target 'FamilienplanerTests' from project 'Familienplaner')
    cd /Users/runner/work/familienplaner/familienplaner
    builtin-RegisterExecutionPolicyException /Users/runner/Library/Developer/Xcode/DerivedData/Familienplaner-dmcrrzfthkjbwogvslwbznxtcpok/Build/Products/Debug-iphonesimulator/Familienplaner.app/PlugIns/FamilienplanerTests.xctest

Touch /Users/runner/Library/Developer/Xcode/DerivedData/Familienplaner-dmcrrzfthkjbwogvslwbznxtcpok/Build/Products/Debug-iphonesimulator/Familienplaner.app/PlugIns/FamilienplanerTests.xctest (in target 'FamilienplanerTests' from project 'Familienplaner')
    cd /Users/runner/work/familienplaner/familienplaner
    /usr/bin/touch -c /Users/runner/Library/Developer/Xcode/DerivedData/Familienplaner-dmcrrzfthkjbwogvslwbznxtcpok/Build/Products/Debug-iphonesimulator/Familienplaner.app/PlugIns/FamilienplanerTests.xctest

RegisterExecutionPolicyException /Users/runner/Library/Developer/Xcode/DerivedData/Familienplaner-dmcrrzfthkjbwogvslwbznxtcpok/Build/Products/Debug-iphonesimulator/Familienplaner.app (in target 'Familienplaner' from project 'Familienplaner')
    cd /Users/runner/work/familienplaner/familienplaner
    builtin-RegisterExecutionPolicyException /Users/runner/Library/Developer/Xcode/DerivedData/Familienplaner-dmcrrzfthkjbwogvslwbznxtcpok/Build/Products/Debug-iphonesimulator/Familienplaner.app

Validate /Users/runner/Library/Developer/Xcode/DerivedData/Familienplaner-dmcrrzfthkjbwogvslwbznxtcpok/Build/Products/Debug-iphonesimulator/Familienplaner.app (in target 'Familienplaner' from project 'Familienplaner')
    cd /Users/runner/work/familienplaner/familienplaner
    builtin-validationUtility /Users/runner/Library/Developer/Xcode/DerivedData/Familienplaner-dmcrrzfthkjbwogvslwbznxtcpok/Build/Products/Debug-iphonesimulator/Familienplaner.app -shallow-bundle -infoplist-subpath Info.plist

Touch /Users/runner/Library/Developer/Xcode/DerivedData/Familienplaner-dmcrrzfthkjbwogvslwbznxtcpok/Build/Products/Debug-iphonesimulator/Familienplaner.app (in target 'Familienplaner' from project 'Familienplaner')
    cd /Users/runner/work/familienplaner/familienplaner
    /usr/bin/touch -c /Users/runner/Library/Developer/Xcode/DerivedData/Familienplaner-dmcrrzfthkjbwogvslwbznxtcpok/Build/Products/Debug-iphonesimulator/Familienplaner.app

ProcessInfoPlistFile /Users/runner/Library/Developer/Xcode/DerivedData/Familienplaner-dmcrrzfthkjbwogvslwbznxtcpok/Build/Products/Debug-iphonesimulator/FamilienplanerUITests-Runner.app/PlugIns/FamilienplanerUITests.xctest/Info.plist /Users/runner/Library/Developer/Xcode/DerivedData/Familienplaner-dmcrrzfthkjbwogvslwbznxtcpok/Build/Intermediates.noindex/Familienplaner.build/Debug-iphonesimulator/FamilienplanerUITests.build/empty-FamilienplanerUITests.plist (in target 'FamilienplanerUITests' from project 'Familienplaner')
    cd /Users/runner/work/familienplaner/familienplaner
    builtin-infoPlistUtility /Users/runner/Library/Developer/Xcode/DerivedData/Familienplaner-dmcrrzfthkjbwogvslwbznxtcpok/Build/Intermediates.noindex/Familienplaner.build/Debug-iphonesimulator/FamilienplanerUITests.build/empty-FamilienplanerUITests.plist -producttype com.apple.product-type.bundle.ui-testing -expandbuildsettings -format binary -platform iphonesimulator -additionalcontentfile /Users/runner/Library/Developer/Xcode/DerivedData/Familienplaner-dmcrrzfthkjbwogvslwbznxtcpok/Build/Intermediates.noindex/Familienplaner.build/Debug-iphonesimulator/FamilienplanerUITests.build/ProductTypeInfoPlistAdditions.plist -o /Users/runner/Library/Developer/Xcode/DerivedData/Familienplaner-dmcrrzfthkjbwogvslwbznxtcpok/Build/Products/Debug-iphonesimulator/FamilienplanerUITests-Runner.app/PlugIns/FamilienplanerUITests.xctest/Info.plist

Ld /Users/runner/Library/Developer/Xcode/DerivedData/Familienplaner-dmcrrzfthkjbwogvslwbznxtcpok/Build/Products/Debug-iphonesimulator/FamilienplanerUITests-Runner.app/PlugIns/FamilienplanerUITests.xctest/FamilienplanerUITests normal (in target 'FamilienplanerUITests' from project 'Familienplaner')
    cd /Users/runner/work/familienplaner/familienplaner
    /Applications/Xcode_26.6.app/Contents/Developer/Toolchains/XcodeDefault.xctoolchain/usr/bin/clang -Xlinker -reproducible -target arm64-apple-ios26.0-simulator -bundle -isysroot /Applications/Xcode_26.6.app/Contents/Developer/Platforms/iPhoneSimulator.platform/Developer/SDKs/iPhoneSimulator26.5.sdk -O0 -L/Users/runner/Library/Developer/Xcode/DerivedData/Familienplaner-dmcrrzfthkjbwogvslwbznxtcpok/Build/Intermediates.noindex/EagerLinkingTBDs/Debug-iphonesimulator -L/Users/runner/Library/Developer/Xcode/DerivedData/Familienplaner-dmcrrzfthkjbwogvslwbznxtcpok/Build/Products/Debug-iphonesimulator -L/Applications/Xcode_26.6.app/Contents/Developer/Platforms/iPhoneSimulator.platform/Developer/usr/lib -F/Users/runner/Library/Developer/Xcode/DerivedData/Familienplaner-dmcrrzfthkjbwogvslwbznxtcpok/Build/Intermediates.noindex/EagerLinkingTBDs/Debug-iphonesimulator -F/Users/runner/Library/Developer/Xcode/DerivedData/Familienplaner-dmcrrzfthkjbwogvslwbznxtcpok/Build/Products/Debug-iphonesimulator -iframework /Applications/Xcode_26.6.app/Contents/Developer/Platforms/iPhoneSimulator.platform/Developer/Library/Frameworks -iframework /Applications/Xcode_26.6.app/Contents/Developer/Platforms/iPhoneSimulator.platform/Developer/SDKs/iPhoneSimulator26.5.sdk/Developer/Library/Frameworks -filelist /Users/runner/Library/Developer/Xcode/DerivedData/Familienplaner-dmcrrzfthkjbwogvslwbznxtcpok/Build/Intermediates.noindex/Familienplaner.build/Debug-iphonesimulator/FamilienplanerUITests.build/Objects-normal/arm64/FamilienplanerUITests.LinkFileList -Xlinker -rpath -Xlinker @loader_path/Frameworks -Xlinker -rpath -Xlinker @executable_path/Frameworks -Xlinker -dead_strip -Xlinker -object_path_lto -Xlinker /Users/runner/Library/Developer/Xcode/DerivedData/Familienplaner-dmcrrzfthkjbwogvslwbznxtcpok/Build/Intermediates.noindex/Familienplaner.build/Debug-iphonesimulator/FamilienplanerUITests.build/Objects-normal/arm64/FamilienplanerUITests_lto.o -rdynamic -Xlinker -no_deduplicate -Xlinker -objc_abi_version -Xlinker 2 -Xlinker -debug_variant -Xlinker -dependency_info -Xlinker /Users/runner/Library/Developer/Xcode/DerivedData/Familienplaner-dmcrrzfthkjbwogvslwbznxtcpok/Build/Intermediates.noindex/Familienplaner.build/Debug-iphonesimulator/FamilienplanerUITests.build/Objects-normal/arm64/FamilienplanerUITests_dependency_info.dat -fobjc-link-runtime -fprofile-instr-generate -L/Applications/Xcode_26.6.app/Contents/Developer/Toolchains/XcodeDefault.xctoolchain/usr/lib/swift/iphonesimulator -L/usr/lib/swift -Xlinker -add_ast_path -Xlinker /Users/runner/Library/Developer/Xcode/DerivedData/Familienplaner-dmcrrzfthkjbwogvslwbznxtcpok/Build/Intermediates.noindex/Familienplaner.build/Debug-iphonesimulator/FamilienplanerUITests.build/Objects-normal/arm64/FamilienplanerUITests.swiftmodule @/Users/runner/Library/Developer/Xcode/DerivedData/Familienplaner-dmcrrzfthkjbwogvslwbznxtcpok/Build/Intermediates.noindex/Familienplaner.build/Debug-iphonesimulator/FamilienplanerUITests.build/Objects-normal/arm64/FamilienplanerUITests-linker-args.resp -Xlinker -needed_framework -Xlinker XCTest -framework XCTest -Xlinker -needed-lXCTestSwiftSupport -lXCTestSwiftSupport -o /Users/runner/Library/Developer/Xcode/DerivedData/Familienplaner-dmcrrzfthkjbwogvslwbznxtcpok/Build/Products/Debug-iphonesimulator/FamilienplanerUITests-Runner.app/PlugIns/FamilienplanerUITests.xctest/FamilienplanerUITests

ExtractAppIntentsMetadata (in target 'FamilienplanerUITests' from project 'Familienplaner')
    cd /Users/runner/work/familienplaner/familienplaner
    /Applications/Xcode_26.6.app/Contents/Developer/Toolchains/XcodeDefault.xctoolchain/usr/bin/appintentsmetadataprocessor --toolchain-dir /var/run/com.apple.security.cryptexd/mnt/com.apple.MobileAsset.MetalToolchain-v17.6.109.0.o5pn4K/Metal.xctoolchain --module-name FamilienplanerUITests --sdk-root /Applications/Xcode_26.6.app/Contents/Developer/Platforms/iPhoneSimulator.platform/Developer/SDKs/iPhoneSimulator26.5.sdk --xcode-version 17F113 --platform-family iOS --deployment-target 26.0 --bundle-identifier de.barg.familienplaner.uitests --output /Users/runner/Library/Developer/Xcode/DerivedData/Familienplaner-dmcrrzfthkjbwogvslwbznxtcpok/Build/Products/Debug-iphonesimulator/FamilienplanerUITests-Runner.app/PlugIns/FamilienplanerUITests.xctest --target-triple arm64-apple-ios26.0-simulator --binary-file /Users/runner/Library/Developer/Xcode/DerivedData/Familienplaner-dmcrrzfthkjbwogvslwbznxtcpok/Build/Products/Debug-iphonesimulator/FamilienplanerUITests-Runner.app/PlugIns/FamilienplanerUITests.xctest/FamilienplanerUITests --dependency-file /Users/runner/Library/Developer/Xcode/DerivedData/Familienplaner-dmcrrzfthkjbwogvslwbznxtcpok/Build/Intermediates.noindex/Familienplaner.build/Debug-iphonesimulator/FamilienplanerUITests.build/Objects-normal/arm64/FamilienplanerUITests_dependency_info.dat --stringsdata-file /Users/runner/Library/Developer/Xcode/DerivedData/Familienplaner-dmcrrzfthkjbwogvslwbznxtcpok/Build/Intermediates.noindex/Familienplaner.build/Debug-iphonesimulator/FamilienplanerUITests.build/Objects-normal/arm64/ExtractedAppShortcutsMetadata.stringsdata --source-file-list /Users/runner/Library/Developer/Xcode/DerivedData/Familienplaner-dmcrrzfthkjbwogvslwbznxtcpok/Build/Intermediates.noindex/Familienplaner.build/Debug-iphonesimulator/FamilienplanerUITests.build/Objects-normal/arm64/FamilienplanerUITests.SwiftFileList --metadata-file-list /Users/runner/Library/Developer/Xcode/DerivedData/Familienplaner-dmcrrzfthkjbwogvslwbznxtcpok/Build/Intermediates.noindex/Familienplaner.build/Debug-iphonesimulator/FamilienplanerUITests.build/FamilienplanerUITests.DependencyMetadataFileList --static-metadata-file-list /Users/runner/Library/Developer/Xcode/DerivedData/Familienplaner-dmcrrzfthkjbwogvslwbznxtcpok/Build/Intermediates.noindex/Familienplaner.build/Debug-iphonesimulator/FamilienplanerUITests.build/FamilienplanerUITests.DependencyStaticMetadataFileList --swift-const-vals-list /Users/runner/Library/Developer/Xcode/DerivedData/Familienplaner-dmcrrzfthkjbwogvslwbznxtcpok/Build/Intermediates.noindex/Familienplaner.build/Debug-iphonesimulator/FamilienplanerUITests.build/Objects-normal/arm64/FamilienplanerUITests.SwiftConstValuesFileList --compile-time-extraction --deployment-aware-processing --validate-assistant-intents --no-app-shortcuts-localization
2026-10-10 07:33:10.842 appintentsmetadataprocessor[18843:56859] Starting appintentsmetadataprocessor export
2026-10-10 07:33:10.847 appintentsmetadataprocessor[18843:56859] warning: Metadata extraction skipped. No AppIntents.framework dependency found.

CopySwiftLibs /Users/runner/Library/Developer/Xcode/DerivedData/Familienplaner-dmcrrzfthkjbwogvslwbznxtcpok/Build/Products/Debug-iphonesimulator/FamilienplanerUITests-Runner.app/PlugIns/FamilienplanerUITests.xctest (in target 'FamilienplanerUITests' from project 'Familienplaner')
    cd /Users/runner/work/familienplaner/familienplaner
    builtin-swiftStdLibTool --copy --verbose --scan-executable /Users/runner/Library/Developer/Xcode/DerivedData/Familienplaner-dmcrrzfthkjbwogvslwbznxtcpok/Build/Products/Debug-iphonesimulator/FamilienplanerUITests-Runner.app/PlugIns/FamilienplanerUITests.xctest/FamilienplanerUITests --scan-folder /Users/runner/Library/Developer/Xcode/DerivedData/Familienplaner-dmcrrzfthkjbwogvslwbznxtcpok/Build/Products/Debug-iphonesimulator/FamilienplanerUITests-Runner.app/PlugIns/FamilienplanerUITests.xctest/Frameworks --scan-folder /Users/runner/Library/Developer/Xcode/DerivedData/Familienplaner-dmcrrzfthkjbwogvslwbznxtcpok/Build/Products/Debug-iphonesimulator/FamilienplanerUITests-Runner.app/PlugIns/FamilienplanerUITests.xctest/PlugIns --scan-folder /Users/runner/Library/Developer/Xcode/DerivedData/Familienplaner-dmcrrzfthkjbwogvslwbznxtcpok/Build/Products/Debug-iphonesimulator/FamilienplanerUITests-Runner.app/PlugIns/FamilienplanerUITests.xctest/SystemExtensions --scan-folder /Users/runner/Library/Developer/Xcode/DerivedData/Familienplaner-dmcrrzfthkjbwogvslwbznxtcpok/Build/Products/Debug-iphonesimulator/FamilienplanerUITests-Runner.app/PlugIns/FamilienplanerUITests.xctest/Extensions --platform iphonesimulator --toolchain /var/run/com.apple.security.cryptexd/mnt/com.apple.MobileAsset.MetalToolchain-v17.6.109.0.o5pn4K/Metal.xctoolchain --toolchain /Applications/Xcode_26.6.app/Contents/Developer/Toolchains/XcodeDefault.xctoolchain --destination /Users/runner/Library/Developer/Xcode/DerivedData/Familienplaner-dmcrrzfthkjbwogvslwbznxtcpok/Build/Products/Debug-iphonesimulator/FamilienplanerUITests-Runner.app/PlugIns/FamilienplanerUITests.xctest/Frameworks --strip-bitcode --scan-executable /Applications/Xcode_26.6.app/Contents/Developer/Platforms/iPhoneSimulator.platform/Developer/usr/lib/libXCTestSwiftSupport.dylib --strip-bitcode-tool /Applications/Xcode_26.6.app/Contents/Developer/Toolchains/XcodeDefault.xctoolchain/usr/bin/bitcode_strip --emit-dependency-info /Users/runner/Library/Developer/Xcode/DerivedData/Familienplaner-dmcrrzfthkjbwogvslwbznxtcpok/Build/Intermediates.noindex/Familienplaner.build/Debug-iphonesimulator/FamilienplanerUITests.build/SwiftStdLibToolInputDependencies.dep --filter-for-swift-os
Ignoring --strip-bitcode because --sign was not passed

AppIntentsSSUTraining (in target 'FamilienplanerUITests' from project 'Familienplaner')
    cd /Users/runner/work/familienplaner/familienplaner
    /Applications/Xcode_26.6.app/Contents/Developer/Toolchains/XcodeDefault.xctoolchain/usr/bin/appintentsnltrainingprocessor --infoplist-path /Users/runner/Library/Developer/Xcode/DerivedData/Familienplaner-dmcrrzfthkjbwogvslwbznxtcpok/Build/Products/Debug-iphonesimulator/FamilienplanerUITests-Runner.app/PlugIns/FamilienplanerUITests.xctest/Info.plist --temp-dir-path /Users/runner/Library/Developer/Xcode/DerivedData/Familienplaner-dmcrrzfthkjbwogvslwbznxtcpok/Build/Intermediates.noindex/Familienplaner.build/Debug-iphonesimulator/FamilienplanerUITests.build/ssu --bundle-id de.barg.familienplaner.uitests --product-path /Users/runner/Library/Developer/Xcode/DerivedData/Familienplaner-dmcrrzfthkjbwogvslwbznxtcpok/Build/Products/Debug-iphonesimulator/FamilienplanerUITests-Runner.app/PlugIns/FamilienplanerUITests.xctest --extracted-metadata-path /Users/runner/Library/Developer/Xcode/DerivedData/Familienplaner-dmcrrzfthkjbwogvslwbznxtcpok/Build/Products/Debug-iphonesimulator/FamilienplanerUITests-Runner.app/PlugIns/FamilienplanerUITests.xctest/Metadata.appintents --metadata-file-list /Users/runner/Library/Developer/Xcode/DerivedData/Familienplaner-dmcrrzfthkjbwogvslwbznxtcpok/Build/Intermediates.noindex/Familienplaner.build/Debug-iphonesimulator/FamilienplanerUITests.build/FamilienplanerUITests.DependencyMetadataFileList --source-file /Users/runner/Library/Developer/Xcode/DerivedData/Familienplaner-dmcrrzfthkjbwogvslwbznxtcpok/Build/Products/Debug-iphonesimulator/FamilienplanerUITests-Runner.app/PlugIns/FamilienplanerUITests.xctest/Info.plist --archive-ssu-assets
2026-10-10 07:33:10.886 appintentsnltrainingprocessor[18844:56860] Parsing options for appintentsnltrainingprocessor
2026-10-10 07:33:10.888 appintentsnltrainingprocessor[18844:56860] Starting AppIntents SSU YAML Generation
2026-10-10 07:33:10.888 appintentsnltrainingprocessor[18844:56860] No AppShortcuts found - Skipping.

MkDir /Users/runner/Library/Developer/Xcode/DerivedData/Familienplaner-dmcrrzfthkjbwogvslwbznxtcpok/Build/Products/Debug-iphonesimulator/FamilienplanerUITests-Runner.app (in target 'FamilienplanerUITests' from project 'Familienplaner')
    cd /Users/runner/work/familienplaner/familienplaner
    /bin/mkdir -p /Users/runner/Library/Developer/Xcode/DerivedData/Familienplaner-dmcrrzfthkjbwogvslwbznxtcpok/Build/Products/Debug-iphonesimulator/FamilienplanerUITests-Runner.app

CopyPlistFile /Users/runner/Library/Developer/Xcode/DerivedData/Familienplaner-dmcrrzfthkjbwogvslwbznxtcpok/Build/Products/Debug-iphonesimulator/FamilienplanerUITests-Runner.app/Info.plist /Applications/Xcode_26.6.app/Contents/Developer/Platforms/iPhoneSimulator.platform/Developer/Library/Xcode/Agents/XCTRunner.app/Info.plist (in target 'FamilienplanerUITests' from project 'Familienplaner')
    cd /Users/runner/work/familienplaner/familienplaner
    builtin-copyPlist --validate --convert xml1 --macro-expansion WRAPPEDPRODUCTNAME FamilienplanerUITests-Runner --macro-expansion WRAPPEDPRODUCTBUNDLEIDENTIFIER de.barg.familienplaner.uitests.xctrunner --macro-expansion TESTPRODUCTNAME FamilienplanerUITests --macro-expansion TESTPRODUCTBUNDLEIDENTIFIER de.barg.familienplaner.uitests --copy-value UIDeviceFamily /Users/runner/Library/Developer/Xcode/DerivedData/Familienplaner-dmcrrzfthkjbwogvslwbznxtcpok/Build/Products/Debug-iphonesimulator/FamilienplanerUITests-Runner.app/PlugIns/FamilienplanerUITests.xctest/Info.plist --outdir /Users/runner/Library/Developer/Xcode/DerivedData/Familienplaner-dmcrrzfthkjbwogvslwbznxtcpok/Build/Products/Debug-iphonesimulator/FamilienplanerUITests-Runner.app -- /Applications/Xcode_26.6.app/Contents/Developer/Platforms/iPhoneSimulator.platform/Developer/Library/Xcode/Agents/XCTRunner.app/Info.plist

CopyAndPreserveArchs /Users/runner/Library/Developer/Xcode/DerivedData/Familienplaner-dmcrrzfthkjbwogvslwbznxtcpok/Build/Products/Debug-iphonesimulator/FamilienplanerUITests-Runner.app/FamilienplanerUITests-Runner (in target 'FamilienplanerUITests' from project 'Familienplaner')
    cd /Users/runner/work/familienplaner/familienplaner
    /Applications/Xcode_26.6.app/Contents/Developer/Toolchains/XcodeDefault.xctoolchain/usr/bin/lipo /Applications/Xcode_26.6.app/Contents/Developer/Platforms/iPhoneSimulator.platform/Developer/Library/Xcode/Agents/XCTRunner.app/XCTRunner -output /Users/runner/Library/Developer/Xcode/DerivedData/Familienplaner-dmcrrzfthkjbwogvslwbznxtcpok/Build/Products/Debug-iphonesimulator/FamilienplanerUITests-Runner.app/FamilienplanerUITests-Runner -extract arm64

Copy /Users/runner/Library/Developer/Xcode/DerivedData/Familienplaner-dmcrrzfthkjbwogvslwbznxtcpok/Build/Products/Debug-iphonesimulator/FamilienplanerUITests-Runner.app/PkgInfo /Applications/Xcode_26.6.app/Contents/Developer/Platforms/iPhoneSimulator.platform/Developer/Library/Xcode/Agents/XCTRunner.app/PkgInfo (in target 'FamilienplanerUITests' from project 'Familienplaner')
    cd /Users/runner/work/familienplaner/familienplaner
    builtin-copy -exclude .DS_Store -exclude CVS -exclude .svn -exclude .git -exclude .hg -resolve-src-symlinks /Applications/Xcode_26.6.app/Contents/Developer/Platforms/iPhoneSimulator.platform/Developer/Library/Xcode/Agents/XCTRunner.app/PkgInfo /Users/runner/Library/Developer/Xcode/DerivedData/Familienplaner-dmcrrzfthkjbwogvslwbznxtcpok/Build/Products/Debug-iphonesimulator/FamilienplanerUITests-Runner.app

Copy /Users/runner/Library/Developer/Xcode/DerivedData/Familienplaner-dmcrrzfthkjbwogvslwbznxtcpok/Build/Products/Debug-iphonesimulator/FamilienplanerUITests-Runner.app/Frameworks/libXCTestSwiftSupport.dylib /Applications/Xcode_26.6.app/Contents/Developer/Platforms/iPhoneSimulator.platform/Developer/usr/lib/libXCTestSwiftSupport.dylib (in target 'FamilienplanerUITests' from project 'Familienplaner')
    cd /Users/runner/work/familienplaner/familienplaner
    builtin-copy -exclude .DS_Store -exclude CVS -exclude .svn -exclude .git -exclude .hg -exclude Headers -exclude PrivateHeaders -exclude Modules -exclude \*.tbd -resolve-src-symlinks /Applications/Xcode_26.6.app/Contents/Developer/Platforms/iPhoneSimulator.platform/Developer/usr/lib/libXCTestSwiftSupport.dylib /Users/runner/Library/Developer/Xcode/DerivedData/Familienplaner-dmcrrzfthkjbwogvslwbznxtcpok/Build/Products/Debug-iphonesimulator/FamilienplanerUITests-Runner.app/Frameworks

Copy /Users/runner/Library/Developer/Xcode/DerivedData/Familienplaner-dmcrrzfthkjbwogvslwbznxtcpok/Build/Products/Debug-iphonesimulator/FamilienplanerUITests-Runner.app/Frameworks/XCUnit.framework /Applications/Xcode_26.6.app/Contents/Developer/Platforms/iPhoneSimulator.platform/Developer/Library/PrivateFrameworks/XCUnit.framework (in target 'FamilienplanerUITests' from project 'Familienplaner')
    cd /Users/runner/work/familienplaner/familienplaner
    builtin-copy -exclude .DS_Store -exclude CVS -exclude .svn -exclude .git -exclude .hg -exclude Headers -exclude PrivateHeaders -exclude Modules -exclude \*.tbd -resolve-src-symlinks /Applications/Xcode_26.6.app/Contents/Developer/Platforms/iPhoneSimulator.platform/Developer/Library/PrivateFrameworks/XCUnit.framework /Users/runner/Library/Developer/Xcode/DerivedData/Familienplaner-dmcrrzfthkjbwogvslwbznxtcpok/Build/Products/Debug-iphonesimulator/FamilienplanerUITests-Runner.app/Frameworks

Copy /Users/runner/Library/Developer/Xcode/DerivedData/Familienplaner-dmcrrzfthkjbwogvslwbznxtcpok/Build/Products/Debug-iphonesimulator/FamilienplanerUITests-Runner.app/Frameworks/XCUIAutomation.framework /Applications/Xcode_26.6.app/Contents/Developer/Platforms/iPhoneSimulator.platform/Developer/Library/Frameworks/XCUIAutomation.framework (in target 'FamilienplanerUITests' from project 'Familienplaner')
    cd /Users/runner/work/familienplaner/familienplaner
    builtin-copy -exclude .DS_Store -exclude CVS -exclude .svn -exclude .git -exclude .hg -exclude Headers -exclude PrivateHeaders -exclude Modules -exclude \*.tbd -resolve-src-symlinks /Applications/Xcode_26.6.app/Contents/Developer/Platforms/iPhoneSimulator.platform/Developer/Library/Frameworks/XCUIAutomation.framework /Users/runner/Library/Developer/Xcode/DerivedData/Familienplaner-dmcrrzfthkjbwogvslwbznxtcpok/Build/Products/Debug-iphonesimulator/FamilienplanerUITests-Runner.app/Frameworks

Copy /Users/runner/Library/Developer/Xcode/DerivedData/Familienplaner-dmcrrzfthkjbwogvslwbznxtcpok/Build/Products/Debug-iphonesimulator/FamilienplanerUITests-Runner.app/Frameworks/XCTestSupport.framework /Applications/Xcode_26.6.app/Contents/Developer/Platforms/iPhoneSimulator.platform/Developer/Library/PrivateFrameworks/XCTestSupport.framework (in target 'FamilienplanerUITests' from project 'Familienplaner')
    cd /Users/runner/work/familienplaner/familienplaner
    builtin-copy -exclude .DS_Store -exclude CVS -exclude .svn -exclude .git -exclude .hg -exclude Headers -exclude PrivateHeaders -exclude Modules -exclude \*.tbd -resolve-src-symlinks /Applications/Xcode_26.6.app/Contents/Developer/Platforms/iPhoneSimulator.platform/Developer/Library/PrivateFrameworks/XCTestSupport.framework /Users/runner/Library/Developer/Xcode/DerivedData/Familienplaner-dmcrrzfthkjbwogvslwbznxtcpok/Build/Products/Debug-iphonesimulator/FamilienplanerUITests-Runner.app/Frameworks

Copy /Users/runner/Library/Developer/Xcode/DerivedData/Familienplaner-dmcrrzfthkjbwogvslwbznxtcpok/Build/Products/Debug-iphonesimulator/FamilienplanerUITests-Runner.app/Frameworks/XCTestCore.framework /Applications/Xcode_26.6.app/Contents/Developer/Platforms/iPhoneSimulator.platform/Developer/Library/PrivateFrameworks/XCTestCore.framework (in target 'FamilienplanerUITests' from project 'Familienplaner')
    cd /Users/runner/work/familienplaner/familienplaner
    builtin-copy -exclude .DS_Store -exclude CVS -exclude .svn -exclude .git -exclude .hg -exclude Headers -exclude PrivateHeaders -exclude Modules -exclude \*.tbd -resolve-src-symlinks /Applications/Xcode_26.6.app/Contents/Developer/Platforms/iPhoneSimulator.platform/Developer/Library/PrivateFrameworks/XCTestCore.framework /Users/runner/Library/Developer/Xcode/DerivedData/Familienplaner-dmcrrzfthkjbwogvslwbznxtcpok/Build/Products/Debug-iphonesimulator/FamilienplanerUITests-Runner.app/Frameworks

Copy /Users/runner/Library/Developer/Xcode/DerivedData/Familienplaner-dmcrrzfthkjbwogvslwbznxtcpok/Build/Products/Debug-iphonesimulator/FamilienplanerUITests-Runner.app/Frameworks/XCTest.framework /Applications/Xcode_26.6.app/Contents/Developer/Platforms/iPhoneSimulator.platform/Developer/Library/Frameworks/XCTest.framework (in target 'FamilienplanerUITests' from project 'Familienplaner')
    cd /Users/runner/work/familienplaner/familienplaner
    builtin-copy -exclude .DS_Store -exclude CVS -exclude .svn -exclude .git -exclude .hg -exclude Headers -exclude PrivateHeaders -exclude Modules -exclude \*.tbd -resolve-src-symlinks /Applications/Xcode_26.6.app/Contents/Developer/Platforms/iPhoneSimulator.platform/Developer/Library/Frameworks/XCTest.framework /Users/runner/Library/Developer/Xcode/DerivedData/Familienplaner-dmcrrzfthkjbwogvslwbznxtcpok/Build/Products/Debug-iphonesimulator/FamilienplanerUITests-Runner.app/Frameworks

Copy /Users/runner/Library/Developer/Xcode/DerivedData/Familienplaner-dmcrrzfthkjbwogvslwbznxtcpok/Build/Products/Debug-iphonesimulator/FamilienplanerUITests-Runner.app/Frameworks/XCTAutomationSupport.framework /Applications/Xcode_26.6.app/Contents/Developer/Platforms/iPhoneSimulator.platform/Developer/Library/PrivateFrameworks/XCTAutomationSupport.framework (in target 'FamilienplanerUITests' from project 'Familienplaner')
    cd /Users/runner/work/familienplaner/familienplaner
    builtin-copy -exclude .DS_Store -exclude CVS -exclude .svn -exclude .git -exclude .hg -exclude Headers -exclude PrivateHeaders -exclude Modules -exclude \*.tbd -resolve-src-symlinks /Applications/Xcode_26.6.app/Contents/Developer/Platforms/iPhoneSimulator.platform/Developer/Library/PrivateFrameworks/XCTAutomationSupport.framework /Users/runner/Library/Developer/Xcode/DerivedData/Familienplaner-dmcrrzfthkjbwogvslwbznxtcpok/Build/Products/Debug-iphonesimulator/FamilienplanerUITests-Runner.app/Frameworks

Copy /Users/runner/Library/Developer/Xcode/DerivedData/Familienplaner-dmcrrzfthkjbwogvslwbznxtcpok/Build/Products/Debug-iphonesimulator/FamilienplanerUITests-Runner.app/Frameworks/Testing.framework /Applications/Xcode_26.6.app/Contents/Developer/Platforms/iPhoneSimulator.platform/Developer/Library/Frameworks/Testing.framework (in target 'FamilienplanerUITests' from project 'Familienplaner')
    cd /Users/runner/work/familienplaner/familienplaner
    builtin-copy -exclude .DS_Store -exclude CVS -exclude .svn -exclude .git -exclude .hg -exclude Headers -exclude PrivateHeaders -exclude Modules -exclude \*.tbd -resolve-src-symlinks /Applications/Xcode_26.6.app/Contents/Developer/Platforms/iPhoneSimulator.platform/Developer/Library/Frameworks/Testing.framework /Users/runner/Library/Developer/Xcode/DerivedData/Familienplaner-dmcrrzfthkjbwogvslwbznxtcpok/Build/Products/Debug-iphonesimulator/FamilienplanerUITests-Runner.app/Frameworks

RegisterExecutionPolicyException /Users/runner/Library/Developer/Xcode/DerivedData/Familienplaner-dmcrrzfthkjbwogvslwbznxtcpok/Build/Products/Debug-iphonesimulator/FamilienplanerUITests-Runner.app/PlugIns/FamilienplanerUITests.xctest (in target 'FamilienplanerUITests' from project 'Familienplaner')
    cd /Users/runner/work/familienplaner/familienplaner
    builtin-RegisterExecutionPolicyException /Users/runner/Library/Developer/Xcode/DerivedData/Familienplaner-dmcrrzfthkjbwogvslwbznxtcpok/Build/Products/Debug-iphonesimulator/FamilienplanerUITests-Runner.app/PlugIns/FamilienplanerUITests.xctest

Touch /Users/runner/Library/Developer/Xcode/DerivedData/Familienplaner-dmcrrzfthkjbwogvslwbznxtcpok/Build/Products/Debug-iphonesimulator/FamilienplanerUITests-Runner.app/PlugIns/FamilienplanerUITests.xctest (in target 'FamilienplanerUITests' from project 'Familienplaner')
    cd /Users/runner/work/familienplaner/familienplaner
    /usr/bin/touch -c /Users/runner/Library/Developer/Xcode/DerivedData/Familienplaner-dmcrrzfthkjbwogvslwbznxtcpok/Build/Products/Debug-iphonesimulator/FamilienplanerUITests-Runner.app/PlugIns/FamilienplanerUITests.xctest

2026-10-10 07:33:37.095254+0000 FamilienplanerUITests-Runner[20047:59983] [Default] Running tests...
objc[20047]: Class UIAccessibilityLoaderWebShared is implemented in both /Library/Developer/CoreSimulator/Volumes/iOS_23F77/Library/Developer/CoreSimulator/Profiles/Runtimes/iOS 26.5.simruntime/Contents/Resources/RuntimeRoot/System/Library/AccessibilityBundles/WebCore.axbundle/WebCore (0x107c10310) and /Library/Developer/CoreSimulator/Volumes/iOS_23F77/Library/Developer/CoreSimulator/Profiles/Runtimes/iOS 26.5.simruntime/Contents/Resources/RuntimeRoot/System/Library/AccessibilityBundles/WebKit.axbundle/WebKit (0x106f98398). This may cause spurious casting failures and mysterious crashes. One of the duplicates must be removed or renamed.
    t =      nans Interface orientation changed to Portrait
Test Suite 'Selected tests' started at 2026-10-10 07:33:42.071.
Test Suite 'FamilienplanerUITests.xctest' started at 2026-10-10 07:33:42.071.
Test Suite 'ScreenshotTests' started at 2026-10-10 07:33:42.072.
Test Case '-[FamilienplanerUITests.ScreenshotTests testAppStoreScreenshots]' started.
    t =     0.00s Start Test at 2026-10-10 07:33:42.073
    t =     1.01s Set Up
    t =     1.02s Open de.barg.familienplaner
    t =     1.02s     Launch de.barg.familienplaner
2026-10-10 07:33:43.984 xcodebuild[14091:43126] [MT] IDELaunchParametersSnapshot: The operation couldn’t be completed. (DebuggerLLDB.DebuggerVersionStore.StoreError error 0.)
2026-10-10 07:33:43.984 xcodebuild[14091:43126] [MT] IDELaunchParametersSnapshot: no debugger version
    t =    11.69s         Setting up automation session
    t =    12.99s         Wait for de.barg.familienplaner to idle
    t =    16.22s Waiting 15.0s for "toolbar.family" Any to exist
    t =    17.25s     Checking `Expect predicate `existsNoRetry == 1` for object "toolbar.family" Any`
    t =    17.25s         Checking existence of `"toolbar.family" Any`
    t =    19.24s Added attachment named '01-Tag'
    t =    19.24s Waiting 5.0s for "event.Schwimmkurs" Any to exist
    t =    20.28s     Checking `Expect predicate `existsNoRetry == 1` for object "event.Schwimmkurs" Any`
    t =    20.28s         Checking existence of `"event.Schwimmkurs" Any`
    t =    20.58s Tap "event.Schwimmkurs" Any
    t =    20.58s     Wait for de.barg.familienplaner to idle
    t =    20.58s     Find the "event.Schwimmkurs" Any
    t =    20.85s     Check for interrupting elements affecting "event.Schwimmkurs" Button
    t =    21.00s     Synthesize event
    t =    21.43s     Wait for de.barg.familienplaner to idle
    t =    21.72s Waiting 5.0s for "detail.done" Any to exist
    t =    22.73s     Checking `Expect predicate `existsNoRetry == 1` for object "detail.done" Any`
    t =    22.73s         Checking existence of `"detail.done" Any`
    t =    24.18s Added attachment named '02-Termin'
    t =    24.18s Tap "detail.done" Any
    t =    24.18s     Wait for de.barg.familienplaner to idle
    t =    24.19s     Find the "detail.done" Any
    t =    24.43s     Check for interrupting elements affecting "detail.done" Other
    t =    24.63s     Synthesize event
    t =    24.95s     Wait for de.barg.familienplaner to idle
    t =    25.72s Waiting 5.0s for "banner.open" Any to exist
    t =    26.75s     Checking `Expect predicate `existsNoRetry == 1` for object "banner.open" Any`
    t =    26.75s         Checking existence of `"banner.open" Any`
    t =    26.90s Tap "banner.open" Any
    t =    26.90s     Wait for de.barg.familienplaner to idle
    t =    26.91s     Find the "banner.open" Any
    t =    27.05s     Check for interrupting elements affecting "banner.open" Button
    t =    27.15s     Synthesize event
    t =    27.45s     Wait for de.barg.familienplaner to idle
    t =    27.96s Waiting 5.0s for "responsibilities.done" Any to exist
    t =    29.05s     Checking `Expect predicate `existsNoRetry == 1` for object "responsibilities.done" Any`
    t =    29.05s         Checking existence of `"responsibilities.done" Any`
    t =    30.39s Added attachment named '03-Wer-holt'
    t =    30.39s Tap "responsibilities.done" Any
    t =    30.39s     Wait for de.barg.familienplaner to idle
    t =    30.39s     Find the "responsibilities.done" Any
    t =    30.49s     Check for interrupting elements affecting "responsibilities.done" Other
    t =    30.61s     Synthesize event
    t =    30.91s     Wait for de.barg.familienplaner to idle
    t =    31.67s Waiting 5.0s for "view.menu" Any to exist
    t =    32.72s     Checking `Expect predicate `existsNoRetry == 1` for object "view.menu" Any`
    t =    32.72s         Checking existence of `"view.menu" Any`
    t =    32.90s Tap "view.menu" Any
    t =    32.90s     Wait for de.barg.familienplaner to idle
    t =    32.91s     Find the "view.menu" Any
    t =    33.05s     Check for interrupting elements affecting "view.menu" Button
    t =    33.14s     Synthesize event
    t =    33.45s     Wait for de.barg.familienplaner to idle
    t =    33.97s Waiting 5.0s for "Woche" Button to exist
    t =    35.02s     Checking `Expect predicate `existsNoRetry == 1` for object "Woche" Button`
    t =    35.02s         Checking existence of `"Woche" Button`
    t =    35.17s Tap "Woche" Button
    t =    35.17s     Wait for de.barg.familienplaner to idle
    t =    35.18s     Find the "Woche" Button
    t =    35.35s     Check for interrupting elements affecting "rectangle.split.3x1" Button
    t =    35.42s     Synthesize event
    t =    35.84s     Wait for de.barg.familienplaner to idle
    t =    38.48s Added attachment named '04-Woche'
    t =    38.48s Waiting 5.0s for "view.menu" Any to exist
    t =    39.50s     Checking `Expect predicate `existsNoRetry == 1` for object "view.menu" Any`
    t =    39.50s         Checking existence of `"view.menu" Any`
    t =    39.64s Tap "view.menu" Any
    t =    39.64s     Wait for de.barg.familienplaner to idle
    t =    39.65s     Find the "view.menu" Any
    t =    39.80s     Check for interrupting elements affecting "view.menu" Button
    t =    39.94s     Synthesize event
    t =    40.37s     Wait for de.barg.familienplaner to idle
    t =    41.46s Waiting 5.0s for "Monat" Button to exist
    t =    42.47s     Checking `Expect predicate `existsNoRetry == 1` for object "Monat" Button`
    t =    42.47s         Checking existence of `"Monat" Button`
    t =    42.71s Tap "Monat" Button
    t =    42.71s     Wait for de.barg.familienplaner to idle
    t =    42.71s     Find the "Monat" Button
    t =    42.80s     Check for interrupting elements affecting "calendar" Button
    t =    42.85s     Synthesize event
    t =    43.17s     Wait for de.barg.familienplaner to idle
    t =    45.86s Added attachment named '05-Monat'
    t =    45.86s Waiting 5.0s for "view.menu" Any to exist
    t =    46.89s     Checking `Expect predicate `existsNoRetry == 1` for object "view.menu" Any`
    t =    46.89s         Checking existence of `"view.menu" Any`
    t =    47.04s Tap "view.menu" Any
    t =    47.04s     Wait for de.barg.familienplaner to idle
    t =    47.04s     Find the "view.menu" Any
    t =    47.16s     Check for interrupting elements affecting "view.menu" Button
    t =    47.30s     Synthesize event
    t =    47.70s     Wait for de.barg.familienplaner to idle
    t =    48.85s Waiting 5.0s for "Tag" Button to exist
    t =    49.88s     Checking `Expect predicate `existsNoRetry == 1` for object "Tag" Button`
    t =    49.88s         Checking existence of `"Tag" Button`
    t =    49.94s Tap "Tag" Button
    t =    49.94s     Wait for de.barg.familienplaner to idle
    t =    49.94s     Find the "Tag" Button
    t =    50.00s     Check for interrupting elements affecting "calendar.day.timeline.left" Button
    t =    50.07s     Synthesize event
    t =    50.38s     Wait for de.barg.familienplaner to idle
    t =    51.87s Waiting 5.0s for "toolbar.free" Any to exist
    t =    52.93s     Checking `Expect predicate `existsNoRetry == 1` for object "toolbar.free" Any`
    t =    52.93s         Checking existence of `"toolbar.free" Any`
    t =    53.24s Tap "toolbar.free" Any
    t =    53.24s     Wait for de.barg.familienplaner to idle
    t =    53.24s     Find the "toolbar.free" Any
    t =    53.55s     Check for interrupting elements affecting "toolbar.free" Button
    t =    53.64s     Synthesize event
    t =    53.93s     Wait for de.barg.familienplaner to idle
    t =    54.93s Waiting 5.0s for "free.done" Any to exist
    t =    55.96s     Checking `Expect predicate `existsNoRetry == 1` for object "free.done" Any`
    t =    55.96s         Checking existence of `"free.done" Any`
    t =    57.24s Added attachment named '06-Freie-Zeit'
    t =    57.24s Tap "free.done" Any
    t =    57.24s     Wait for de.barg.familienplaner to idle
    t =    57.24s     Find the "free.done" Any
    t =    57.36s     Check for interrupting elements affecting "free.done" Other
    t =    57.72s     Synthesize event
    t =    58.03s     Wait for de.barg.familienplaner to idle
    t =    58.79s Tear Down
Test Case '-[FamilienplanerUITests.ScreenshotTests testAppStoreScreenshots]' passed (59.266 seconds).
Test Suite 'ScreenshotTests' passed at 2026-10-10 07:34:41.340.
	 Executed 1 test, with 0 failures (0 unexpected) in 59.266 (59.268) seconds
Test Suite 'FamilienplanerUITests.xctest' passed at 2026-10-10 07:34:41.340.
	 Executed 1 test, with 0 failures (0 unexpected) in 59.266 (59.269) seconds
Test Suite 'Selected tests' passed at 2026-10-10 07:34:41.341.
	 Executed 1 test, with 0 failures (0 unexpected) in 59.266 (59.270) seconds
2026-10-10 07:35:09.379 xcodebuild[14091:43126] [MT] IDETestOperationsObserverDebug: 118.075 elapsed -- Testing started completed.
2026-10-10 07:35:09.379 xcodebuild[14091:43126] [MT] IDETestOperationsObserverDebug: 0.000 sec, +0.000 sec -- start
2026-10-10 07:35:09.379 xcodebuild[14091:43126] [MT] IDETestOperationsObserverDebug: 118.075 sec, +118.075 sec -- end

Test session results, code coverage, and logs:
	/Users/runner/work/familienplaner/familienplaner/Shots.xcresult

** TEST SUCCEEDED **

Testing started
